solid OpenSCAD_Model
  facet normal -1 0 0
    outer loop
      vertex 123.9 201.541 -28.9264
      vertex 123.9 202.75 -27
      vertex 123.9 202.75 -31.75
    endloop
  endfacet
  facet normal -1 0 0
    outer loop
      vertex 123.9 202.75 -27
      vertex 123.9 201.541 -28.9264
      vertex 123.9 201.55 -28.75
    endloop
  endfacet
  facet normal -1 0 0
    outer loop
      vertex 123.9 202.75 -31.75
      vertex 123.9 201.515 -29.1012
      vertex 123.9 201.541 -28.9264
    endloop
  endfacet
  facet normal -1 0 0
    outer loop
      vertex 123.9 202.75 -31.75
      vertex 123.9 201.472 -29.2725
      vertex 123.9 201.515 -29.1012
    endloop
  endfacet
  facet normal -1 0 0
    outer loop
      vertex 123.9 202.75 -31.75
      vertex 123.9 201.413 -29.4388
      vertex 123.9 201.472 -29.2725
    endloop
  endfacet
  facet normal -1 0 0
    outer loop
      vertex 123.9 202.75 -31.75
      vertex 123.9 201.337 -29.5985
      vertex 123.9 201.413 -29.4388
    endloop
  endfacet
  facet normal -1 0 0
    outer loop
      vertex 123.9 202.75 -31.75
      vertex 123.9 201.247 -29.75
      vertex 123.9 201.337 -29.5985
    endloop
  endfacet
  facet normal -1 0 0
    outer loop
      vertex 123.9 202.75 -31.75
      vertex 123.9 201.141 -29.8919
      vertex 123.9 201.247 -29.75
    endloop
  endfacet
  facet normal -1 0 0
    outer loop
      vertex 123.9 202.75 -31.75
      vertex 123.9 201.023 -30.0228
      vertex 123.9 201.141 -29.8919
    endloop
  endfacet
  facet normal -1 0 0
    outer loop
      vertex 123.9 202.75 -31.75
      vertex 123.9 200.892 -30.1414
      vertex 123.9 201.023 -30.0228
    endloop
  endfacet
  facet normal -1 0 0
    outer loop
      vertex 123.9 202.75 -31.75
      vertex 123.9 200.75 -30.2466
      vertex 123.9 200.892 -30.1414
    endloop
  endfacet
  facet normal -1 0 0
    outer loop
      vertex 123.9 202.75 -31.75
      vertex 123.9 200.599 -30.3375
      vertex 123.9 200.75 -30.2466
    endloop
  endfacet
  facet normal -1 0 0
    outer loop
      vertex 123.9 202.75 -31.75
      vertex 123.9 200.439 -30.413
      vertex 123.9 200.599 -30.3375
    endloop
  endfacet
  facet normal -1 0 0
    outer loop
      vertex 123.9 202.75 -31.75
      vertex 123.9 200.273 -30.4725
      vertex 123.9 200.439 -30.413
    endloop
  endfacet
  facet normal -1 0 0
    outer loop
      vertex 123.9 202.75 -31.75
      vertex 123.9 200.101 -30.5154
      vertex 123.9 200.273 -30.4725
    endloop
  endfacet
  facet normal -1 0 0
    outer loop
      vertex 123.9 202.75 -31.75
      vertex 123.9 199.926 -30.5413
      vertex 123.9 200.101 -30.5154
    endloop
  endfacet
  facet normal -1 0 0
    outer loop
      vertex 123.9 202.75 -31.75
      vertex 123.9 199.75 -30.55
      vertex 123.9 199.926 -30.5413
    endloop
  endfacet
  facet normal -1 0 0
    outer loop
      vertex 123.9 196.75 -31.75
      vertex 123.9 199.75 -30.55
      vertex 123.9 202.75 -31.75
    endloop
  endfacet
  facet normal -1 -0 0
    outer loop
      vertex 123.9 199.75 -30.55
      vertex 123.9 196.75 -31.75
      vertex 123.9 199.574 -30.5413
    endloop
  endfacet
  facet normal -1 -0 0
    outer loop
      vertex 123.9 199.574 -30.5413
      vertex 123.9 196.75 -31.75
      vertex 123.9 199.399 -30.5154
    endloop
  endfacet
  facet normal -1 -0 0
    outer loop
      vertex 123.9 199.399 -30.5154
      vertex 123.9 196.75 -31.75
      vertex 123.9 199.227 -30.4725
    endloop
  endfacet
  facet normal -1 0 0
    outer loop
      vertex 123.9 196.75 -27
      vertex 123.9 197.959 -28.9264
      vertex 123.9 196.75 -31.75
    endloop
  endfacet
  facet normal -1 -0 0
    outer loop
      vertex 123.9 197.985 -29.1012
      vertex 123.9 196.75 -31.75
      vertex 123.9 197.959 -28.9264
    endloop
  endfacet
  facet normal -1 -0 0
    outer loop
      vertex 123.9 198.028 -29.2725
      vertex 123.9 196.75 -31.75
      vertex 123.9 197.985 -29.1012
    endloop
  endfacet
  facet normal -1 -0 0
    outer loop
      vertex 123.9 198.087 -29.4388
      vertex 123.9 196.75 -31.75
      vertex 123.9 198.028 -29.2725
    endloop
  endfacet
  facet normal -1 -0 0
    outer loop
      vertex 123.9 198.163 -29.5985
      vertex 123.9 196.75 -31.75
      vertex 123.9 198.087 -29.4388
    endloop
  endfacet
  facet normal -1 -0 0
    outer loop
      vertex 123.9 198.253 -29.75
      vertex 123.9 196.75 -31.75
      vertex 123.9 198.163 -29.5985
    endloop
  endfacet
  facet normal -1 -0 0
    outer loop
      vertex 123.9 198.359 -29.8919
      vertex 123.9 196.75 -31.75
      vertex 123.9 198.253 -29.75
    endloop
  endfacet
  facet normal -1 -0 0
    outer loop
      vertex 123.9 198.477 -30.0228
      vertex 123.9 196.75 -31.75
      vertex 123.9 198.359 -29.8919
    endloop
  endfacet
  facet normal -1 -0 0
    outer loop
      vertex 123.9 198.608 -30.1414
      vertex 123.9 196.75 -31.75
      vertex 123.9 198.477 -30.0228
    endloop
  endfacet
  facet normal -1 -0 0
    outer loop
      vertex 123.9 198.75 -30.2466
      vertex 123.9 196.75 -31.75
      vertex 123.9 198.608 -30.1414
    endloop
  endfacet
  facet normal -1 -0 0
    outer loop
      vertex 123.9 198.901 -30.3375
      vertex 123.9 196.75 -31.75
      vertex 123.9 198.75 -30.2466
    endloop
  endfacet
  facet normal -1 -0 0
    outer loop
      vertex 123.9 199.061 -30.413
      vertex 123.9 196.75 -31.75
      vertex 123.9 198.901 -30.3375
    endloop
  endfacet
  facet normal -1 -0 0
    outer loop
      vertex 123.9 199.227 -30.4725
      vertex 123.9 196.75 -31.75
      vertex 123.9 199.061 -30.413
    endloop
  endfacet
  facet normal -1 0 0
    outer loop
      vertex 123.9 201.541 -28.5736
      vertex 123.9 202.75 -27
      vertex 123.9 201.55 -28.75
    endloop
  endfacet
  facet normal -1 0 0
    outer loop
      vertex 123.9 201.515 -28.3988
      vertex 123.9 202.75 -27
      vertex 123.9 201.541 -28.5736
    endloop
  endfacet
  facet normal -1 0 0
    outer loop
      vertex 123.9 201.472 -28.2275
      vertex 123.9 202.75 -27
      vertex 123.9 201.515 -28.3988
    endloop
  endfacet
  facet normal -1 0 0
    outer loop
      vertex 123.9 201.413 -28.0612
      vertex 123.9 202.75 -27
      vertex 123.9 201.472 -28.2275
    endloop
  endfacet
  facet normal -1 0 0
    outer loop
      vertex 123.9 201.337 -27.9015
      vertex 123.9 202.75 -27
      vertex 123.9 201.413 -28.0612
    endloop
  endfacet
  facet normal -1 0 0
    outer loop
      vertex 123.9 201.247 -27.75
      vertex 123.9 202.75 -27
      vertex 123.9 201.337 -27.9015
    endloop
  endfacet
  facet normal -1 0 0
    outer loop
      vertex 123.9 201.141 -27.6081
      vertex 123.9 202.75 -27
      vertex 123.9 201.247 -27.75
    endloop
  endfacet
  facet normal -1 0 0
    outer loop
      vertex 123.9 201.023 -27.4772
      vertex 123.9 202.75 -27
      vertex 123.9 201.141 -27.6081
    endloop
  endfacet
  facet normal -1 0 0
    outer loop
      vertex 123.9 200.892 -27.3586
      vertex 123.9 202.75 -27
      vertex 123.9 201.023 -27.4772
    endloop
  endfacet
  facet normal -1 0 0
    outer loop
      vertex 123.9 200.75 -27.2534
      vertex 123.9 202.75 -27
      vertex 123.9 200.892 -27.3586
    endloop
  endfacet
  facet normal -1 0 0
    outer loop
      vertex 123.9 200.599 -27.1625
      vertex 123.9 202.75 -27
      vertex 123.9 200.75 -27.2534
    endloop
  endfacet
  facet normal -1 0 0
    outer loop
      vertex 123.9 200.439 -27.087
      vertex 123.9 202.75 -27
      vertex 123.9 200.599 -27.1625
    endloop
  endfacet
  facet normal -1 0 0
    outer loop
      vertex 123.9 200.273 -27.0275
      vertex 123.9 202.75 -27
      vertex 123.9 200.439 -27.087
    endloop
  endfacet
  facet normal -1 -0 0
    outer loop
      vertex 123.9 202.75 -27
      vertex 123.9 200.273 -27.0275
      vertex 123.9 200.163 -27
    endloop
  endfacet
  facet normal -1 0 0
    outer loop
      vertex 123.9 197.959 -28.9264
      vertex 123.9 196.75 -27
      vertex 123.9 197.95 -28.75
    endloop
  endfacet
  facet normal -1 0 0
    outer loop
      vertex 123.9 197.95 -28.75
      vertex 123.9 196.75 -27
      vertex 123.9 197.959 -28.5736
    endloop
  endfacet
  facet normal -1 0 0
    outer loop
      vertex 123.9 197.959 -28.5736
      vertex 123.9 196.75 -27
      vertex 123.9 197.985 -28.3988
    endloop
  endfacet
  facet normal -1 0 0
    outer loop
      vertex 123.9 197.985 -28.3988
      vertex 123.9 196.75 -27
      vertex 123.9 198.028 -28.2275
    endloop
  endfacet
  facet normal -1 0 0
    outer loop
      vertex 123.9 199.227 -27.0275
      vertex 123.9 196.75 -27
      vertex 123.9 199.337 -27
    endloop
  endfacet
  facet normal -1 0 0
    outer loop
      vertex 123.9 199.061 -27.087
      vertex 123.9 196.75 -27
      vertex 123.9 199.227 -27.0275
    endloop
  endfacet
  facet normal -1 0 0
    outer loop
      vertex 123.9 198.901 -27.1625
      vertex 123.9 196.75 -27
      vertex 123.9 199.061 -27.087
    endloop
  endfacet
  facet normal -1 0 0
    outer loop
      vertex 123.9 198.75 -27.2534
      vertex 123.9 196.75 -27
      vertex 123.9 198.901 -27.1625
    endloop
  endfacet
  facet normal -1 0 0
    outer loop
      vertex 123.9 198.608 -27.3586
      vertex 123.9 196.75 -27
      vertex 123.9 198.75 -27.2534
    endloop
  endfacet
  facet normal -1 0 0
    outer loop
      vertex 123.9 198.477 -27.4772
      vertex 123.9 196.75 -27
      vertex 123.9 198.608 -27.3586
    endloop
  endfacet
  facet normal -1 0 0
    outer loop
      vertex 123.9 198.359 -27.6081
      vertex 123.9 196.75 -27
      vertex 123.9 198.477 -27.4772
    endloop
  endfacet
  facet normal -1 0 0
    outer loop
      vertex 123.9 198.253 -27.75
      vertex 123.9 196.75 -27
      vertex 123.9 198.359 -27.6081
    endloop
  endfacet
  facet normal -1 0 0
    outer loop
      vertex 123.9 198.163 -27.9015
      vertex 123.9 196.75 -27
      vertex 123.9 198.253 -27.75
    endloop
  endfacet
  facet normal -1 0 0
    outer loop
      vertex 123.9 198.087 -28.0612
      vertex 123.9 196.75 -27
      vertex 123.9 198.163 -27.9015
    endloop
  endfacet
  facet normal -1 0 0
    outer loop
      vertex 123.9 198.028 -28.2275
      vertex 123.9 196.75 -27
      vertex 123.9 198.087 -28.0612
    endloop
  endfacet
  facet normal 0 0 -1
    outer loop
      vertex 123.9 196.75 -31.75
      vertex 127.9 202.75 -31.75
      vertex 127.9 196.75 -31.75
    endloop
  endfacet
  facet normal -0 0 -1
    outer loop
      vertex 127.9 202.75 -31.75
      vertex 123.9 196.75 -31.75
      vertex 123.9 202.75 -31.75
    endloop
  endfacet
  facet normal 1 0 0
    outer loop
      vertex 127.9 197.959 -28.5736
      vertex 127.9 196.75 -27
      vertex 127.9 197.95 -28.75
    endloop
  endfacet
  facet normal 1 0 0
    outer loop
      vertex 127.9 197.985 -28.3988
      vertex 127.9 196.75 -27
      vertex 127.9 197.959 -28.5736
    endloop
  endfacet
  facet normal 1 0 0
    outer loop
      vertex 127.9 198.028 -28.2275
      vertex 127.9 196.75 -27
      vertex 127.9 197.985 -28.3988
    endloop
  endfacet
  facet normal 1 0 0
    outer loop
      vertex 127.9 198.087 -28.0612
      vertex 127.9 196.75 -27
      vertex 127.9 198.028 -28.2275
    endloop
  endfacet
  facet normal 1 0 0
    outer loop
      vertex 127.9 198.163 -27.9015
      vertex 127.9 196.75 -27
      vertex 127.9 198.087 -28.0612
    endloop
  endfacet
  facet normal 1 0 0
    outer loop
      vertex 127.9 198.253 -27.75
      vertex 127.9 196.75 -27
      vertex 127.9 198.163 -27.9015
    endloop
  endfacet
  facet normal 1 0 0
    outer loop
      vertex 127.9 198.359 -27.6081
      vertex 127.9 196.75 -27
      vertex 127.9 198.253 -27.75
    endloop
  endfacet
  facet normal 1 0 0
    outer loop
      vertex 127.9 198.477 -27.4772
      vertex 127.9 196.75 -27
      vertex 127.9 198.359 -27.6081
    endloop
  endfacet
  facet normal 1 0 0
    outer loop
      vertex 127.9 198.608 -27.3586
      vertex 127.9 196.75 -27
      vertex 127.9 198.477 -27.4772
    endloop
  endfacet
  facet normal 1 0 0
    outer loop
      vertex 127.9 198.75 -27.2534
      vertex 127.9 196.75 -27
      vertex 127.9 198.608 -27.3586
    endloop
  endfacet
  facet normal 1 0 0
    outer loop
      vertex 127.9 198.901 -27.1625
      vertex 127.9 196.75 -27
      vertex 127.9 198.75 -27.2534
    endloop
  endfacet
  facet normal 1 0 0
    outer loop
      vertex 127.9 199.061 -27.087
      vertex 127.9 196.75 -27
      vertex 127.9 198.901 -27.1625
    endloop
  endfacet
  facet normal 1 0 0
    outer loop
      vertex 127.9 199.227 -27.0275
      vertex 127.9 196.75 -27
      vertex 127.9 199.061 -27.087
    endloop
  endfacet
  facet normal 1 -0 0
    outer loop
      vertex 127.9 196.75 -27
      vertex 127.9 199.227 -27.0275
      vertex 127.9 199.337 -27
    endloop
  endfacet
  facet normal 1 0 0
    outer loop
      vertex 127.9 201.541 -28.9264
      vertex 127.9 202.75 -27
      vertex 127.9 201.55 -28.75
    endloop
  endfacet
  facet normal 1 0 0
    outer loop
      vertex 127.9 202.75 -27
      vertex 127.9 201.541 -28.5736
      vertex 127.9 201.55 -28.75
    endloop
  endfacet
  facet normal 1 0 0
    outer loop
      vertex 127.9 202.75 -27
      vertex 127.9 201.515 -28.3988
      vertex 127.9 201.541 -28.5736
    endloop
  endfacet
  facet normal 1 0 0
    outer loop
      vertex 127.9 202.75 -27
      vertex 127.9 201.472 -28.2275
      vertex 127.9 201.515 -28.3988
    endloop
  endfacet
  facet normal 1 0 0
    outer loop
      vertex 127.9 202.75 -27
      vertex 127.9 201.413 -28.0612
      vertex 127.9 201.472 -28.2275
    endloop
  endfacet
  facet normal 1 0 0
    outer loop
      vertex 127.9 202.75 -27
      vertex 127.9 201.337 -27.9015
      vertex 127.9 201.413 -28.0612
    endloop
  endfacet
  facet normal 1 0 0
    outer loop
      vertex 127.9 202.75 -27
      vertex 127.9 201.247 -27.75
      vertex 127.9 201.337 -27.9015
    endloop
  endfacet
  facet normal 1 0 0
    outer loop
      vertex 127.9 202.75 -27
      vertex 127.9 201.141 -27.6081
      vertex 127.9 201.247 -27.75
    endloop
  endfacet
  facet normal 1 0 0
    outer loop
      vertex 127.9 202.75 -27
      vertex 127.9 201.023 -27.4772
      vertex 127.9 201.141 -27.6081
    endloop
  endfacet
  facet normal 1 0 0
    outer loop
      vertex 127.9 202.75 -27
      vertex 127.9 200.892 -27.3586
      vertex 127.9 201.023 -27.4772
    endloop
  endfacet
  facet normal 1 0 0
    outer loop
      vertex 127.9 202.75 -27
      vertex 127.9 200.75 -27.2534
      vertex 127.9 200.892 -27.3586
    endloop
  endfacet
  facet normal 1 0 0
    outer loop
      vertex 127.9 202.75 -27
      vertex 127.9 200.599 -27.1625
      vertex 127.9 200.75 -27.2534
    endloop
  endfacet
  facet normal 1 0 0
    outer loop
      vertex 127.9 202.75 -27
      vertex 127.9 200.439 -27.087
      vertex 127.9 200.599 -27.1625
    endloop
  endfacet
  facet normal 1 0 0
    outer loop
      vertex 127.9 202.75 -27
      vertex 127.9 200.273 -27.0275
      vertex 127.9 200.439 -27.087
    endloop
  endfacet
  facet normal 1 0 -0
    outer loop
      vertex 127.9 200.273 -27.0275
      vertex 127.9 202.75 -27
      vertex 127.9 200.163 -27
    endloop
  endfacet
  facet normal 1 0 0
    outer loop
      vertex 127.9 202.75 -27
      vertex 127.9 201.541 -28.9264
      vertex 127.9 202.75 -31.75
    endloop
  endfacet
  facet normal 1 -0 0
    outer loop
      vertex 127.9 201.515 -29.1012
      vertex 127.9 202.75 -31.75
      vertex 127.9 201.541 -28.9264
    endloop
  endfacet
  facet normal 1 -0 0
    outer loop
      vertex 127.9 201.472 -29.2725
      vertex 127.9 202.75 -31.75
      vertex 127.9 201.515 -29.1012
    endloop
  endfacet
  facet normal 1 -0 0
    outer loop
      vertex 127.9 201.413 -29.4388
      vertex 127.9 202.75 -31.75
      vertex 127.9 201.472 -29.2725
    endloop
  endfacet
  facet normal 1 -0 0
    outer loop
      vertex 127.9 201.337 -29.5985
      vertex 127.9 202.75 -31.75
      vertex 127.9 201.413 -29.4388
    endloop
  endfacet
  facet normal 1 -0 0
    outer loop
      vertex 127.9 201.247 -29.75
      vertex 127.9 202.75 -31.75
      vertex 127.9 201.337 -29.5985
    endloop
  endfacet
  facet normal 1 -0 0
    outer loop
      vertex 127.9 201.141 -29.8919
      vertex 127.9 202.75 -31.75
      vertex 127.9 201.247 -29.75
    endloop
  endfacet
  facet normal 1 -0 0
    outer loop
      vertex 127.9 201.023 -30.0228
      vertex 127.9 202.75 -31.75
      vertex 127.9 201.141 -29.8919
    endloop
  endfacet
  facet normal 1 -0 0
    outer loop
      vertex 127.9 200.892 -30.1414
      vertex 127.9 202.75 -31.75
      vertex 127.9 201.023 -30.0228
    endloop
  endfacet
  facet normal 1 -0 0
    outer loop
      vertex 127.9 200.75 -30.2466
      vertex 127.9 202.75 -31.75
      vertex 127.9 200.892 -30.1414
    endloop
  endfacet
  facet normal 1 -0 0
    outer loop
      vertex 127.9 200.599 -30.3375
      vertex 127.9 202.75 -31.75
      vertex 127.9 200.75 -30.2466
    endloop
  endfacet
  facet normal 1 -0 0
    outer loop
      vertex 127.9 200.439 -30.413
      vertex 127.9 202.75 -31.75
      vertex 127.9 200.599 -30.3375
    endloop
  endfacet
  facet normal 1 -0 0
    outer loop
      vertex 127.9 200.273 -30.4725
      vertex 127.9 202.75 -31.75
      vertex 127.9 200.439 -30.413
    endloop
  endfacet
  facet normal 1 -0 0
    outer loop
      vertex 127.9 200.101 -30.5154
      vertex 127.9 202.75 -31.75
      vertex 127.9 200.273 -30.4725
    endloop
  endfacet
  facet normal 1 -0 0
    outer loop
      vertex 127.9 199.926 -30.5413
      vertex 127.9 202.75 -31.75
      vertex 127.9 200.101 -30.5154
    endloop
  endfacet
  facet normal 1 -0 0
    outer loop
      vertex 127.9 199.75 -30.55
      vertex 127.9 202.75 -31.75
      vertex 127.9 199.926 -30.5413
    endloop
  endfacet
  facet normal 1 0 0
    outer loop
      vertex 127.9 196.75 -31.75
      vertex 127.9 199.75 -30.55
      vertex 127.9 199.574 -30.5413
    endloop
  endfacet
  facet normal 1 0 0
    outer loop
      vertex 127.9 196.75 -31.75
      vertex 127.9 199.574 -30.5413
      vertex 127.9 199.399 -30.5154
    endloop
  endfacet
  facet normal 1 0 0
    outer loop
      vertex 127.9 196.75 -31.75
      vertex 127.9 199.399 -30.5154
      vertex 127.9 199.227 -30.4725
    endloop
  endfacet
  facet normal 1 0 0
    outer loop
      vertex 127.9 196.75 -31.75
      vertex 127.9 199.227 -30.4725
      vertex 127.9 199.061 -30.413
    endloop
  endfacet
  facet normal 1 0 0
    outer loop
      vertex 127.9 196.75 -27
      vertex 127.9 197.959 -28.9264
      vertex 127.9 197.95 -28.75
    endloop
  endfacet
  facet normal 1 0 0
    outer loop
      vertex 127.9 196.75 -31.75
      vertex 127.9 197.959 -28.9264
      vertex 127.9 196.75 -27
    endloop
  endfacet
  facet normal 1 0 0
    outer loop
      vertex 127.9 197.959 -28.9264
      vertex 127.9 196.75 -31.75
      vertex 127.9 197.985 -29.1012
    endloop
  endfacet
  facet normal 1 0 0
    outer loop
      vertex 127.9 197.985 -29.1012
      vertex 127.9 196.75 -31.75
      vertex 127.9 198.028 -29.2725
    endloop
  endfacet
  facet normal 1 0 0
    outer loop
      vertex 127.9 198.028 -29.2725
      vertex 127.9 196.75 -31.75
      vertex 127.9 198.087 -29.4388
    endloop
  endfacet
  facet normal 1 0 0
    outer loop
      vertex 127.9 199.75 -30.55
      vertex 127.9 196.75 -31.75
      vertex 127.9 202.75 -31.75
    endloop
  endfacet
  facet normal 1 0 0
    outer loop
      vertex 127.9 198.901 -30.3375
      vertex 127.9 196.75 -31.75
      vertex 127.9 199.061 -30.413
    endloop
  endfacet
  facet normal 1 0 0
    outer loop
      vertex 127.9 198.75 -30.2466
      vertex 127.9 196.75 -31.75
      vertex 127.9 198.901 -30.3375
    endloop
  endfacet
  facet normal 1 0 0
    outer loop
      vertex 127.9 198.608 -30.1414
      vertex 127.9 196.75 -31.75
      vertex 127.9 198.75 -30.2466
    endloop
  endfacet
  facet normal 1 0 0
    outer loop
      vertex 127.9 198.477 -30.0228
      vertex 127.9 196.75 -31.75
      vertex 127.9 198.608 -30.1414
    endloop
  endfacet
  facet normal 1 0 0
    outer loop
      vertex 127.9 198.359 -29.8919
      vertex 127.9 196.75 -31.75
      vertex 127.9 198.477 -30.0228
    endloop
  endfacet
  facet normal 1 0 0
    outer loop
      vertex 127.9 198.253 -29.75
      vertex 127.9 196.75 -31.75
      vertex 127.9 198.359 -29.8919
    endloop
  endfacet
  facet normal 1 0 0
    outer loop
      vertex 127.9 198.163 -29.5985
      vertex 127.9 196.75 -31.75
      vertex 127.9 198.253 -29.75
    endloop
  endfacet
  facet normal 1 0 0
    outer loop
      vertex 127.9 198.087 -29.4388
      vertex 127.9 196.75 -31.75
      vertex 127.9 198.163 -29.5985
    endloop
  endfacet
  facet normal 0 1 -0
    outer loop
      vertex 127.9 202.75 -31.75
      vertex 123.9 202.75 -27
      vertex 127.9 202.75 -27
    endloop
  endfacet
  facet normal 0 1 0
    outer loop
      vertex 123.9 202.75 -27
      vertex 127.9 202.75 -31.75
      vertex 123.9 202.75 -31.75
    endloop
  endfacet
  facet normal 0 -1 0
    outer loop
      vertex 123.9 196.75 -31.75
      vertex 127.9 196.75 -27
      vertex 123.9 196.75 -27
    endloop
  endfacet
  facet normal 0 -1 -0
    outer loop
      vertex 127.9 196.75 -27
      vertex 123.9 196.75 -31.75
      vertex 127.9 196.75 -31.75
    endloop
  endfacet
  facet normal 0 -0.242536 -0.970143
    outer loop
      vertex 123.9 200.163 -27
      vertex 127.9 200.273 -27.0275
      vertex 127.9 200.163 -27
    endloop
  endfacet
  facet normal -0 -0.242536 -0.970143
    outer loop
      vertex 127.9 200.273 -27.0275
      vertex 123.9 200.163 -27
      vertex 123.9 200.273 -27.0275
    endloop
  endfacet
  facet normal 0 -0.969909 0.243468
    outer loop
      vertex 123.9 201.472 -29.2725
      vertex 127.9 201.515 -29.1012
      vertex 123.9 201.515 -29.1012
    endloop
  endfacet
  facet normal 0 -0.969909 0.243468
    outer loop
      vertex 127.9 201.515 -29.1012
      vertex 123.9 201.472 -29.2725
      vertex 127.9 201.472 -29.2725
    endloop
  endfacet
  facet normal 0 -0.595282 -0.803517
    outer loop
      vertex 123.9 200.75 -27.2534
      vertex 127.9 200.892 -27.3586
      vertex 127.9 200.75 -27.2534
    endloop
  endfacet
  facet normal -0 -0.595282 -0.803517
    outer loop
      vertex 127.9 200.892 -27.3586
      vertex 123.9 200.75 -27.2534
      vertex 123.9 200.892 -27.3586
    endloop
  endfacet
  facet normal 0 0.859738 -0.510735
    outer loop
      vertex 127.9 198.163 -27.9015
      vertex 123.9 198.253 -27.75
      vertex 127.9 198.253 -27.75
    endloop
  endfacet
  facet normal 0 0.859738 -0.510735
    outer loop
      vertex 123.9 198.253 -27.75
      vertex 127.9 198.163 -27.9015
      vertex 123.9 198.163 -27.9015
    endloop
  endfacet
  facet normal 0 0.942445 0.334361
    outer loop
      vertex 127.9 198.087 -29.4388
      vertex 123.9 198.028 -29.2725
      vertex 127.9 198.028 -29.2725
    endloop
  endfacet
  facet normal 0 0.942445 0.334361
    outer loop
      vertex 123.9 198.028 -29.2725
      vertex 127.9 198.087 -29.4388
      vertex 123.9 198.087 -29.4388
    endloop
  endfacet
  facet normal 0 0.942445 -0.334361
    outer loop
      vertex 127.9 198.028 -28.2275
      vertex 123.9 198.087 -28.0612
      vertex 127.9 198.087 -28.0612
    endloop
  endfacet
  facet normal 0 0.942445 -0.334361
    outer loop
      vertex 123.9 198.087 -28.0612
      vertex 127.9 198.028 -28.2275
      vertex 123.9 198.028 -28.2275
    endloop
  endfacet
  facet normal 0 0.859738 0.510735
    outer loop
      vertex 127.9 198.253 -29.75
      vertex 123.9 198.163 -29.5985
      vertex 127.9 198.163 -29.5985
    endloop
  endfacet
  facet normal 0 0.859738 0.510735
    outer loop
      vertex 123.9 198.163 -29.5985
      vertex 127.9 198.253 -29.75
      vertex 123.9 198.253 -29.75
    endloop
  endfacet
  facet normal -0 0.515747 0.856741
    outer loop
      vertex 123.9 198.901 -30.3375
      vertex 127.9 198.75 -30.2466
      vertex 127.9 198.901 -30.3375
    endloop
  endfacet
  facet normal 0 0.515747 0.856741
    outer loop
      vertex 127.9 198.75 -30.2466
      vertex 123.9 198.901 -30.3375
      vertex 123.9 198.75 -30.2466
    endloop
  endfacet
  facet normal 0 -0.742758 0.66956
    outer loop
      vertex 123.9 201.023 -30.0228
      vertex 127.9 201.141 -29.8919
      vertex 123.9 201.141 -29.8919
    endloop
  endfacet
  facet normal 0 -0.742758 0.66956
    outer loop
      vertex 127.9 201.141 -29.8919
      vertex 123.9 201.023 -30.0228
      vertex 127.9 201.023 -30.0228
    endloop
  endfacet
  facet normal 0 0.969909 -0.243468
    outer loop
      vertex 127.9 197.985 -28.3988
      vertex 123.9 198.028 -28.2275
      vertex 127.9 198.028 -28.2275
    endloop
  endfacet
  facet normal 0 0.969909 -0.243468
    outer loop
      vertex 123.9 198.028 -28.2275
      vertex 127.9 197.985 -28.3988
      vertex 123.9 197.985 -28.3988
    endloop
  endfacet
  facet normal 0 -0.515747 0.856741
    outer loop
      vertex 123.9 200.75 -30.2466
      vertex 127.9 200.599 -30.3375
      vertex 127.9 200.75 -30.2466
    endloop
  endfacet
  facet normal 0 -0.515747 0.856741
    outer loop
      vertex 127.9 200.599 -30.3375
      vertex 123.9 200.75 -30.2466
      vertex 123.9 200.599 -30.3375
    endloop
  endfacet
  facet normal 0 -0.146405 0.989225
    outer loop
      vertex 123.9 200.101 -30.5154
      vertex 127.9 199.926 -30.5413
      vertex 127.9 200.101 -30.5154
    endloop
  endfacet
  facet normal 0 -0.146405 0.989225
    outer loop
      vertex 127.9 199.926 -30.5413
      vertex 123.9 200.101 -30.5154
      vertex 123.9 199.926 -30.5413
    endloop
  endfacet
  facet normal 0 -0.989118 -0.147123
    outer loop
      vertex 123.9 201.541 -28.5736
      vertex 127.9 201.515 -28.3988
      vertex 123.9 201.515 -28.3988
    endloop
  endfacet
  facet normal 0 -0.989118 -0.147123
    outer loop
      vertex 127.9 201.515 -28.3988
      vertex 123.9 201.541 -28.5736
      vertex 127.9 201.541 -28.5736
    endloop
  endfacet
  facet normal 0 0.595282 -0.803517
    outer loop
      vertex 123.9 198.608 -27.3586
      vertex 127.9 198.75 -27.2534
      vertex 127.9 198.608 -27.3586
    endloop
  endfacet
  facet normal 0 0.595282 -0.803517
    outer loop
      vertex 127.9 198.75 -27.2534
      vertex 123.9 198.608 -27.3586
      vertex 123.9 198.75 -27.2534
    endloop
  endfacet
  facet normal 0 -0.942445 -0.334361
    outer loop
      vertex 123.9 201.472 -28.2275
      vertex 127.9 201.413 -28.0612
      vertex 123.9 201.413 -28.0612
    endloop
  endfacet
  facet normal 0 -0.942445 -0.334361
    outer loop
      vertex 127.9 201.413 -28.0612
      vertex 123.9 201.472 -28.2275
      vertex 127.9 201.472 -28.2275
    endloop
  endfacet
  facet normal 0 -0.42675 -0.90437
    outer loop
      vertex 123.9 200.439 -27.087
      vertex 127.9 200.599 -27.1625
      vertex 127.9 200.439 -27.087
    endloop
  endfacet
  facet normal -0 -0.42675 -0.90437
    outer loop
      vertex 127.9 200.599 -27.1625
      vertex 123.9 200.439 -27.087
      vertex 123.9 200.599 -27.1625
    endloop
  endfacet
  facet normal 0 -0.80115 0.598463
    outer loop
      vertex 123.9 201.141 -29.8919
      vertex 127.9 201.247 -29.75
      vertex 123.9 201.247 -29.75
    endloop
  endfacet
  facet normal 0 -0.80115 0.598463
    outer loop
      vertex 127.9 201.247 -29.75
      vertex 123.9 201.141 -29.8919
      vertex 127.9 201.141 -29.8919
    endloop
  endfacet
  facet normal 0 -0.80115 -0.598463
    outer loop
      vertex 123.9 201.247 -27.75
      vertex 127.9 201.141 -27.6081
      vertex 123.9 201.141 -27.6081
    endloop
  endfacet
  facet normal 0 -0.80115 -0.598463
    outer loop
      vertex 127.9 201.141 -27.6081
      vertex 123.9 201.247 -27.75
      vertex 127.9 201.247 -27.75
    endloop
  endfacet
  facet normal 0 0.969909 0.243468
    outer loop
      vertex 127.9 198.028 -29.2725
      vertex 123.9 197.985 -29.1012
      vertex 127.9 197.985 -29.1012
    endloop
  endfacet
  facet normal 0 0.969909 0.243468
    outer loop
      vertex 123.9 197.985 -29.1012
      vertex 127.9 198.028 -29.2725
      vertex 123.9 198.028 -29.2725
    endloop
  endfacet
  facet normal 0 -0.859738 0.510735
    outer loop
      vertex 123.9 201.247 -29.75
      vertex 127.9 201.337 -29.5985
      vertex 123.9 201.337 -29.5985
    endloop
  endfacet
  facet normal 0 -0.859738 0.510735
    outer loop
      vertex 127.9 201.337 -29.5985
      vertex 123.9 201.247 -29.75
      vertex 127.9 201.247 -29.75
    endloop
  endfacet
  facet normal 0 0.998701 0.0509541
    outer loop
      vertex 127.9 197.959 -28.9264
      vertex 123.9 197.95 -28.75
      vertex 127.9 197.95 -28.75
    endloop
  endfacet
  facet normal 0 0.998701 0.0509541
    outer loop
      vertex 123.9 197.95 -28.75
      vertex 127.9 197.959 -28.9264
      vertex 123.9 197.959 -28.9264
    endloop
  endfacet
  facet normal 0 -0.859738 -0.510735
    outer loop
      vertex 123.9 201.337 -27.9015
      vertex 127.9 201.247 -27.75
      vertex 123.9 201.247 -27.75
    endloop
  endfacet
  facet normal 0 -0.859738 -0.510735
    outer loop
      vertex 127.9 201.247 -27.75
      vertex 123.9 201.337 -27.9015
      vertex 127.9 201.337 -27.9015
    endloop
  endfacet
  facet normal -0 0.337414 0.941356
    outer loop
      vertex 123.9 199.227 -30.4725
      vertex 127.9 199.061 -30.413
      vertex 127.9 199.227 -30.4725
    endloop
  endfacet
  facet normal 0 0.337414 0.941356
    outer loop
      vertex 127.9 199.061 -30.413
      vertex 123.9 199.227 -30.4725
      vertex 123.9 199.061 -30.413
    endloop
  endfacet
  facet normal 0 -0.902965 0.429714
    outer loop
      vertex 123.9 201.337 -29.5985
      vertex 127.9 201.413 -29.4388
      vertex 123.9 201.413 -29.4388
    endloop
  endfacet
  facet normal 0 -0.902965 0.429714
    outer loop
      vertex 127.9 201.413 -29.4388
      vertex 123.9 201.337 -29.5985
      vertex 127.9 201.337 -29.5985
    endloop
  endfacet
  facet normal 0 0.42675 -0.90437
    outer loop
      vertex 123.9 198.901 -27.1625
      vertex 127.9 199.061 -27.087
      vertex 127.9 198.901 -27.1625
    endloop
  endfacet
  facet normal 0 0.42675 -0.90437
    outer loop
      vertex 127.9 199.061 -27.087
      vertex 123.9 198.901 -27.1625
      vertex 123.9 199.061 -27.087
    endloop
  endfacet
  facet normal 0 0.80115 0.598463
    outer loop
      vertex 127.9 198.359 -29.8919
      vertex 123.9 198.253 -29.75
      vertex 127.9 198.253 -29.75
    endloop
  endfacet
  facet normal 0 0.80115 0.598463
    outer loop
      vertex 123.9 198.253 -29.75
      vertex 127.9 198.359 -29.8919
      vertex 123.9 198.359 -29.8919
    endloop
  endfacet
  facet normal 0 -0.595282 0.803517
    outer loop
      vertex 123.9 200.892 -30.1414
      vertex 127.9 200.75 -30.2466
      vertex 127.9 200.892 -30.1414
    endloop
  endfacet
  facet normal 0 -0.595282 0.803517
    outer loop
      vertex 127.9 200.75 -30.2466
      vertex 123.9 200.892 -30.1414
      vertex 123.9 200.75 -30.2466
    endloop
  endfacet
  facet normal -0 0.42675 0.90437
    outer loop
      vertex 123.9 199.061 -30.413
      vertex 127.9 198.901 -30.3375
      vertex 127.9 199.061 -30.413
    endloop
  endfacet
  facet normal 0 0.42675 0.90437
    outer loop
      vertex 127.9 198.901 -30.3375
      vertex 123.9 199.061 -30.413
      vertex 123.9 198.901 -30.3375
    endloop
  endfacet
  facet normal 0 -0.337414 0.941356
    outer loop
      vertex 123.9 200.439 -30.413
      vertex 127.9 200.273 -30.4725
      vertex 127.9 200.439 -30.413
    endloop
  endfacet
  facet normal 0 -0.337414 0.941356
    outer loop
      vertex 127.9 200.273 -30.4725
      vertex 123.9 200.439 -30.413
      vertex 123.9 200.273 -30.4725
    endloop
  endfacet
  facet normal 0 -0.337414 -0.941356
    outer loop
      vertex 123.9 200.273 -27.0275
      vertex 127.9 200.439 -27.087
      vertex 127.9 200.273 -27.0275
    endloop
  endfacet
  facet normal -0 -0.337414 -0.941356
    outer loop
      vertex 127.9 200.439 -27.087
      vertex 123.9 200.273 -27.0275
      vertex 123.9 200.439 -27.087
    endloop
  endfacet
  facet normal 0 0.742758 0.66956
    outer loop
      vertex 127.9 198.477 -30.0228
      vertex 123.9 198.359 -29.8919
      vertex 127.9 198.359 -29.8919
    endloop
  endfacet
  facet normal 0 0.742758 0.66956
    outer loop
      vertex 123.9 198.359 -29.8919
      vertex 127.9 198.477 -30.0228
      vertex 123.9 198.477 -30.0228
    endloop
  endfacet
  facet normal 0 0.242536 -0.970143
    outer loop
      vertex 123.9 199.227 -27.0275
      vertex 127.9 199.337 -27
      vertex 127.9 199.227 -27.0275
    endloop
  endfacet
  facet normal 0 0.242536 -0.970143
    outer loop
      vertex 127.9 199.337 -27
      vertex 123.9 199.227 -27.0275
      vertex 123.9 199.337 -27
    endloop
  endfacet
  facet normal 0 -0.942445 0.334361
    outer loop
      vertex 123.9 201.413 -29.4388
      vertex 127.9 201.472 -29.2725
      vertex 123.9 201.472 -29.2725
    endloop
  endfacet
  facet normal 0 -0.942445 0.334361
    outer loop
      vertex 127.9 201.472 -29.2725
      vertex 123.9 201.413 -29.4388
      vertex 127.9 201.413 -29.4388
    endloop
  endfacet
  facet normal 0 0.989118 -0.147123
    outer loop
      vertex 127.9 197.959 -28.5736
      vertex 123.9 197.985 -28.3988
      vertex 127.9 197.985 -28.3988
    endloop
  endfacet
  facet normal 0 0.989118 -0.147123
    outer loop
      vertex 123.9 197.985 -28.3988
      vertex 127.9 197.959 -28.5736
      vertex 123.9 197.959 -28.5736
    endloop
  endfacet
  facet normal 0 0.515747 -0.856741
    outer loop
      vertex 123.9 198.75 -27.2534
      vertex 127.9 198.901 -27.1625
      vertex 127.9 198.75 -27.2534
    endloop
  endfacet
  facet normal 0 0.515747 -0.856741
    outer loop
      vertex 127.9 198.901 -27.1625
      vertex 123.9 198.75 -27.2534
      vertex 123.9 198.901 -27.1625
    endloop
  endfacet
  facet normal 0 -0.998701 0.0509541
    outer loop
      vertex 123.9 201.541 -28.9264
      vertex 127.9 201.55 -28.75
      vertex 123.9 201.55 -28.75
    endloop
  endfacet
  facet normal 0 -0.998701 0.0509541
    outer loop
      vertex 127.9 201.55 -28.75
      vertex 123.9 201.541 -28.9264
      vertex 127.9 201.541 -28.9264
    endloop
  endfacet
  facet normal -0 0.0493715 0.99878
    outer loop
      vertex 123.9 199.75 -30.55
      vertex 127.9 199.574 -30.5413
      vertex 127.9 199.75 -30.55
    endloop
  endfacet
  facet normal 0 0.0493715 0.99878
    outer loop
      vertex 127.9 199.574 -30.5413
      vertex 123.9 199.75 -30.55
      vertex 123.9 199.574 -30.5413
    endloop
  endfacet
  facet normal 0 0.337414 -0.941356
    outer loop
      vertex 123.9 199.061 -27.087
      vertex 127.9 199.227 -27.0275
      vertex 127.9 199.061 -27.087
    endloop
  endfacet
  facet normal 0 0.337414 -0.941356
    outer loop
      vertex 127.9 199.227 -27.0275
      vertex 123.9 199.061 -27.087
      vertex 123.9 199.227 -27.0275
    endloop
  endfacet
  facet normal 0 -0.902965 -0.429714
    outer loop
      vertex 123.9 201.413 -28.0612
      vertex 127.9 201.337 -27.9015
      vertex 123.9 201.337 -27.9015
    endloop
  endfacet
  facet normal 0 -0.902965 -0.429714
    outer loop
      vertex 127.9 201.337 -27.9015
      vertex 123.9 201.413 -28.0612
      vertex 127.9 201.413 -28.0612
    endloop
  endfacet
  facet normal 0 -0.998701 -0.0509541
    outer loop
      vertex 123.9 201.55 -28.75
      vertex 127.9 201.541 -28.5736
      vertex 123.9 201.541 -28.5736
    endloop
  endfacet
  facet normal 0 -0.998701 -0.0509541
    outer loop
      vertex 127.9 201.541 -28.5736
      vertex 123.9 201.55 -28.75
      vertex 127.9 201.55 -28.75
    endloop
  endfacet
  facet normal 0 -0.515747 -0.856741
    outer loop
      vertex 123.9 200.599 -27.1625
      vertex 127.9 200.75 -27.2534
      vertex 127.9 200.599 -27.1625
    endloop
  endfacet
  facet normal -0 -0.515747 -0.856741
    outer loop
      vertex 127.9 200.75 -27.2534
      vertex 123.9 200.599 -27.1625
      vertex 123.9 200.75 -27.2534
    endloop
  endfacet
  facet normal 0 0.989118 0.147123
    outer loop
      vertex 127.9 197.985 -29.1012
      vertex 123.9 197.959 -28.9264
      vertex 127.9 197.959 -28.9264
    endloop
  endfacet
  facet normal 0 0.989118 0.147123
    outer loop
      vertex 123.9 197.959 -28.9264
      vertex 127.9 197.985 -29.1012
      vertex 123.9 197.985 -29.1012
    endloop
  endfacet
  facet normal 0 0.742758 -0.66956
    outer loop
      vertex 127.9 198.359 -27.6081
      vertex 123.9 198.477 -27.4772
      vertex 127.9 198.477 -27.4772
    endloop
  endfacet
  facet normal 0 0.742758 -0.66956
    outer loop
      vertex 123.9 198.477 -27.4772
      vertex 127.9 198.359 -27.6081
      vertex 123.9 198.359 -27.6081
    endloop
  endfacet
  facet normal 0 -0.67115 0.741321
    outer loop
      vertex 123.9 201.023 -30.0228
      vertex 127.9 200.892 -30.1414
      vertex 127.9 201.023 -30.0228
    endloop
  endfacet
  facet normal 0 -0.67115 0.741321
    outer loop
      vertex 127.9 200.892 -30.1414
      vertex 123.9 201.023 -30.0228
      vertex 123.9 200.892 -30.1414
    endloop
  endfacet
  facet normal 0 -0.67115 -0.741321
    outer loop
      vertex 123.9 200.892 -27.3586
      vertex 127.9 201.023 -27.4772
      vertex 127.9 200.892 -27.3586
    endloop
  endfacet
  facet normal -0 -0.67115 -0.741321
    outer loop
      vertex 127.9 201.023 -27.4772
      vertex 123.9 200.892 -27.3586
      vertex 123.9 201.023 -27.4772
    endloop
  endfacet
  facet normal 0 -0.742758 -0.66956
    outer loop
      vertex 123.9 201.141 -27.6081
      vertex 127.9 201.023 -27.4772
      vertex 123.9 201.023 -27.4772
    endloop
  endfacet
  facet normal 0 -0.742758 -0.66956
    outer loop
      vertex 127.9 201.023 -27.4772
      vertex 123.9 201.141 -27.6081
      vertex 127.9 201.141 -27.6081
    endloop
  endfacet
  facet normal 0 -0.989118 0.147123
    outer loop
      vertex 123.9 201.515 -29.1012
      vertex 127.9 201.541 -28.9264
      vertex 123.9 201.541 -28.9264
    endloop
  endfacet
  facet normal 0 -0.989118 0.147123
    outer loop
      vertex 127.9 201.541 -28.9264
      vertex 123.9 201.515 -29.1012
      vertex 127.9 201.515 -29.1012
    endloop
  endfacet
  facet normal -0 0.242005 0.970275
    outer loop
      vertex 123.9 199.399 -30.5154
      vertex 127.9 199.227 -30.4725
      vertex 127.9 199.399 -30.5154
    endloop
  endfacet
  facet normal 0 0.242005 0.970275
    outer loop
      vertex 127.9 199.227 -30.4725
      vertex 123.9 199.399 -30.5154
      vertex 123.9 199.227 -30.4725
    endloop
  endfacet
  facet normal 0 -0.42675 0.90437
    outer loop
      vertex 123.9 200.599 -30.3375
      vertex 127.9 200.439 -30.413
      vertex 127.9 200.599 -30.3375
    endloop
  endfacet
  facet normal 0 -0.42675 0.90437
    outer loop
      vertex 127.9 200.439 -30.413
      vertex 123.9 200.599 -30.3375
      vertex 123.9 200.439 -30.413
    endloop
  endfacet
  facet normal 0 0.902965 0.429714
    outer loop
      vertex 127.9 198.163 -29.5985
      vertex 123.9 198.087 -29.4388
      vertex 127.9 198.087 -29.4388
    endloop
  endfacet
  facet normal 0 0.902965 0.429714
    outer loop
      vertex 123.9 198.087 -29.4388
      vertex 127.9 198.163 -29.5985
      vertex 123.9 198.163 -29.5985
    endloop
  endfacet
  facet normal 0 -0.242005 0.970275
    outer loop
      vertex 123.9 200.273 -30.4725
      vertex 127.9 200.101 -30.5154
      vertex 127.9 200.273 -30.4725
    endloop
  endfacet
  facet normal 0 -0.242005 0.970275
    outer loop
      vertex 127.9 200.101 -30.5154
      vertex 123.9 200.273 -30.4725
      vertex 123.9 200.101 -30.5154
    endloop
  endfacet
  facet normal 0 -0.969909 -0.243468
    outer loop
      vertex 123.9 201.515 -28.3988
      vertex 127.9 201.472 -28.2275
      vertex 123.9 201.472 -28.2275
    endloop
  endfacet
  facet normal 0 -0.969909 -0.243468
    outer loop
      vertex 127.9 201.472 -28.2275
      vertex 123.9 201.515 -28.3988
      vertex 127.9 201.515 -28.3988
    endloop
  endfacet
  facet normal -0 0.67115 0.741321
    outer loop
      vertex 123.9 198.608 -30.1414
      vertex 127.9 198.477 -30.0228
      vertex 127.9 198.608 -30.1414
    endloop
  endfacet
  facet normal 0 0.67115 0.741321
    outer loop
      vertex 127.9 198.477 -30.0228
      vertex 123.9 198.608 -30.1414
      vertex 123.9 198.477 -30.0228
    endloop
  endfacet
  facet normal 0 0.902965 -0.429714
    outer loop
      vertex 127.9 198.087 -28.0612
      vertex 123.9 198.163 -27.9015
      vertex 127.9 198.163 -27.9015
    endloop
  endfacet
  facet normal 0 0.902965 -0.429714
    outer loop
      vertex 123.9 198.163 -27.9015
      vertex 127.9 198.087 -28.0612
      vertex 123.9 198.087 -28.0612
    endloop
  endfacet
  facet normal 0 0.998701 -0.0509541
    outer loop
      vertex 127.9 197.95 -28.75
      vertex 123.9 197.959 -28.5736
      vertex 127.9 197.959 -28.5736
    endloop
  endfacet
  facet normal 0 0.998701 -0.0509541
    outer loop
      vertex 123.9 197.959 -28.5736
      vertex 127.9 197.95 -28.75
      vertex 123.9 197.95 -28.75
    endloop
  endfacet
  facet normal -0 0.146405 0.989225
    outer loop
      vertex 123.9 199.574 -30.5413
      vertex 127.9 199.399 -30.5154
      vertex 127.9 199.574 -30.5413
    endloop
  endfacet
  facet normal 0 0.146405 0.989225
    outer loop
      vertex 127.9 199.399 -30.5154
      vertex 123.9 199.574 -30.5413
      vertex 123.9 199.399 -30.5154
    endloop
  endfacet
  facet normal 0 0.80115 -0.598463
    outer loop
      vertex 127.9 198.253 -27.75
      vertex 123.9 198.359 -27.6081
      vertex 127.9 198.359 -27.6081
    endloop
  endfacet
  facet normal 0 0.80115 -0.598463
    outer loop
      vertex 123.9 198.359 -27.6081
      vertex 127.9 198.253 -27.75
      vertex 123.9 198.253 -27.75
    endloop
  endfacet
  facet normal -0 0.595282 0.803517
    outer loop
      vertex 123.9 198.75 -30.2466
      vertex 127.9 198.608 -30.1414
      vertex 127.9 198.75 -30.2466
    endloop
  endfacet
  facet normal 0 0.595282 0.803517
    outer loop
      vertex 127.9 198.608 -30.1414
      vertex 123.9 198.75 -30.2466
      vertex 123.9 198.608 -30.1414
    endloop
  endfacet
  facet normal 0 -0.0493715 0.99878
    outer loop
      vertex 123.9 199.926 -30.5413
      vertex 127.9 199.75 -30.55
      vertex 127.9 199.926 -30.5413
    endloop
  endfacet
  facet normal 0 -0.0493715 0.99878
    outer loop
      vertex 127.9 199.75 -30.55
      vertex 123.9 199.926 -30.5413
      vertex 123.9 199.75 -30.55
    endloop
  endfacet
  facet normal 0 0.67115 -0.741321
    outer loop
      vertex 123.9 198.477 -27.4772
      vertex 127.9 198.608 -27.3586
      vertex 127.9 198.477 -27.4772
    endloop
  endfacet
  facet normal 0 0.67115 -0.741321
    outer loop
      vertex 127.9 198.608 -27.3586
      vertex 123.9 198.477 -27.4772
      vertex 123.9 198.608 -27.3586
    endloop
  endfacet
  facet normal -1 0 0
    outer loop
      vertex 75.1 182.1 -31.75
      vertex 75.1 186.1 -26.25
      vertex 75.1 186.1 -31.75
    endloop
  endfacet
  facet normal -1 -0 0
    outer loop
      vertex 75.1 186.1 -26.25
      vertex 75.1 182.1 -31.75
      vertex 75.1 182.1 -26.25
    endloop
  endfacet
  facet normal 0 0 -1
    outer loop
      vertex 75.1 182.1 -31.75
      vertex 81.1 186.1 -31.75
      vertex 81.1 182.1 -31.75
    endloop
  endfacet
  facet normal -0 0 -1
    outer loop
      vertex 81.1 186.1 -31.75
      vertex 75.1 182.1 -31.75
      vertex 75.1 186.1 -31.75
    endloop
  endfacet
  facet normal 1 -0 0
    outer loop
      vertex 81.1 182.1 -27
      vertex 81.1 186.1 -31.75
      vertex 81.1 186.1 -27
    endloop
  endfacet
  facet normal 1 0 0
    outer loop
      vertex 81.1 186.1 -31.75
      vertex 81.1 182.1 -27
      vertex 81.1 182.1 -31.75
    endloop
  endfacet
  facet normal 0 1 0
    outer loop
      vertex 81.1 186.1 -27
      vertex 78.6225 186.1 -27.0275
      vertex 78.5127 186.1 -27
    endloop
  endfacet
  facet normal 0 1 0
    outer loop
      vertex 81.1 186.1 -27
      vertex 78.7888 186.1 -27.087
      vertex 78.6225 186.1 -27.0275
    endloop
  endfacet
  facet normal 0 1 0
    outer loop
      vertex 81.1 186.1 -27
      vertex 78.9485 186.1 -27.1625
      vertex 78.7888 186.1 -27.087
    endloop
  endfacet
  facet normal 0 1 0
    outer loop
      vertex 81.1 186.1 -27
      vertex 79.1 186.1 -27.2534
      vertex 78.9485 186.1 -27.1625
    endloop
  endfacet
  facet normal 0 1 0
    outer loop
      vertex 81.1 186.1 -27
      vertex 79.2419 186.1 -27.3586
      vertex 79.1 186.1 -27.2534
    endloop
  endfacet
  facet normal 0 1 0
    outer loop
      vertex 81.1 186.1 -27
      vertex 79.3728 186.1 -27.4772
      vertex 79.2419 186.1 -27.3586
    endloop
  endfacet
  facet normal 0 1 0
    outer loop
      vertex 81.1 186.1 -27
      vertex 79.4914 186.1 -27.6081
      vertex 79.3728 186.1 -27.4772
    endloop
  endfacet
  facet normal 0 1 0
    outer loop
      vertex 81.1 186.1 -27
      vertex 79.5966 186.1 -27.75
      vertex 79.4914 186.1 -27.6081
    endloop
  endfacet
  facet normal 0 1 0
    outer loop
      vertex 81.1 186.1 -27
      vertex 79.6875 186.1 -27.9015
      vertex 79.5966 186.1 -27.75
    endloop
  endfacet
  facet normal 0 1 0
    outer loop
      vertex 81.1 186.1 -27
      vertex 79.763 186.1 -28.0612
      vertex 79.6875 186.1 -27.9015
    endloop
  endfacet
  facet normal 0 1 0
    outer loop
      vertex 81.1 186.1 -27
      vertex 79.8225 186.1 -28.2275
      vertex 79.763 186.1 -28.0612
    endloop
  endfacet
  facet normal 0 1 0
    outer loop
      vertex 81.1 186.1 -27
      vertex 79.8654 186.1 -28.3988
      vertex 79.8225 186.1 -28.2275
    endloop
  endfacet
  facet normal 0 1 0
    outer loop
      vertex 81.1 186.1 -27
      vertex 79.8913 186.1 -28.5736
      vertex 79.8654 186.1 -28.3988
    endloop
  endfacet
  facet normal 0 1 0
    outer loop
      vertex 81.1 186.1 -27
      vertex 79.9 186.1 -28.75
      vertex 79.8913 186.1 -28.5736
    endloop
  endfacet
  facet normal 0 1 0
    outer loop
      vertex 81.1 186.1 -27
      vertex 79.8913 186.1 -28.9264
      vertex 79.9 186.1 -28.75
    endloop
  endfacet
  facet normal 0 1 -0
    outer loop
      vertex 81.1 186.1 -31.75
      vertex 79.8913 186.1 -28.9264
      vertex 81.1 186.1 -27
    endloop
  endfacet
  facet normal 0 1 0
    outer loop
      vertex 79.8913 186.1 -28.9264
      vertex 81.1 186.1 -31.75
      vertex 79.8654 186.1 -29.1012
    endloop
  endfacet
  facet normal 0 1 0
    outer loop
      vertex 79.8654 186.1 -29.1012
      vertex 81.1 186.1 -31.75
      vertex 79.8225 186.1 -29.2725
    endloop
  endfacet
  facet normal 0 1 0
    outer loop
      vertex 79.8225 186.1 -29.2725
      vertex 81.1 186.1 -31.75
      vertex 79.763 186.1 -29.4388
    endloop
  endfacet
  facet normal 0 1 0
    outer loop
      vertex 78.2764 186.1 -30.5413
      vertex 81.1 186.1 -31.75
      vertex 78.1 186.1 -30.55
    endloop
  endfacet
  facet normal 0 1 0
    outer loop
      vertex 78.4512 186.1 -30.5154
      vertex 81.1 186.1 -31.75
      vertex 78.2764 186.1 -30.5413
    endloop
  endfacet
  facet normal 0 1 0
    outer loop
      vertex 78.6225 186.1 -30.4725
      vertex 81.1 186.1 -31.75
      vertex 78.4512 186.1 -30.5154
    endloop
  endfacet
  facet normal 0 1 0
    outer loop
      vertex 78.7888 186.1 -30.413
      vertex 81.1 186.1 -31.75
      vertex 78.6225 186.1 -30.4725
    endloop
  endfacet
  facet normal 0 1 0
    outer loop
      vertex 78.9485 186.1 -30.3375
      vertex 81.1 186.1 -31.75
      vertex 78.7888 186.1 -30.413
    endloop
  endfacet
  facet normal 0 1 0
    outer loop
      vertex 79.1 186.1 -30.2466
      vertex 81.1 186.1 -31.75
      vertex 78.9485 186.1 -30.3375
    endloop
  endfacet
  facet normal 0 1 0
    outer loop
      vertex 79.2419 186.1 -30.1414
      vertex 81.1 186.1 -31.75
      vertex 79.1 186.1 -30.2466
    endloop
  endfacet
  facet normal 0 1 0
    outer loop
      vertex 79.3728 186.1 -30.0228
      vertex 81.1 186.1 -31.75
      vertex 79.2419 186.1 -30.1414
    endloop
  endfacet
  facet normal 0 1 0
    outer loop
      vertex 79.4914 186.1 -29.8919
      vertex 81.1 186.1 -31.75
      vertex 79.3728 186.1 -30.0228
    endloop
  endfacet
  facet normal 0 1 0
    outer loop
      vertex 79.5966 186.1 -29.75
      vertex 81.1 186.1 -31.75
      vertex 79.4914 186.1 -29.8919
    endloop
  endfacet
  facet normal 0 1 0
    outer loop
      vertex 79.6875 186.1 -29.5985
      vertex 81.1 186.1 -31.75
      vertex 79.5966 186.1 -29.75
    endloop
  endfacet
  facet normal 0 1 0
    outer loop
      vertex 79.763 186.1 -29.4388
      vertex 81.1 186.1 -31.75
      vertex 79.6875 186.1 -29.5985
    endloop
  endfacet
  facet normal 0 1 -0
    outer loop
      vertex 77.5775 186.1 -27.0275
      vertex 75.1 186.1 -27
      vertex 77.6873 186.1 -27
    endloop
  endfacet
  facet normal 0 1 -0
    outer loop
      vertex 77.4112 186.1 -27.087
      vertex 75.1 186.1 -27
      vertex 77.5775 186.1 -27.0275
    endloop
  endfacet
  facet normal 0 1 -0
    outer loop
      vertex 77.2515 186.1 -27.1625
      vertex 75.1 186.1 -27
      vertex 77.4112 186.1 -27.087
    endloop
  endfacet
  facet normal 0 1 -0
    outer loop
      vertex 77.1 186.1 -27.2534
      vertex 75.1 186.1 -27
      vertex 77.2515 186.1 -27.1625
    endloop
  endfacet
  facet normal 0 1 -0
    outer loop
      vertex 76.9581 186.1 -27.3586
      vertex 75.1 186.1 -27
      vertex 77.1 186.1 -27.2534
    endloop
  endfacet
  facet normal 0 1 -0
    outer loop
      vertex 76.8272 186.1 -27.4772
      vertex 75.1 186.1 -27
      vertex 76.9581 186.1 -27.3586
    endloop
  endfacet
  facet normal 0 1 -0
    outer loop
      vertex 76.7086 186.1 -27.6081
      vertex 75.1 186.1 -27
      vertex 76.8272 186.1 -27.4772
    endloop
  endfacet
  facet normal 0 1 -0
    outer loop
      vertex 76.6034 186.1 -27.75
      vertex 75.1 186.1 -27
      vertex 76.7086 186.1 -27.6081
    endloop
  endfacet
  facet normal 0 1 -0
    outer loop
      vertex 76.5125 186.1 -27.9015
      vertex 75.1 186.1 -27
      vertex 76.6034 186.1 -27.75
    endloop
  endfacet
  facet normal 0 1 -0
    outer loop
      vertex 76.437 186.1 -28.0612
      vertex 75.1 186.1 -27
      vertex 76.5125 186.1 -27.9015
    endloop
  endfacet
  facet normal 0 1 -0
    outer loop
      vertex 76.3775 186.1 -28.2275
      vertex 75.1 186.1 -27
      vertex 76.437 186.1 -28.0612
    endloop
  endfacet
  facet normal 0 1 -0
    outer loop
      vertex 76.3346 186.1 -28.3988
      vertex 75.1 186.1 -27
      vertex 76.3775 186.1 -28.2275
    endloop
  endfacet
  facet normal 0 1 -0
    outer loop
      vertex 76.3087 186.1 -28.5736
      vertex 75.1 186.1 -27
      vertex 76.3346 186.1 -28.3988
    endloop
  endfacet
  facet normal 0 1 -0
    outer loop
      vertex 76.3 186.1 -28.75
      vertex 75.1 186.1 -27
      vertex 76.3087 186.1 -28.5736
    endloop
  endfacet
  facet normal 0 1 0
    outer loop
      vertex 76.3087 186.1 -28.9264
      vertex 75.1 186.1 -27
      vertex 76.3 186.1 -28.75
    endloop
  endfacet
  facet normal 0 1 0
    outer loop
      vertex 75.1 186.1 -31.75
      vertex 76.3087 186.1 -28.9264
      vertex 76.3346 186.1 -29.1012
    endloop
  endfacet
  facet normal 0 1 0
    outer loop
      vertex 75.1 186.1 -31.75
      vertex 76.3346 186.1 -29.1012
      vertex 76.3775 186.1 -29.2725
    endloop
  endfacet
  facet normal 0 1 0
    outer loop
      vertex 75.1 186.1 -31.75
      vertex 76.3775 186.1 -29.2725
      vertex 76.437 186.1 -29.4388
    endloop
  endfacet
  facet normal 0 1 0
    outer loop
      vertex 75.1 186.1 -31.75
      vertex 76.437 186.1 -29.4388
      vertex 76.5125 186.1 -29.5985
    endloop
  endfacet
  facet normal 0 1 0
    outer loop
      vertex 75.1 186.1 -31.75
      vertex 78.1 186.1 -30.55
      vertex 81.1 186.1 -31.75
    endloop
  endfacet
  facet normal 0 1 0
    outer loop
      vertex 78.1 186.1 -30.55
      vertex 75.1 186.1 -31.75
      vertex 77.9236 186.1 -30.5413
    endloop
  endfacet
  facet normal 0 1 0
    outer loop
      vertex 77.9236 186.1 -30.5413
      vertex 75.1 186.1 -31.75
      vertex 77.7488 186.1 -30.5154
    endloop
  endfacet
  facet normal 0 1 0
    outer loop
      vertex 77.7488 186.1 -30.5154
      vertex 75.1 186.1 -31.75
      vertex 77.5775 186.1 -30.4725
    endloop
  endfacet
  facet normal 0 1 0
    outer loop
      vertex 76.3087 186.1 -28.9264
      vertex 75.1 186.1 -31.75
      vertex 75.1 186.1 -27
    endloop
  endfacet
  facet normal 0 1 0
    outer loop
      vertex 76.6034 186.1 -29.75
      vertex 75.1 186.1 -31.75
      vertex 76.5125 186.1 -29.5985
    endloop
  endfacet
  facet normal 0 1 0
    outer loop
      vertex 76.7086 186.1 -29.8919
      vertex 75.1 186.1 -31.75
      vertex 76.6034 186.1 -29.75
    endloop
  endfacet
  facet normal 0 1 0
    outer loop
      vertex 76.8272 186.1 -30.0228
      vertex 75.1 186.1 -31.75
      vertex 76.7086 186.1 -29.8919
    endloop
  endfacet
  facet normal 0 1 0
    outer loop
      vertex 76.9581 186.1 -30.1414
      vertex 75.1 186.1 -31.75
      vertex 76.8272 186.1 -30.0228
    endloop
  endfacet
  facet normal 0 1 0
    outer loop
      vertex 77.1 186.1 -30.2466
      vertex 75.1 186.1 -31.75
      vertex 76.9581 186.1 -30.1414
    endloop
  endfacet
  facet normal 0 1 0
    outer loop
      vertex 77.2515 186.1 -30.3375
      vertex 75.1 186.1 -31.75
      vertex 77.1 186.1 -30.2466
    endloop
  endfacet
  facet normal 0 1 0
    outer loop
      vertex 77.4112 186.1 -30.413
      vertex 75.1 186.1 -31.75
      vertex 77.2515 186.1 -30.3375
    endloop
  endfacet
  facet normal 0 1 0
    outer loop
      vertex 77.5775 186.1 -30.4725
      vertex 75.1 186.1 -31.75
      vertex 77.4112 186.1 -30.413
    endloop
  endfacet
  facet normal 0 0 0
    outer loop
      vertex 75.1 186.1 -31.75
      vertex 75.1 186.1 -26.25
      vertex 75.1 186.1 -27
    endloop
  endfacet
  facet normal 0 -1 0
    outer loop
      vertex 75.1 182.1 -27
      vertex 77.5775 182.1 -27.0275
      vertex 77.6873 182.1 -27
    endloop
  endfacet
  facet normal 0 -1 0
    outer loop
      vertex 75.1 182.1 -27
      vertex 77.4112 182.1 -27.087
      vertex 77.5775 182.1 -27.0275
    endloop
  endfacet
  facet normal 0 -1 0
    outer loop
      vertex 75.1 182.1 -27
      vertex 77.2515 182.1 -27.1625
      vertex 77.4112 182.1 -27.087
    endloop
  endfacet
  facet normal 0 -1 0
    outer loop
      vertex 75.1 182.1 -27
      vertex 77.1 182.1 -27.2534
      vertex 77.2515 182.1 -27.1625
    endloop
  endfacet
  facet normal 0 -1 0
    outer loop
      vertex 75.1 182.1 -27
      vertex 76.9581 182.1 -27.3586
      vertex 77.1 182.1 -27.2534
    endloop
  endfacet
  facet normal 0 -1 0
    outer loop
      vertex 75.1 182.1 -27
      vertex 76.8272 182.1 -27.4772
      vertex 76.9581 182.1 -27.3586
    endloop
  endfacet
  facet normal 0 -1 0
    outer loop
      vertex 75.1 182.1 -27
      vertex 76.7086 182.1 -27.6081
      vertex 76.8272 182.1 -27.4772
    endloop
  endfacet
  facet normal 0 -1 0
    outer loop
      vertex 75.1 182.1 -27
      vertex 76.6034 182.1 -27.75
      vertex 76.7086 182.1 -27.6081
    endloop
  endfacet
  facet normal 0 -1 0
    outer loop
      vertex 75.1 182.1 -27
      vertex 76.5125 182.1 -27.9015
      vertex 76.6034 182.1 -27.75
    endloop
  endfacet
  facet normal 0 -1 0
    outer loop
      vertex 75.1 182.1 -27
      vertex 76.437 182.1 -28.0612
      vertex 76.5125 182.1 -27.9015
    endloop
  endfacet
  facet normal 0 -1 0
    outer loop
      vertex 75.1 182.1 -27
      vertex 76.3775 182.1 -28.2275
      vertex 76.437 182.1 -28.0612
    endloop
  endfacet
  facet normal 0 -1 0
    outer loop
      vertex 75.1 182.1 -27
      vertex 76.3346 182.1 -28.3988
      vertex 76.3775 182.1 -28.2275
    endloop
  endfacet
  facet normal 0 -1 0
    outer loop
      vertex 75.1 182.1 -27
      vertex 76.3087 182.1 -28.5736
      vertex 76.3346 182.1 -28.3988
    endloop
  endfacet
  facet normal 0 -1 0
    outer loop
      vertex 75.1 182.1 -27
      vertex 76.3 182.1 -28.75
      vertex 76.3087 182.1 -28.5736
    endloop
  endfacet
  facet normal 0 -1 0
    outer loop
      vertex 75.1 182.1 -27
      vertex 76.3087 182.1 -28.9264
      vertex 76.3 182.1 -28.75
    endloop
  endfacet
  facet normal 0 -1 0
    outer loop
      vertex 75.1 182.1 -31.75
      vertex 76.3087 182.1 -28.9264
      vertex 75.1 182.1 -27
    endloop
  endfacet
  facet normal 0 -1 -0
    outer loop
      vertex 76.3087 182.1 -28.9264
      vertex 75.1 182.1 -31.75
      vertex 76.3346 182.1 -29.1012
    endloop
  endfacet
  facet normal 0 -1 -0
    outer loop
      vertex 76.3346 182.1 -29.1012
      vertex 75.1 182.1 -31.75
      vertex 76.3775 182.1 -29.2725
    endloop
  endfacet
  facet normal 0 -1 -0
    outer loop
      vertex 76.3775 182.1 -29.2725
      vertex 75.1 182.1 -31.75
      vertex 76.437 182.1 -29.4388
    endloop
  endfacet
  facet normal 0 -1 -0
    outer loop
      vertex 77.9236 182.1 -30.5413
      vertex 75.1 182.1 -31.75
      vertex 78.1 182.1 -30.55
    endloop
  endfacet
  facet normal 0 -1 -0
    outer loop
      vertex 77.7488 182.1 -30.5154
      vertex 75.1 182.1 -31.75
      vertex 77.9236 182.1 -30.5413
    endloop
  endfacet
  facet normal 0 -1 -0
    outer loop
      vertex 77.5775 182.1 -30.4725
      vertex 75.1 182.1 -31.75
      vertex 77.7488 182.1 -30.5154
    endloop
  endfacet
  facet normal 0 -1 -0
    outer loop
      vertex 77.4112 182.1 -30.413
      vertex 75.1 182.1 -31.75
      vertex 77.5775 182.1 -30.4725
    endloop
  endfacet
  facet normal 0 -1 -0
    outer loop
      vertex 77.2515 182.1 -30.3375
      vertex 75.1 182.1 -31.75
      vertex 77.4112 182.1 -30.413
    endloop
  endfacet
  facet normal 0 -1 -0
    outer loop
      vertex 77.1 182.1 -30.2466
      vertex 75.1 182.1 -31.75
      vertex 77.2515 182.1 -30.3375
    endloop
  endfacet
  facet normal 0 -1 -0
    outer loop
      vertex 76.9581 182.1 -30.1414
      vertex 75.1 182.1 -31.75
      vertex 77.1 182.1 -30.2466
    endloop
  endfacet
  facet normal 0 -1 -0
    outer loop
      vertex 76.8272 182.1 -30.0228
      vertex 75.1 182.1 -31.75
      vertex 76.9581 182.1 -30.1414
    endloop
  endfacet
  facet normal 0 -1 -0
    outer loop
      vertex 76.7086 182.1 -29.8919
      vertex 75.1 182.1 -31.75
      vertex 76.8272 182.1 -30.0228
    endloop
  endfacet
  facet normal 0 -1 -0
    outer loop
      vertex 76.6034 182.1 -29.75
      vertex 75.1 182.1 -31.75
      vertex 76.7086 182.1 -29.8919
    endloop
  endfacet
  facet normal 0 -1 -0
    outer loop
      vertex 76.5125 182.1 -29.5985
      vertex 75.1 182.1 -31.75
      vertex 76.6034 182.1 -29.75
    endloop
  endfacet
  facet normal 0 -1 -0
    outer loop
      vertex 76.437 182.1 -29.4388
      vertex 75.1 182.1 -31.75
      vertex 76.5125 182.1 -29.5985
    endloop
  endfacet
  facet normal 0 -1 0
    outer loop
      vertex 78.6225 182.1 -27.0275
      vertex 81.1 182.1 -27
      vertex 78.5127 182.1 -27
    endloop
  endfacet
  facet normal 0 -1 0
    outer loop
      vertex 78.7888 182.1 -27.087
      vertex 81.1 182.1 -27
      vertex 78.6225 182.1 -27.0275
    endloop
  endfacet
  facet normal 0 -1 0
    outer loop
      vertex 78.9485 182.1 -27.1625
      vertex 81.1 182.1 -27
      vertex 78.7888 182.1 -27.087
    endloop
  endfacet
  facet normal 0 -1 0
    outer loop
      vertex 79.1 182.1 -27.2534
      vertex 81.1 182.1 -27
      vertex 78.9485 182.1 -27.1625
    endloop
  endfacet
  facet normal 0 -1 0
    outer loop
      vertex 79.2419 182.1 -27.3586
      vertex 81.1 182.1 -27
      vertex 79.1 182.1 -27.2534
    endloop
  endfacet
  facet normal 0 -1 0
    outer loop
      vertex 79.3728 182.1 -27.4772
      vertex 81.1 182.1 -27
      vertex 79.2419 182.1 -27.3586
    endloop
  endfacet
  facet normal 0 -1 0
    outer loop
      vertex 79.4914 182.1 -27.6081
      vertex 81.1 182.1 -27
      vertex 79.3728 182.1 -27.4772
    endloop
  endfacet
  facet normal 0 -1 0
    outer loop
      vertex 79.5966 182.1 -27.75
      vertex 81.1 182.1 -27
      vertex 79.4914 182.1 -27.6081
    endloop
  endfacet
  facet normal 0 -1 0
    outer loop
      vertex 79.6875 182.1 -27.9015
      vertex 81.1 182.1 -27
      vertex 79.5966 182.1 -27.75
    endloop
  endfacet
  facet normal 0 -1 0
    outer loop
      vertex 79.763 182.1 -28.0612
      vertex 81.1 182.1 -27
      vertex 79.6875 182.1 -27.9015
    endloop
  endfacet
  facet normal 0 -1 0
    outer loop
      vertex 79.8225 182.1 -28.2275
      vertex 81.1 182.1 -27
      vertex 79.763 182.1 -28.0612
    endloop
  endfacet
  facet normal 0 -1 0
    outer loop
      vertex 79.8654 182.1 -28.3988
      vertex 81.1 182.1 -27
      vertex 79.8225 182.1 -28.2275
    endloop
  endfacet
  facet normal 0 -1 0
    outer loop
      vertex 79.8913 182.1 -28.5736
      vertex 81.1 182.1 -27
      vertex 79.8654 182.1 -28.3988
    endloop
  endfacet
  facet normal 0 -1 0
    outer loop
      vertex 79.9 182.1 -28.75
      vertex 81.1 182.1 -27
      vertex 79.8913 182.1 -28.5736
    endloop
  endfacet
  facet normal 0 -1 0
    outer loop
      vertex 79.8913 182.1 -28.9264
      vertex 81.1 182.1 -27
      vertex 79.9 182.1 -28.75
    endloop
  endfacet
  facet normal 0 -1 0
    outer loop
      vertex 81.1 182.1 -31.75
      vertex 79.8913 182.1 -28.9264
      vertex 79.8654 182.1 -29.1012
    endloop
  endfacet
  facet normal 0 -1 0
    outer loop
      vertex 81.1 182.1 -31.75
      vertex 79.8654 182.1 -29.1012
      vertex 79.8225 182.1 -29.2725
    endloop
  endfacet
  facet normal 0 -1 0
    outer loop
      vertex 81.1 182.1 -31.75
      vertex 79.8225 182.1 -29.2725
      vertex 79.763 182.1 -29.4388
    endloop
  endfacet
  facet normal 0 -1 0
    outer loop
      vertex 81.1 182.1 -31.75
      vertex 79.763 182.1 -29.4388
      vertex 79.6875 182.1 -29.5985
    endloop
  endfacet
  facet normal 0 -1 0
    outer loop
      vertex 81.1 182.1 -31.75
      vertex 78.1 182.1 -30.55
      vertex 75.1 182.1 -31.75
    endloop
  endfacet
  facet normal 0 -1 0
    outer loop
      vertex 78.1 182.1 -30.55
      vertex 81.1 182.1 -31.75
      vertex 78.2764 182.1 -30.5413
    endloop
  endfacet
  facet normal 0 -1 0
    outer loop
      vertex 78.2764 182.1 -30.5413
      vertex 81.1 182.1 -31.75
      vertex 78.4512 182.1 -30.5154
    endloop
  endfacet
  facet normal 0 -1 0
    outer loop
      vertex 78.4512 182.1 -30.5154
      vertex 81.1 182.1 -31.75
      vertex 78.6225 182.1 -30.4725
    endloop
  endfacet
  facet normal 0 -1 0
    outer loop
      vertex 79.8913 182.1 -28.9264
      vertex 81.1 182.1 -31.75
      vertex 81.1 182.1 -27
    endloop
  endfacet
  facet normal 0 -1 0
    outer loop
      vertex 79.5966 182.1 -29.75
      vertex 81.1 182.1 -31.75
      vertex 79.6875 182.1 -29.5985
    endloop
  endfacet
  facet normal 0 -1 0
    outer loop
      vertex 79.4914 182.1 -29.8919
      vertex 81.1 182.1 -31.75
      vertex 79.5966 182.1 -29.75
    endloop
  endfacet
  facet normal 0 -1 0
    outer loop
      vertex 79.3728 182.1 -30.0228
      vertex 81.1 182.1 -31.75
      vertex 79.4914 182.1 -29.8919
    endloop
  endfacet
  facet normal 0 -1 0
    outer loop
      vertex 79.2419 182.1 -30.1414
      vertex 81.1 182.1 -31.75
      vertex 79.3728 182.1 -30.0228
    endloop
  endfacet
  facet normal 0 -1 0
    outer loop
      vertex 79.1 182.1 -30.2466
      vertex 81.1 182.1 -31.75
      vertex 79.2419 182.1 -30.1414
    endloop
  endfacet
  facet normal 0 -1 0
    outer loop
      vertex 78.9485 182.1 -30.3375
      vertex 81.1 182.1 -31.75
      vertex 79.1 182.1 -30.2466
    endloop
  endfacet
  facet normal 0 -1 0
    outer loop
      vertex 78.7888 182.1 -30.413
      vertex 81.1 182.1 -31.75
      vertex 78.9485 182.1 -30.3375
    endloop
  endfacet
  facet normal 0 -1 0
    outer loop
      vertex 78.6225 182.1 -30.4725
      vertex 81.1 182.1 -31.75
      vertex 78.7888 182.1 -30.413
    endloop
  endfacet
  facet normal -0 0 0
    outer loop
      vertex 75.1 182.1 -27
      vertex 75.1 182.1 -26.25
      vertex 75.1 182.1 -31.75
    endloop
  endfacet
  facet normal -0.242951 0 -0.970038
    outer loop
      vertex 78.5127 182.1 -27
      vertex 78.6225 186.1 -27.0275
      vertex 78.6225 182.1 -27.0275
    endloop
  endfacet
  facet normal -0.242951 0 -0.970038
    outer loop
      vertex 78.6225 186.1 -27.0275
      vertex 78.5127 182.1 -27
      vertex 78.5127 186.1 -27
    endloop
  endfacet
  facet normal -0.94155 0 0.336874
    outer loop
      vertex 79.763 182.1 -29.4388
      vertex 79.8225 186.1 -29.2725
      vertex 79.763 186.1 -29.4388
    endloop
  endfacet
  facet normal -0.94155 0 0.336874
    outer loop
      vertex 79.8225 186.1 -29.2725
      vertex 79.763 182.1 -29.4388
      vertex 79.8225 182.1 -29.2725
    endloop
  endfacet
  facet normal -0.427405 0 0.90406
    outer loop
      vertex 78.7888 186.1 -30.413
      vertex 78.9485 182.1 -30.3375
      vertex 78.9485 186.1 -30.3375
    endloop
  endfacet
  facet normal -0.427405 0 0.90406
    outer loop
      vertex 78.9485 182.1 -30.3375
      vertex 78.7888 186.1 -30.413
      vertex 78.7888 182.1 -30.413
    endloop
  endfacet
  facet normal -0.741066 0 -0.671432
    outer loop
      vertex 79.4914 182.1 -27.6081
      vertex 79.3728 186.1 -27.4772
      vertex 79.4914 186.1 -27.6081
    endloop
  endfacet
  facet normal -0.741066 -0 -0.671432
    outer loop
      vertex 79.3728 186.1 -27.4772
      vertex 79.4914 182.1 -27.6081
      vertex 79.3728 182.1 -27.4772
    endloop
  endfacet
  facet normal -0.741066 0 0.671432
    outer loop
      vertex 79.3728 182.1 -30.0228
      vertex 79.4914 186.1 -29.8919
      vertex 79.3728 186.1 -30.0228
    endloop
  endfacet
  facet normal -0.741066 0 0.671432
    outer loop
      vertex 79.4914 186.1 -29.8919
      vertex 79.3728 182.1 -30.0228
      vertex 79.4914 182.1 -29.8919
    endloop
  endfacet
  facet normal -0.9892 0 -0.146569
    outer loop
      vertex 79.8913 182.1 -28.5736
      vertex 79.8654 186.1 -28.3988
      vertex 79.8913 186.1 -28.5736
    endloop
  endfacet
  facet normal -0.9892 -0 -0.146569
    outer loop
      vertex 79.8654 186.1 -28.3988
      vertex 79.8913 182.1 -28.5736
      vertex 79.8654 182.1 -28.3988
    endloop
  endfacet
  facet normal 0.336874 0 -0.94155
    outer loop
      vertex 77.4112 182.1 -27.087
      vertex 77.5775 186.1 -27.0275
      vertex 77.5775 182.1 -27.0275
    endloop
  endfacet
  facet normal 0.336874 0 -0.94155
    outer loop
      vertex 77.5775 186.1 -27.0275
      vertex 77.4112 182.1 -27.087
      vertex 77.4112 186.1 -27.087
    endloop
  endfacet
  facet normal 0.998786 0 -0.0492599
    outer loop
      vertex 76.3087 182.1 -28.5736
      vertex 76.3 186.1 -28.75
      vertex 76.3087 186.1 -28.5736
    endloop
  endfacet
  facet normal 0.998786 0 -0.0492599
    outer loop
      vertex 76.3 186.1 -28.75
      vertex 76.3087 182.1 -28.5736
      vertex 76.3 182.1 -28.75
    endloop
  endfacet
  facet normal -0.857493 0 -0.514496
    outer loop
      vertex 79.6875 182.1 -27.9015
      vertex 79.5966 186.1 -27.75
      vertex 79.6875 186.1 -27.9015
    endloop
  endfacet
  facet normal -0.857493 -0 -0.514496
    outer loop
      vertex 79.5966 186.1 -27.75
      vertex 79.6875 182.1 -27.9015
      vertex 79.5966 182.1 -27.75
    endloop
  endfacet
  facet normal 0.427405 0 -0.90406
    outer loop
      vertex 77.2515 182.1 -27.1625
      vertex 77.4112 186.1 -27.087
      vertex 77.4112 182.1 -27.087
    endloop
  endfacet
  facet normal 0.427405 0 -0.90406
    outer loop
      vertex 77.4112 186.1 -27.087
      vertex 77.2515 182.1 -27.1625
      vertex 77.2515 186.1 -27.1625
    endloop
  endfacet
  facet normal 0.595552 0 0.803316
    outer loop
      vertex 76.9581 186.1 -30.1414
      vertex 77.1 182.1 -30.2466
      vertex 77.1 186.1 -30.2466
    endloop
  endfacet
  facet normal 0.595552 0 0.803316
    outer loop
      vertex 77.1 182.1 -30.2466
      vertex 76.9581 186.1 -30.1414
      vertex 76.9581 182.1 -30.1414
    endloop
  endfacet
  facet normal -0.803316 0 0.595552
    outer loop
      vertex 79.4914 182.1 -29.8919
      vertex 79.5966 186.1 -29.75
      vertex 79.4914 186.1 -29.8919
    endloop
  endfacet
  facet normal -0.803316 0 0.595552
    outer loop
      vertex 79.5966 186.1 -29.75
      vertex 79.4914 182.1 -29.8919
      vertex 79.5966 182.1 -29.75
    endloop
  endfacet
  facet normal -0.671432 0 0.741066
    outer loop
      vertex 79.2419 186.1 -30.1414
      vertex 79.3728 182.1 -30.0228
      vertex 79.3728 186.1 -30.0228
    endloop
  endfacet
  facet normal -0.671432 0 0.741066
    outer loop
      vertex 79.3728 182.1 -30.0228
      vertex 79.2419 186.1 -30.1414
      vertex 79.2419 182.1 -30.1414
    endloop
  endfacet
  facet normal 0.803316 -0 0.595552
    outer loop
      vertex 76.6034 182.1 -29.75
      vertex 76.7086 186.1 -29.8919
      vertex 76.6034 186.1 -29.75
    endloop
  endfacet
  facet normal 0.803316 0 0.595552
    outer loop
      vertex 76.7086 186.1 -29.8919
      vertex 76.6034 182.1 -29.75
      vertex 76.7086 182.1 -29.8919
    endloop
  endfacet
  facet normal 0.671432 0 0.741066
    outer loop
      vertex 76.8272 186.1 -30.0228
      vertex 76.9581 182.1 -30.1414
      vertex 76.9581 186.1 -30.1414
    endloop
  endfacet
  facet normal 0.671432 0 0.741066
    outer loop
      vertex 76.9581 182.1 -30.1414
      vertex 76.8272 186.1 -30.0228
      vertex 76.8272 182.1 -30.0228
    endloop
  endfacet
  facet normal 0.514496 0 0.857493
    outer loop
      vertex 77.1 186.1 -30.2466
      vertex 77.2515 182.1 -30.3375
      vertex 77.2515 186.1 -30.3375
    endloop
  endfacet
  facet normal 0.514496 0 0.857493
    outer loop
      vertex 77.2515 182.1 -30.3375
      vertex 77.1 186.1 -30.2466
      vertex 77.1 182.1 -30.2466
    endloop
  endfacet
  facet normal 0.998786 -0 0.0492599
    outer loop
      vertex 76.3 182.1 -28.75
      vertex 76.3087 186.1 -28.9264
      vertex 76.3 186.1 -28.75
    endloop
  endfacet
  facet normal 0.998786 0 0.0492599
    outer loop
      vertex 76.3087 186.1 -28.9264
      vertex 76.3 182.1 -28.75
      vertex 76.3087 182.1 -28.9264
    endloop
  endfacet
  facet normal -0.90406 0 0.427405
    outer loop
      vertex 79.6875 182.1 -29.5985
      vertex 79.763 186.1 -29.4388
      vertex 79.6875 186.1 -29.5985
    endloop
  endfacet
  facet normal -0.90406 0 0.427405
    outer loop
      vertex 79.763 186.1 -29.4388
      vertex 79.6875 182.1 -29.5985
      vertex 79.763 182.1 -29.4388
    endloop
  endfacet
  facet normal -0.427405 0 -0.90406
    outer loop
      vertex 78.7888 182.1 -27.087
      vertex 78.9485 186.1 -27.1625
      vertex 78.9485 182.1 -27.1625
    endloop
  endfacet
  facet normal -0.427405 0 -0.90406
    outer loop
      vertex 78.9485 186.1 -27.1625
      vertex 78.7888 182.1 -27.087
      vertex 78.7888 186.1 -27.087
    endloop
  endfacet
  facet normal 0.514496 0 -0.857493
    outer loop
      vertex 77.1 182.1 -27.2534
      vertex 77.2515 186.1 -27.1625
      vertex 77.2515 182.1 -27.1625
    endloop
  endfacet
  facet normal 0.514496 0 -0.857493
    outer loop
      vertex 77.2515 186.1 -27.1625
      vertex 77.1 182.1 -27.2534
      vertex 77.1 186.1 -27.2534
    endloop
  endfacet
  facet normal -0.595552 0 -0.803316
    outer loop
      vertex 79.1 182.1 -27.2534
      vertex 79.2419 186.1 -27.3586
      vertex 79.2419 182.1 -27.3586
    endloop
  endfacet
  facet normal -0.595552 0 -0.803316
    outer loop
      vertex 79.2419 186.1 -27.3586
      vertex 79.1 182.1 -27.2534
      vertex 79.1 186.1 -27.2534
    endloop
  endfacet
  facet normal -0.94155 0 -0.336874
    outer loop
      vertex 79.8225 182.1 -28.2275
      vertex 79.763 186.1 -28.0612
      vertex 79.8225 186.1 -28.2275
    endloop
  endfacet
  facet normal -0.94155 -0 -0.336874
    outer loop
      vertex 79.763 186.1 -28.0612
      vertex 79.8225 182.1 -28.2275
      vertex 79.763 182.1 -28.0612
    endloop
  endfacet
  facet normal 0.671432 0 -0.741066
    outer loop
      vertex 76.8272 182.1 -27.4772
      vertex 76.9581 186.1 -27.3586
      vertex 76.9581 182.1 -27.3586
    endloop
  endfacet
  facet normal 0.671432 0 -0.741066
    outer loop
      vertex 76.9581 186.1 -27.3586
      vertex 76.8272 182.1 -27.4772
      vertex 76.8272 186.1 -27.4772
    endloop
  endfacet
  facet normal 0.595552 0 -0.803316
    outer loop
      vertex 76.9581 182.1 -27.3586
      vertex 77.1 186.1 -27.2534
      vertex 77.1 182.1 -27.2534
    endloop
  endfacet
  facet normal 0.595552 0 -0.803316
    outer loop
      vertex 77.1 186.1 -27.2534
      vertex 76.9581 182.1 -27.3586
      vertex 76.9581 186.1 -27.3586
    endloop
  endfacet
  facet normal -0.90406 0 -0.427405
    outer loop
      vertex 79.763 182.1 -28.0612
      vertex 79.6875 186.1 -27.9015
      vertex 79.763 186.1 -28.0612
    endloop
  endfacet
  facet normal -0.90406 -0 -0.427405
    outer loop
      vertex 79.6875 186.1 -27.9015
      vertex 79.763 182.1 -28.0612
      vertex 79.6875 182.1 -27.9015
    endloop
  endfacet
  facet normal -0.336874 0 -0.94155
    outer loop
      vertex 78.6225 182.1 -27.0275
      vertex 78.7888 186.1 -27.087
      vertex 78.7888 182.1 -27.087
    endloop
  endfacet
  facet normal -0.336874 0 -0.94155
    outer loop
      vertex 78.7888 186.1 -27.087
      vertex 78.6225 182.1 -27.0275
      vertex 78.6225 186.1 -27.0275
    endloop
  endfacet
  facet normal 0.803316 0 -0.595552
    outer loop
      vertex 76.7086 182.1 -27.6081
      vertex 76.6034 186.1 -27.75
      vertex 76.7086 186.1 -27.6081
    endloop
  endfacet
  facet normal 0.803316 0 -0.595552
    outer loop
      vertex 76.6034 186.1 -27.75
      vertex 76.7086 182.1 -27.6081
      vertex 76.6034 182.1 -27.75
    endloop
  endfacet
  facet normal -0.595552 0 0.803316
    outer loop
      vertex 79.1 186.1 -30.2466
      vertex 79.2419 182.1 -30.1414
      vertex 79.2419 186.1 -30.1414
    endloop
  endfacet
  facet normal -0.595552 0 0.803316
    outer loop
      vertex 79.2419 182.1 -30.1414
      vertex 79.1 186.1 -30.2466
      vertex 79.1 182.1 -30.2466
    endloop
  endfacet
  facet normal -0.671432 0 -0.741066
    outer loop
      vertex 79.2419 182.1 -27.3586
      vertex 79.3728 186.1 -27.4772
      vertex 79.3728 182.1 -27.4772
    endloop
  endfacet
  facet normal -0.671432 0 -0.741066
    outer loop
      vertex 79.3728 186.1 -27.4772
      vertex 79.2419 182.1 -27.3586
      vertex 79.2419 186.1 -27.3586
    endloop
  endfacet
  facet normal 0.242935 0 0.970042
    outer loop
      vertex 77.5775 186.1 -30.4725
      vertex 77.7488 182.1 -30.5154
      vertex 77.7488 186.1 -30.5154
    endloop
  endfacet
  facet normal 0.242935 0 0.970042
    outer loop
      vertex 77.7488 182.1 -30.5154
      vertex 77.5775 186.1 -30.4725
      vertex 77.5775 182.1 -30.4725
    endloop
  endfacet
  facet normal 0.9892 0 -0.146569
    outer loop
      vertex 76.3346 182.1 -28.3988
      vertex 76.3087 186.1 -28.5736
      vertex 76.3346 186.1 -28.3988
    endloop
  endfacet
  facet normal 0.9892 0 -0.146569
    outer loop
      vertex 76.3087 186.1 -28.5736
      vertex 76.3346 182.1 -28.3988
      vertex 76.3087 182.1 -28.5736
    endloop
  endfacet
  facet normal 0.970042 -0 0.242935
    outer loop
      vertex 76.3346 182.1 -29.1012
      vertex 76.3775 186.1 -29.2725
      vertex 76.3346 186.1 -29.1012
    endloop
  endfacet
  facet normal 0.970042 0 0.242935
    outer loop
      vertex 76.3775 186.1 -29.2725
      vertex 76.3346 182.1 -29.1012
      vertex 76.3775 182.1 -29.2725
    endloop
  endfacet
  facet normal -0.803316 0 -0.595552
    outer loop
      vertex 79.5966 182.1 -27.75
      vertex 79.4914 186.1 -27.6081
      vertex 79.5966 186.1 -27.75
    endloop
  endfacet
  facet normal -0.803316 -0 -0.595552
    outer loop
      vertex 79.4914 186.1 -27.6081
      vertex 79.5966 182.1 -27.75
      vertex 79.4914 182.1 -27.6081
    endloop
  endfacet
  facet normal 0.90406 0 -0.427405
    outer loop
      vertex 76.5125 182.1 -27.9015
      vertex 76.437 186.1 -28.0612
      vertex 76.5125 186.1 -27.9015
    endloop
  endfacet
  facet normal 0.90406 0 -0.427405
    outer loop
      vertex 76.437 186.1 -28.0612
      vertex 76.5125 182.1 -27.9015
      vertex 76.437 182.1 -28.0612
    endloop
  endfacet
  facet normal -0.9892 0 0.146569
    outer loop
      vertex 79.8654 182.1 -29.1012
      vertex 79.8913 186.1 -28.9264
      vertex 79.8654 186.1 -29.1012
    endloop
  endfacet
  facet normal -0.9892 0 0.146569
    outer loop
      vertex 79.8913 186.1 -28.9264
      vertex 79.8654 182.1 -29.1012
      vertex 79.8913 182.1 -28.9264
    endloop
  endfacet
  facet normal 0.242951 0 -0.970038
    outer loop
      vertex 77.5775 182.1 -27.0275
      vertex 77.6873 186.1 -27
      vertex 77.6873 182.1 -27
    endloop
  endfacet
  facet normal 0.242951 0 -0.970038
    outer loop
      vertex 77.6873 186.1 -27
      vertex 77.5775 182.1 -27.0275
      vertex 77.5775 186.1 -27.0275
    endloop
  endfacet
  facet normal -0.0492599 0 0.998786
    outer loop
      vertex 78.1 186.1 -30.55
      vertex 78.2764 182.1 -30.5413
      vertex 78.2764 186.1 -30.5413
    endloop
  endfacet
  facet normal -0.0492599 0 0.998786
    outer loop
      vertex 78.2764 182.1 -30.5413
      vertex 78.1 186.1 -30.55
      vertex 78.1 182.1 -30.55
    endloop
  endfacet
  facet normal -0.336874 0 0.94155
    outer loop
      vertex 78.6225 186.1 -30.4725
      vertex 78.7888 182.1 -30.413
      vertex 78.7888 186.1 -30.413
    endloop
  endfacet
  facet normal -0.336874 0 0.94155
    outer loop
      vertex 78.7888 182.1 -30.413
      vertex 78.6225 186.1 -30.4725
      vertex 78.6225 182.1 -30.4725
    endloop
  endfacet
  facet normal -0.970042 0 0.242935
    outer loop
      vertex 79.8225 182.1 -29.2725
      vertex 79.8654 186.1 -29.1012
      vertex 79.8225 186.1 -29.2725
    endloop
  endfacet
  facet normal -0.970042 0 0.242935
    outer loop
      vertex 79.8654 186.1 -29.1012
      vertex 79.8225 182.1 -29.2725
      vertex 79.8654 182.1 -29.1012
    endloop
  endfacet
  facet normal -0.514496 0 -0.857493
    outer loop
      vertex 78.9485 182.1 -27.1625
      vertex 79.1 186.1 -27.2534
      vertex 79.1 182.1 -27.2534
    endloop
  endfacet
  facet normal -0.514496 0 -0.857493
    outer loop
      vertex 79.1 186.1 -27.2534
      vertex 78.9485 182.1 -27.1625
      vertex 78.9485 186.1 -27.1625
    endloop
  endfacet
  facet normal 0.9892 -0 0.146569
    outer loop
      vertex 76.3087 182.1 -28.9264
      vertex 76.3346 186.1 -29.1012
      vertex 76.3087 186.1 -28.9264
    endloop
  endfacet
  facet normal 0.9892 0 0.146569
    outer loop
      vertex 76.3346 186.1 -29.1012
      vertex 76.3087 182.1 -28.9264
      vertex 76.3346 182.1 -29.1012
    endloop
  endfacet
  facet normal 0.970042 0 -0.242935
    outer loop
      vertex 76.3775 182.1 -28.2275
      vertex 76.3346 186.1 -28.3988
      vertex 76.3775 186.1 -28.2275
    endloop
  endfacet
  facet normal 0.970042 0 -0.242935
    outer loop
      vertex 76.3346 186.1 -28.3988
      vertex 76.3775 182.1 -28.2275
      vertex 76.3346 182.1 -28.3988
    endloop
  endfacet
  facet normal -0.970042 0 -0.242935
    outer loop
      vertex 79.8654 182.1 -28.3988
      vertex 79.8225 186.1 -28.2275
      vertex 79.8654 186.1 -28.3988
    endloop
  endfacet
  facet normal -0.970042 -0 -0.242935
    outer loop
      vertex 79.8225 186.1 -28.2275
      vertex 79.8654 182.1 -28.3988
      vertex 79.8225 182.1 -28.2275
    endloop
  endfacet
  facet normal 0.741066 -0 0.671432
    outer loop
      vertex 76.7086 182.1 -29.8919
      vertex 76.8272 186.1 -30.0228
      vertex 76.7086 186.1 -29.8919
    endloop
  endfacet
  facet normal 0.741066 0 0.671432
    outer loop
      vertex 76.8272 186.1 -30.0228
      vertex 76.7086 182.1 -29.8919
      vertex 76.8272 182.1 -30.0228
    endloop
  endfacet
  facet normal 0.94155 0 -0.336874
    outer loop
      vertex 76.437 182.1 -28.0612
      vertex 76.3775 186.1 -28.2275
      vertex 76.437 186.1 -28.0612
    endloop
  endfacet
  facet normal 0.94155 0 -0.336874
    outer loop
      vertex 76.3775 186.1 -28.2275
      vertex 76.437 182.1 -28.0612
      vertex 76.3775 182.1 -28.2275
    endloop
  endfacet
  facet normal -0.998786 0 -0.0492599
    outer loop
      vertex 79.9 182.1 -28.75
      vertex 79.8913 186.1 -28.5736
      vertex 79.9 186.1 -28.75
    endloop
  endfacet
  facet normal -0.998786 -0 -0.0492599
    outer loop
      vertex 79.8913 186.1 -28.5736
      vertex 79.9 182.1 -28.75
      vertex 79.8913 182.1 -28.5736
    endloop
  endfacet
  facet normal 0.857493 -0 0.514496
    outer loop
      vertex 76.5125 182.1 -29.5985
      vertex 76.6034 186.1 -29.75
      vertex 76.5125 186.1 -29.5985
    endloop
  endfacet
  facet normal 0.857493 0 0.514496
    outer loop
      vertex 76.6034 186.1 -29.75
      vertex 76.5125 182.1 -29.5985
      vertex 76.6034 182.1 -29.75
    endloop
  endfacet
  facet normal 0.741066 0 -0.671432
    outer loop
      vertex 76.8272 182.1 -27.4772
      vertex 76.7086 186.1 -27.6081
      vertex 76.8272 186.1 -27.4772
    endloop
  endfacet
  facet normal 0.741066 0 -0.671432
    outer loop
      vertex 76.7086 186.1 -27.6081
      vertex 76.8272 182.1 -27.4772
      vertex 76.7086 182.1 -27.6081
    endloop
  endfacet
  facet normal 0.94155 -0 0.336874
    outer loop
      vertex 76.3775 182.1 -29.2725
      vertex 76.437 186.1 -29.4388
      vertex 76.3775 186.1 -29.2725
    endloop
  endfacet
  facet normal 0.94155 0 0.336874
    outer loop
      vertex 76.437 186.1 -29.4388
      vertex 76.3775 182.1 -29.2725
      vertex 76.437 182.1 -29.4388
    endloop
  endfacet
  facet normal 0.336874 0 0.94155
    outer loop
      vertex 77.4112 186.1 -30.413
      vertex 77.5775 182.1 -30.4725
      vertex 77.5775 186.1 -30.4725
    endloop
  endfacet
  facet normal 0.336874 0 0.94155
    outer loop
      vertex 77.5775 182.1 -30.4725
      vertex 77.4112 186.1 -30.413
      vertex 77.4112 182.1 -30.413
    endloop
  endfacet
  facet normal -0.146569 0 0.9892
    outer loop
      vertex 78.2764 186.1 -30.5413
      vertex 78.4512 182.1 -30.5154
      vertex 78.4512 186.1 -30.5154
    endloop
  endfacet
  facet normal -0.146569 0 0.9892
    outer loop
      vertex 78.4512 182.1 -30.5154
      vertex 78.2764 186.1 -30.5413
      vertex 78.2764 182.1 -30.5413
    endloop
  endfacet
  facet normal 0.146569 0 0.9892
    outer loop
      vertex 77.7488 186.1 -30.5154
      vertex 77.9236 182.1 -30.5413
      vertex 77.9236 186.1 -30.5413
    endloop
  endfacet
  facet normal 0.146569 0 0.9892
    outer loop
      vertex 77.9236 182.1 -30.5413
      vertex 77.7488 186.1 -30.5154
      vertex 77.7488 182.1 -30.5154
    endloop
  endfacet
  facet normal -0.998786 0 0.0492599
    outer loop
      vertex 79.8913 182.1 -28.9264
      vertex 79.9 186.1 -28.75
      vertex 79.8913 186.1 -28.9264
    endloop
  endfacet
  facet normal -0.998786 0 0.0492599
    outer loop
      vertex 79.9 186.1 -28.75
      vertex 79.8913 182.1 -28.9264
      vertex 79.9 182.1 -28.75
    endloop
  endfacet
  facet normal -0.857493 0 0.514496
    outer loop
      vertex 79.5966 182.1 -29.75
      vertex 79.6875 186.1 -29.5985
      vertex 79.5966 186.1 -29.75
    endloop
  endfacet
  facet normal -0.857493 0 0.514496
    outer loop
      vertex 79.6875 186.1 -29.5985
      vertex 79.5966 182.1 -29.75
      vertex 79.6875 182.1 -29.5985
    endloop
  endfacet
  facet normal 0.427405 0 0.90406
    outer loop
      vertex 77.2515 186.1 -30.3375
      vertex 77.4112 182.1 -30.413
      vertex 77.4112 186.1 -30.413
    endloop
  endfacet
  facet normal 0.427405 0 0.90406
    outer loop
      vertex 77.4112 182.1 -30.413
      vertex 77.2515 186.1 -30.3375
      vertex 77.2515 182.1 -30.3375
    endloop
  endfacet
  facet normal -0.242935 0 0.970042
    outer loop
      vertex 78.4512 186.1 -30.5154
      vertex 78.6225 182.1 -30.4725
      vertex 78.6225 186.1 -30.4725
    endloop
  endfacet
  facet normal -0.242935 0 0.970042
    outer loop
      vertex 78.6225 182.1 -30.4725
      vertex 78.4512 186.1 -30.5154
      vertex 78.4512 182.1 -30.5154
    endloop
  endfacet
  facet normal 0.857493 0 -0.514496
    outer loop
      vertex 76.6034 182.1 -27.75
      vertex 76.5125 186.1 -27.9015
      vertex 76.6034 186.1 -27.75
    endloop
  endfacet
  facet normal 0.857493 0 -0.514496
    outer loop
      vertex 76.5125 186.1 -27.9015
      vertex 76.6034 182.1 -27.75
      vertex 76.5125 182.1 -27.9015
    endloop
  endfacet
  facet normal 0.90406 -0 0.427405
    outer loop
      vertex 76.437 182.1 -29.4388
      vertex 76.5125 186.1 -29.5985
      vertex 76.437 186.1 -29.4388
    endloop
  endfacet
  facet normal 0.90406 0 0.427405
    outer loop
      vertex 76.5125 186.1 -29.5985
      vertex 76.437 182.1 -29.4388
      vertex 76.5125 182.1 -29.5985
    endloop
  endfacet
  facet normal -0.514496 0 0.857493
    outer loop
      vertex 78.9485 186.1 -30.3375
      vertex 79.1 182.1 -30.2466
      vertex 79.1 186.1 -30.2466
    endloop
  endfacet
  facet normal -0.514496 0 0.857493
    outer loop
      vertex 79.1 182.1 -30.2466
      vertex 78.9485 186.1 -30.3375
      vertex 78.9485 182.1 -30.3375
    endloop
  endfacet
  facet normal 0.0492599 0 0.998786
    outer loop
      vertex 77.9236 186.1 -30.5413
      vertex 78.1 182.1 -30.55
      vertex 78.1 186.1 -30.55
    endloop
  endfacet
  facet normal 0.0492599 0 0.998786
    outer loop
      vertex 78.1 182.1 -30.55
      vertex 77.9236 186.1 -30.5413
      vertex 77.9236 182.1 -30.5413
    endloop
  endfacet
  facet normal -1 0 0
    outer loop
      vertex 75.1 212.9 -31.75
      vertex 75.1 216.9 -26.25
      vertex 75.1 216.9 -31.75
    endloop
  endfacet
  facet normal -1 -0 0
    outer loop
      vertex 75.1 216.9 -26.25
      vertex 75.1 212.9 -31.75
      vertex 75.1 212.9 -26.25
    endloop
  endfacet
  facet normal 0 0 -1
    outer loop
      vertex 75.1 212.9 -31.75
      vertex 81.1 216.9 -31.75
      vertex 81.1 212.9 -31.75
    endloop
  endfacet
  facet normal -0 0 -1
    outer loop
      vertex 81.1 216.9 -31.75
      vertex 75.1 212.9 -31.75
      vertex 75.1 216.9 -31.75
    endloop
  endfacet
  facet normal 1 -0 0
    outer loop
      vertex 81.1 212.9 -27
      vertex 81.1 216.9 -31.75
      vertex 81.1 216.9 -27
    endloop
  endfacet
  facet normal 1 0 0
    outer loop
      vertex 81.1 216.9 -31.75
      vertex 81.1 212.9 -27
      vertex 81.1 212.9 -31.75
    endloop
  endfacet
  facet normal 0 0 0
    outer loop
      vertex 81.1 216.9 -26.25
      vertex 81.1 216.9 -27
      vertex 81.1 216.9 -31.75
    endloop
  endfacet
  facet normal 0 1 0
    outer loop
      vertex 81.1 216.9 -26.25
      vertex 78.1 216.9 -26.95
      vertex 75.1 216.9 -26.25
    endloop
  endfacet
  facet normal 0 1 0
    outer loop
      vertex 81.1 216.9 -26.25
      vertex 78.2764 216.9 -26.9587
      vertex 78.1 216.9 -26.95
    endloop
  endfacet
  facet normal 0 1 0
    outer loop
      vertex 81.1 216.9 -26.25
      vertex 78.4512 216.9 -26.9846
      vertex 78.2764 216.9 -26.9587
    endloop
  endfacet
  facet normal 0 1 0
    outer loop
      vertex 81.1 216.9 -26.25
      vertex 78.6225 216.9 -27.0275
      vertex 78.4512 216.9 -26.9846
    endloop
  endfacet
  facet normal 0 1 0
    outer loop
      vertex 81.1 216.9 -26.25
      vertex 78.7888 216.9 -27.087
      vertex 78.6225 216.9 -27.0275
    endloop
  endfacet
  facet normal 0 1 0
    outer loop
      vertex 81.1 216.9 -26.25
      vertex 78.9485 216.9 -27.1625
      vertex 78.7888 216.9 -27.087
    endloop
  endfacet
  facet normal 0 1 0
    outer loop
      vertex 81.1 216.9 -26.25
      vertex 79.1 216.9 -27.2534
      vertex 78.9485 216.9 -27.1625
    endloop
  endfacet
  facet normal 0 1 0
    outer loop
      vertex 81.1 216.9 -26.25
      vertex 79.2419 216.9 -27.3586
      vertex 79.1 216.9 -27.2534
    endloop
  endfacet
  facet normal 0 1 0
    outer loop
      vertex 81.1 216.9 -26.25
      vertex 79.3728 216.9 -27.4772
      vertex 79.2419 216.9 -27.3586
    endloop
  endfacet
  facet normal 0 1 0
    outer loop
      vertex 81.1 216.9 -26.25
      vertex 79.4914 216.9 -27.6081
      vertex 79.3728 216.9 -27.4772
    endloop
  endfacet
  facet normal 0 1 0
    outer loop
      vertex 81.1 216.9 -26.25
      vertex 79.5966 216.9 -27.75
      vertex 79.4914 216.9 -27.6081
    endloop
  endfacet
  facet normal 0 1 0
    outer loop
      vertex 81.1 216.9 -26.25
      vertex 79.6875 216.9 -27.9015
      vertex 79.5966 216.9 -27.75
    endloop
  endfacet
  facet normal 0 1 0
    outer loop
      vertex 81.1 216.9 -26.25
      vertex 79.763 216.9 -28.0612
      vertex 79.6875 216.9 -27.9015
    endloop
  endfacet
  facet normal 0 1 0
    outer loop
      vertex 81.1 216.9 -26.25
      vertex 79.8225 216.9 -28.2275
      vertex 79.763 216.9 -28.0612
    endloop
  endfacet
  facet normal 0 1 0
    outer loop
      vertex 81.1 216.9 -26.25
      vertex 79.8654 216.9 -28.3988
      vertex 79.8225 216.9 -28.2275
    endloop
  endfacet
  facet normal 0 1 0
    outer loop
      vertex 81.1 216.9 -26.25
      vertex 79.8913 216.9 -28.5736
      vertex 79.8654 216.9 -28.3988
    endloop
  endfacet
  facet normal 0 1 0
    outer loop
      vertex 81.1 216.9 -26.25
      vertex 79.9 216.9 -28.75
      vertex 79.8913 216.9 -28.5736
    endloop
  endfacet
  facet normal 0 1 0
    outer loop
      vertex 81.1 216.9 -26.25
      vertex 79.8913 216.9 -28.9264
      vertex 79.9 216.9 -28.75
    endloop
  endfacet
  facet normal 0 1 -0
    outer loop
      vertex 81.1 216.9 -31.75
      vertex 79.8913 216.9 -28.9264
      vertex 81.1 216.9 -26.25
    endloop
  endfacet
  facet normal 0 1 0
    outer loop
      vertex 79.8913 216.9 -28.9264
      vertex 81.1 216.9 -31.75
      vertex 79.8654 216.9 -29.1012
    endloop
  endfacet
  facet normal 0 1 0
    outer loop
      vertex 79.8654 216.9 -29.1012
      vertex 81.1 216.9 -31.75
      vertex 79.8225 216.9 -29.2725
    endloop
  endfacet
  facet normal 0 1 0
    outer loop
      vertex 78.2764 216.9 -30.5413
      vertex 81.1 216.9 -31.75
      vertex 78.1 216.9 -30.55
    endloop
  endfacet
  facet normal 0 1 0
    outer loop
      vertex 78.4512 216.9 -30.5154
      vertex 81.1 216.9 -31.75
      vertex 78.2764 216.9 -30.5413
    endloop
  endfacet
  facet normal 0 1 0
    outer loop
      vertex 78.6225 216.9 -30.4725
      vertex 81.1 216.9 -31.75
      vertex 78.4512 216.9 -30.5154
    endloop
  endfacet
  facet normal 0 1 0
    outer loop
      vertex 78.7888 216.9 -30.413
      vertex 81.1 216.9 -31.75
      vertex 78.6225 216.9 -30.4725
    endloop
  endfacet
  facet normal 0 1 0
    outer loop
      vertex 78.9485 216.9 -30.3375
      vertex 81.1 216.9 -31.75
      vertex 78.7888 216.9 -30.413
    endloop
  endfacet
  facet normal 0 1 0
    outer loop
      vertex 79.1 216.9 -30.2466
      vertex 81.1 216.9 -31.75
      vertex 78.9485 216.9 -30.3375
    endloop
  endfacet
  facet normal 0 1 0
    outer loop
      vertex 79.2419 216.9 -30.1414
      vertex 81.1 216.9 -31.75
      vertex 79.1 216.9 -30.2466
    endloop
  endfacet
  facet normal 0 1 0
    outer loop
      vertex 79.3728 216.9 -30.0228
      vertex 81.1 216.9 -31.75
      vertex 79.2419 216.9 -30.1414
    endloop
  endfacet
  facet normal 0 1 0
    outer loop
      vertex 79.4914 216.9 -29.8919
      vertex 81.1 216.9 -31.75
      vertex 79.3728 216.9 -30.0228
    endloop
  endfacet
  facet normal 0 1 0
    outer loop
      vertex 79.5966 216.9 -29.75
      vertex 81.1 216.9 -31.75
      vertex 79.4914 216.9 -29.8919
    endloop
  endfacet
  facet normal 0 1 0
    outer loop
      vertex 79.6875 216.9 -29.5985
      vertex 81.1 216.9 -31.75
      vertex 79.5966 216.9 -29.75
    endloop
  endfacet
  facet normal 0 1 0
    outer loop
      vertex 79.763 216.9 -29.4388
      vertex 81.1 216.9 -31.75
      vertex 79.6875 216.9 -29.5985
    endloop
  endfacet
  facet normal 0 1 0
    outer loop
      vertex 79.8225 216.9 -29.2725
      vertex 81.1 216.9 -31.75
      vertex 79.763 216.9 -29.4388
    endloop
  endfacet
  facet normal 0 1 -0
    outer loop
      vertex 77.9236 216.9 -26.9587
      vertex 75.1 216.9 -26.25
      vertex 78.1 216.9 -26.95
    endloop
  endfacet
  facet normal 0 1 -0
    outer loop
      vertex 77.7488 216.9 -26.9846
      vertex 75.1 216.9 -26.25
      vertex 77.9236 216.9 -26.9587
    endloop
  endfacet
  facet normal 0 1 -0
    outer loop
      vertex 77.5775 216.9 -27.0275
      vertex 75.1 216.9 -26.25
      vertex 77.7488 216.9 -26.9846
    endloop
  endfacet
  facet normal 0 1 -0
    outer loop
      vertex 77.4112 216.9 -27.087
      vertex 75.1 216.9 -26.25
      vertex 77.5775 216.9 -27.0275
    endloop
  endfacet
  facet normal 0 1 -0
    outer loop
      vertex 77.2515 216.9 -27.1625
      vertex 75.1 216.9 -26.25
      vertex 77.4112 216.9 -27.087
    endloop
  endfacet
  facet normal 0 1 -0
    outer loop
      vertex 77.1 216.9 -27.2534
      vertex 75.1 216.9 -26.25
      vertex 77.2515 216.9 -27.1625
    endloop
  endfacet
  facet normal 0 1 -0
    outer loop
      vertex 76.9581 216.9 -27.3586
      vertex 75.1 216.9 -26.25
      vertex 77.1 216.9 -27.2534
    endloop
  endfacet
  facet normal 0 1 -0
    outer loop
      vertex 76.8272 216.9 -27.4772
      vertex 75.1 216.9 -26.25
      vertex 76.9581 216.9 -27.3586
    endloop
  endfacet
  facet normal 0 1 -0
    outer loop
      vertex 76.7086 216.9 -27.6081
      vertex 75.1 216.9 -26.25
      vertex 76.8272 216.9 -27.4772
    endloop
  endfacet
  facet normal 0 1 -0
    outer loop
      vertex 76.6034 216.9 -27.75
      vertex 75.1 216.9 -26.25
      vertex 76.7086 216.9 -27.6081
    endloop
  endfacet
  facet normal 0 1 -0
    outer loop
      vertex 76.5125 216.9 -27.9015
      vertex 75.1 216.9 -26.25
      vertex 76.6034 216.9 -27.75
    endloop
  endfacet
  facet normal 0 1 -0
    outer loop
      vertex 76.437 216.9 -28.0612
      vertex 75.1 216.9 -26.25
      vertex 76.5125 216.9 -27.9015
    endloop
  endfacet
  facet normal 0 1 -0
    outer loop
      vertex 76.3775 216.9 -28.2275
      vertex 75.1 216.9 -26.25
      vertex 76.437 216.9 -28.0612
    endloop
  endfacet
  facet normal 0 1 -0
    outer loop
      vertex 76.3346 216.9 -28.3988
      vertex 75.1 216.9 -26.25
      vertex 76.3775 216.9 -28.2275
    endloop
  endfacet
  facet normal 0 1 -0
    outer loop
      vertex 76.3087 216.9 -28.5736
      vertex 75.1 216.9 -26.25
      vertex 76.3346 216.9 -28.3988
    endloop
  endfacet
  facet normal 0 1 -0
    outer loop
      vertex 76.3 216.9 -28.75
      vertex 75.1 216.9 -26.25
      vertex 76.3087 216.9 -28.5736
    endloop
  endfacet
  facet normal 0 1 0
    outer loop
      vertex 76.3087 216.9 -28.9264
      vertex 75.1 216.9 -26.25
      vertex 76.3 216.9 -28.75
    endloop
  endfacet
  facet normal 0 1 0
    outer loop
      vertex 75.1 216.9 -31.75
      vertex 76.3087 216.9 -28.9264
      vertex 76.3346 216.9 -29.1012
    endloop
  endfacet
  facet normal 0 1 0
    outer loop
      vertex 75.1 216.9 -31.75
      vertex 76.3346 216.9 -29.1012
      vertex 76.3775 216.9 -29.2725
    endloop
  endfacet
  facet normal 0 1 0
    outer loop
      vertex 75.1 216.9 -31.75
      vertex 76.3775 216.9 -29.2725
      vertex 76.437 216.9 -29.4388
    endloop
  endfacet
  facet normal 0 1 0
    outer loop
      vertex 75.1 216.9 -31.75
      vertex 78.1 216.9 -30.55
      vertex 81.1 216.9 -31.75
    endloop
  endfacet
  facet normal 0 1 0
    outer loop
      vertex 78.1 216.9 -30.55
      vertex 75.1 216.9 -31.75
      vertex 77.9236 216.9 -30.5413
    endloop
  endfacet
  facet normal 0 1 0
    outer loop
      vertex 77.9236 216.9 -30.5413
      vertex 75.1 216.9 -31.75
      vertex 77.7488 216.9 -30.5154
    endloop
  endfacet
  facet normal 0 1 0
    outer loop
      vertex 77.7488 216.9 -30.5154
      vertex 75.1 216.9 -31.75
      vertex 77.5775 216.9 -30.4725
    endloop
  endfacet
  facet normal 0 1 0
    outer loop
      vertex 76.3087 216.9 -28.9264
      vertex 75.1 216.9 -31.75
      vertex 75.1 216.9 -26.25
    endloop
  endfacet
  facet normal 0 1 0
    outer loop
      vertex 76.5125 216.9 -29.5985
      vertex 75.1 216.9 -31.75
      vertex 76.437 216.9 -29.4388
    endloop
  endfacet
  facet normal 0 1 0
    outer loop
      vertex 76.6034 216.9 -29.75
      vertex 75.1 216.9 -31.75
      vertex 76.5125 216.9 -29.5985
    endloop
  endfacet
  facet normal 0 1 0
    outer loop
      vertex 76.7086 216.9 -29.8919
      vertex 75.1 216.9 -31.75
      vertex 76.6034 216.9 -29.75
    endloop
  endfacet
  facet normal 0 1 0
    outer loop
      vertex 76.8272 216.9 -30.0228
      vertex 75.1 216.9 -31.75
      vertex 76.7086 216.9 -29.8919
    endloop
  endfacet
  facet normal 0 1 0
    outer loop
      vertex 76.9581 216.9 -30.1414
      vertex 75.1 216.9 -31.75
      vertex 76.8272 216.9 -30.0228
    endloop
  endfacet
  facet normal 0 1 0
    outer loop
      vertex 77.1 216.9 -30.2466
      vertex 75.1 216.9 -31.75
      vertex 76.9581 216.9 -30.1414
    endloop
  endfacet
  facet normal 0 1 0
    outer loop
      vertex 77.2515 216.9 -30.3375
      vertex 75.1 216.9 -31.75
      vertex 77.1 216.9 -30.2466
    endloop
  endfacet
  facet normal 0 1 0
    outer loop
      vertex 77.4112 216.9 -30.413
      vertex 75.1 216.9 -31.75
      vertex 77.2515 216.9 -30.3375
    endloop
  endfacet
  facet normal 0 1 0
    outer loop
      vertex 77.5775 216.9 -30.4725
      vertex 75.1 216.9 -31.75
      vertex 77.4112 216.9 -30.413
    endloop
  endfacet
  facet normal 0 -1 0
    outer loop
      vertex 75.1 212.9 -27
      vertex 77.5775 212.9 -27.0275
      vertex 77.6873 212.9 -27
    endloop
  endfacet
  facet normal 0 -1 0
    outer loop
      vertex 75.1 212.9 -27
      vertex 77.4112 212.9 -27.087
      vertex 77.5775 212.9 -27.0275
    endloop
  endfacet
  facet normal 0 -1 0
    outer loop
      vertex 75.1 212.9 -27
      vertex 77.2515 212.9 -27.1625
      vertex 77.4112 212.9 -27.087
    endloop
  endfacet
  facet normal 0 -1 0
    outer loop
      vertex 75.1 212.9 -27
      vertex 77.1 212.9 -27.2534
      vertex 77.2515 212.9 -27.1625
    endloop
  endfacet
  facet normal 0 -1 0
    outer loop
      vertex 75.1 212.9 -27
      vertex 76.9581 212.9 -27.3586
      vertex 77.1 212.9 -27.2534
    endloop
  endfacet
  facet normal 0 -1 0
    outer loop
      vertex 75.1 212.9 -27
      vertex 76.8272 212.9 -27.4772
      vertex 76.9581 212.9 -27.3586
    endloop
  endfacet
  facet normal 0 -1 0
    outer loop
      vertex 75.1 212.9 -27
      vertex 76.7086 212.9 -27.6081
      vertex 76.8272 212.9 -27.4772
    endloop
  endfacet
  facet normal 0 -1 0
    outer loop
      vertex 75.1 212.9 -27
      vertex 76.6034 212.9 -27.75
      vertex 76.7086 212.9 -27.6081
    endloop
  endfacet
  facet normal 0 -1 0
    outer loop
      vertex 75.1 212.9 -27
      vertex 76.5125 212.9 -27.9015
      vertex 76.6034 212.9 -27.75
    endloop
  endfacet
  facet normal 0 -1 0
    outer loop
      vertex 75.1 212.9 -27
      vertex 76.437 212.9 -28.0612
      vertex 76.5125 212.9 -27.9015
    endloop
  endfacet
  facet normal 0 -1 0
    outer loop
      vertex 75.1 212.9 -27
      vertex 76.3775 212.9 -28.2275
      vertex 76.437 212.9 -28.0612
    endloop
  endfacet
  facet normal 0 -1 0
    outer loop
      vertex 75.1 212.9 -27
      vertex 76.3346 212.9 -28.3988
      vertex 76.3775 212.9 -28.2275
    endloop
  endfacet
  facet normal 0 -1 0
    outer loop
      vertex 75.1 212.9 -27
      vertex 76.3087 212.9 -28.5736
      vertex 76.3346 212.9 -28.3988
    endloop
  endfacet
  facet normal 0 -1 0
    outer loop
      vertex 75.1 212.9 -27
      vertex 76.3 212.9 -28.75
      vertex 76.3087 212.9 -28.5736
    endloop
  endfacet
  facet normal 0 -1 0
    outer loop
      vertex 75.1 212.9 -27
      vertex 76.3087 212.9 -28.9264
      vertex 76.3 212.9 -28.75
    endloop
  endfacet
  facet normal 0 -1 0
    outer loop
      vertex 75.1 212.9 -31.75
      vertex 76.3087 212.9 -28.9264
      vertex 75.1 212.9 -27
    endloop
  endfacet
  facet normal 0 -1 -0
    outer loop
      vertex 76.3087 212.9 -28.9264
      vertex 75.1 212.9 -31.75
      vertex 76.3346 212.9 -29.1012
    endloop
  endfacet
  facet normal 0 -1 -0
    outer loop
      vertex 76.3346 212.9 -29.1012
      vertex 75.1 212.9 -31.75
      vertex 76.3775 212.9 -29.2725
    endloop
  endfacet
  facet normal 0 -1 -0
    outer loop
      vertex 76.3775 212.9 -29.2725
      vertex 75.1 212.9 -31.75
      vertex 76.437 212.9 -29.4388
    endloop
  endfacet
  facet normal 0 -1 -0
    outer loop
      vertex 77.9236 212.9 -30.5413
      vertex 75.1 212.9 -31.75
      vertex 78.1 212.9 -30.55
    endloop
  endfacet
  facet normal 0 -1 -0
    outer loop
      vertex 77.7488 212.9 -30.5154
      vertex 75.1 212.9 -31.75
      vertex 77.9236 212.9 -30.5413
    endloop
  endfacet
  facet normal 0 -1 -0
    outer loop
      vertex 77.5775 212.9 -30.4725
      vertex 75.1 212.9 -31.75
      vertex 77.7488 212.9 -30.5154
    endloop
  endfacet
  facet normal 0 -1 -0
    outer loop
      vertex 77.4112 212.9 -30.413
      vertex 75.1 212.9 -31.75
      vertex 77.5775 212.9 -30.4725
    endloop
  endfacet
  facet normal 0 -1 -0
    outer loop
      vertex 77.2515 212.9 -30.3375
      vertex 75.1 212.9 -31.75
      vertex 77.4112 212.9 -30.413
    endloop
  endfacet
  facet normal 0 -1 -0
    outer loop
      vertex 77.1 212.9 -30.2466
      vertex 75.1 212.9 -31.75
      vertex 77.2515 212.9 -30.3375
    endloop
  endfacet
  facet normal 0 -1 -0
    outer loop
      vertex 76.9581 212.9 -30.1414
      vertex 75.1 212.9 -31.75
      vertex 77.1 212.9 -30.2466
    endloop
  endfacet
  facet normal 0 -1 -0
    outer loop
      vertex 76.8272 212.9 -30.0228
      vertex 75.1 212.9 -31.75
      vertex 76.9581 212.9 -30.1414
    endloop
  endfacet
  facet normal 0 -1 -0
    outer loop
      vertex 76.7086 212.9 -29.8919
      vertex 75.1 212.9 -31.75
      vertex 76.8272 212.9 -30.0228
    endloop
  endfacet
  facet normal 0 -1 -0
    outer loop
      vertex 76.6034 212.9 -29.75
      vertex 75.1 212.9 -31.75
      vertex 76.7086 212.9 -29.8919
    endloop
  endfacet
  facet normal 0 -1 -0
    outer loop
      vertex 76.5125 212.9 -29.5985
      vertex 75.1 212.9 -31.75
      vertex 76.6034 212.9 -29.75
    endloop
  endfacet
  facet normal 0 -1 -0
    outer loop
      vertex 76.437 212.9 -29.4388
      vertex 75.1 212.9 -31.75
      vertex 76.5125 212.9 -29.5985
    endloop
  endfacet
  facet normal 0 -1 0
    outer loop
      vertex 78.6225 212.9 -27.0275
      vertex 81.1 212.9 -27
      vertex 78.5127 212.9 -27
    endloop
  endfacet
  facet normal 0 -1 0
    outer loop
      vertex 78.7888 212.9 -27.087
      vertex 81.1 212.9 -27
      vertex 78.6225 212.9 -27.0275
    endloop
  endfacet
  facet normal 0 -1 0
    outer loop
      vertex 78.9485 212.9 -27.1625
      vertex 81.1 212.9 -27
      vertex 78.7888 212.9 -27.087
    endloop
  endfacet
  facet normal 0 -1 0
    outer loop
      vertex 79.1 212.9 -27.2534
      vertex 81.1 212.9 -27
      vertex 78.9485 212.9 -27.1625
    endloop
  endfacet
  facet normal 0 -1 0
    outer loop
      vertex 79.2419 212.9 -27.3586
      vertex 81.1 212.9 -27
      vertex 79.1 212.9 -27.2534
    endloop
  endfacet
  facet normal 0 -1 0
    outer loop
      vertex 79.3728 212.9 -27.4772
      vertex 81.1 212.9 -27
      vertex 79.2419 212.9 -27.3586
    endloop
  endfacet
  facet normal 0 -1 0
    outer loop
      vertex 79.4914 212.9 -27.6081
      vertex 81.1 212.9 -27
      vertex 79.3728 212.9 -27.4772
    endloop
  endfacet
  facet normal 0 -1 0
    outer loop
      vertex 79.5966 212.9 -27.75
      vertex 81.1 212.9 -27
      vertex 79.4914 212.9 -27.6081
    endloop
  endfacet
  facet normal 0 -1 0
    outer loop
      vertex 79.6875 212.9 -27.9015
      vertex 81.1 212.9 -27
      vertex 79.5966 212.9 -27.75
    endloop
  endfacet
  facet normal 0 -1 0
    outer loop
      vertex 79.763 212.9 -28.0612
      vertex 81.1 212.9 -27
      vertex 79.6875 212.9 -27.9015
    endloop
  endfacet
  facet normal 0 -1 0
    outer loop
      vertex 79.8225 212.9 -28.2275
      vertex 81.1 212.9 -27
      vertex 79.763 212.9 -28.0612
    endloop
  endfacet
  facet normal 0 -1 0
    outer loop
      vertex 79.8654 212.9 -28.3988
      vertex 81.1 212.9 -27
      vertex 79.8225 212.9 -28.2275
    endloop
  endfacet
  facet normal 0 -1 0
    outer loop
      vertex 79.8913 212.9 -28.5736
      vertex 81.1 212.9 -27
      vertex 79.8654 212.9 -28.3988
    endloop
  endfacet
  facet normal 0 -1 0
    outer loop
      vertex 79.9 212.9 -28.75
      vertex 81.1 212.9 -27
      vertex 79.8913 212.9 -28.5736
    endloop
  endfacet
  facet normal 0 -1 0
    outer loop
      vertex 79.8913 212.9 -28.9264
      vertex 81.1 212.9 -27
      vertex 79.9 212.9 -28.75
    endloop
  endfacet
  facet normal 0 -1 0
    outer loop
      vertex 81.1 212.9 -31.75
      vertex 79.8913 212.9 -28.9264
      vertex 79.8654 212.9 -29.1012
    endloop
  endfacet
  facet normal 0 -1 0
    outer loop
      vertex 81.1 212.9 -31.75
      vertex 79.8654 212.9 -29.1012
      vertex 79.8225 212.9 -29.2725
    endloop
  endfacet
  facet normal 0 -1 0
    outer loop
      vertex 81.1 212.9 -31.75
      vertex 79.8225 212.9 -29.2725
      vertex 79.763 212.9 -29.4388
    endloop
  endfacet
  facet normal 0 -1 0
    outer loop
      vertex 81.1 212.9 -31.75
      vertex 79.763 212.9 -29.4388
      vertex 79.6875 212.9 -29.5985
    endloop
  endfacet
  facet normal 0 -1 0
    outer loop
      vertex 81.1 212.9 -31.75
      vertex 78.1 212.9 -30.55
      vertex 75.1 212.9 -31.75
    endloop
  endfacet
  facet normal 0 -1 0
    outer loop
      vertex 78.1 212.9 -30.55
      vertex 81.1 212.9 -31.75
      vertex 78.2764 212.9 -30.5413
    endloop
  endfacet
  facet normal 0 -1 0
    outer loop
      vertex 78.2764 212.9 -30.5413
      vertex 81.1 212.9 -31.75
      vertex 78.4512 212.9 -30.5154
    endloop
  endfacet
  facet normal 0 -1 0
    outer loop
      vertex 78.4512 212.9 -30.5154
      vertex 81.1 212.9 -31.75
      vertex 78.6225 212.9 -30.4725
    endloop
  endfacet
  facet normal 0 -1 0
    outer loop
      vertex 79.8913 212.9 -28.9264
      vertex 81.1 212.9 -31.75
      vertex 81.1 212.9 -27
    endloop
  endfacet
  facet normal 0 -1 0
    outer loop
      vertex 79.5966 212.9 -29.75
      vertex 81.1 212.9 -31.75
      vertex 79.6875 212.9 -29.5985
    endloop
  endfacet
  facet normal 0 -1 0
    outer loop
      vertex 79.4914 212.9 -29.8919
      vertex 81.1 212.9 -31.75
      vertex 79.5966 212.9 -29.75
    endloop
  endfacet
  facet normal 0 -1 0
    outer loop
      vertex 79.3728 212.9 -30.0228
      vertex 81.1 212.9 -31.75
      vertex 79.4914 212.9 -29.8919
    endloop
  endfacet
  facet normal 0 -1 0
    outer loop
      vertex 79.2419 212.9 -30.1414
      vertex 81.1 212.9 -31.75
      vertex 79.3728 212.9 -30.0228
    endloop
  endfacet
  facet normal 0 -1 0
    outer loop
      vertex 79.1 212.9 -30.2466
      vertex 81.1 212.9 -31.75
      vertex 79.2419 212.9 -30.1414
    endloop
  endfacet
  facet normal 0 -1 0
    outer loop
      vertex 78.9485 212.9 -30.3375
      vertex 81.1 212.9 -31.75
      vertex 79.1 212.9 -30.2466
    endloop
  endfacet
  facet normal 0 -1 0
    outer loop
      vertex 78.7888 212.9 -30.413
      vertex 81.1 212.9 -31.75
      vertex 78.9485 212.9 -30.3375
    endloop
  endfacet
  facet normal 0 -1 0
    outer loop
      vertex 78.6225 212.9 -30.4725
      vertex 81.1 212.9 -31.75
      vertex 78.7888 212.9 -30.413
    endloop
  endfacet
  facet normal 0 0 0
    outer loop
      vertex 75.1 212.9 -31.75
      vertex 75.1 212.9 -27
      vertex 75.1 212.9 -26.25
    endloop
  endfacet
  facet normal -0.242951 0 -0.970038
    outer loop
      vertex 78.5127 212.9 -27
      vertex 78.6225 216.9 -27.0275
      vertex 78.6225 212.9 -27.0275
    endloop
  endfacet
  facet normal -0.242951 0 -0.970038
    outer loop
      vertex 78.6225 216.9 -27.0275
      vertex 78.5127 212.9 -27
      vertex 78.5127 216.9 -27
    endloop
  endfacet
  facet normal 0 -1 0
    outer loop
      vertex 78.6225 216.9 -27.0275
      vertex 78.5127 216.9 -27
      vertex 78.4512 216.9 -26.9846
    endloop
  endfacet
  facet normal -0.94155 0 0.336874
    outer loop
      vertex 79.763 212.9 -29.4388
      vertex 79.8225 216.9 -29.2725
      vertex 79.763 216.9 -29.4388
    endloop
  endfacet
  facet normal -0.94155 0 0.336874
    outer loop
      vertex 79.8225 216.9 -29.2725
      vertex 79.763 212.9 -29.4388
      vertex 79.8225 212.9 -29.2725
    endloop
  endfacet
  facet normal -0.427405 0 0.90406
    outer loop
      vertex 78.7888 216.9 -30.413
      vertex 78.9485 212.9 -30.3375
      vertex 78.9485 216.9 -30.3375
    endloop
  endfacet
  facet normal -0.427405 0 0.90406
    outer loop
      vertex 78.9485 212.9 -30.3375
      vertex 78.7888 216.9 -30.413
      vertex 78.7888 212.9 -30.413
    endloop
  endfacet
  facet normal -0.741066 0 -0.671432
    outer loop
      vertex 79.4914 212.9 -27.6081
      vertex 79.3728 216.9 -27.4772
      vertex 79.4914 216.9 -27.6081
    endloop
  endfacet
  facet normal -0.741066 -0 -0.671432
    outer loop
      vertex 79.3728 216.9 -27.4772
      vertex 79.4914 212.9 -27.6081
      vertex 79.3728 212.9 -27.4772
    endloop
  endfacet
  facet normal -0.741066 0 0.671432
    outer loop
      vertex 79.3728 212.9 -30.0228
      vertex 79.4914 216.9 -29.8919
      vertex 79.3728 216.9 -30.0228
    endloop
  endfacet
  facet normal -0.741066 0 0.671432
    outer loop
      vertex 79.4914 216.9 -29.8919
      vertex 79.3728 212.9 -30.0228
      vertex 79.4914 212.9 -29.8919
    endloop
  endfacet
  facet normal -0.9892 0 -0.146569
    outer loop
      vertex 79.8913 212.9 -28.5736
      vertex 79.8654 216.9 -28.3988
      vertex 79.8913 216.9 -28.5736
    endloop
  endfacet
  facet normal -0.9892 -0 -0.146569
    outer loop
      vertex 79.8654 216.9 -28.3988
      vertex 79.8913 212.9 -28.5736
      vertex 79.8654 212.9 -28.3988
    endloop
  endfacet
  facet normal 0.336874 0 -0.94155
    outer loop
      vertex 77.4112 212.9 -27.087
      vertex 77.5775 216.9 -27.0275
      vertex 77.5775 212.9 -27.0275
    endloop
  endfacet
  facet normal 0.336874 0 -0.94155
    outer loop
      vertex 77.5775 216.9 -27.0275
      vertex 77.4112 212.9 -27.087
      vertex 77.4112 216.9 -27.087
    endloop
  endfacet
  facet normal 0.998786 0 -0.0492599
    outer loop
      vertex 76.3087 212.9 -28.5736
      vertex 76.3 216.9 -28.75
      vertex 76.3087 216.9 -28.5736
    endloop
  endfacet
  facet normal 0.998786 0 -0.0492599
    outer loop
      vertex 76.3 216.9 -28.75
      vertex 76.3087 212.9 -28.5736
      vertex 76.3 212.9 -28.75
    endloop
  endfacet
  facet normal -0.857493 0 -0.514496
    outer loop
      vertex 79.6875 212.9 -27.9015
      vertex 79.5966 216.9 -27.75
      vertex 79.6875 216.9 -27.9015
    endloop
  endfacet
  facet normal -0.857493 -0 -0.514496
    outer loop
      vertex 79.5966 216.9 -27.75
      vertex 79.6875 212.9 -27.9015
      vertex 79.5966 212.9 -27.75
    endloop
  endfacet
  facet normal 0.427405 0 -0.90406
    outer loop
      vertex 77.2515 212.9 -27.1625
      vertex 77.4112 216.9 -27.087
      vertex 77.4112 212.9 -27.087
    endloop
  endfacet
  facet normal 0.427405 0 -0.90406
    outer loop
      vertex 77.4112 216.9 -27.087
      vertex 77.2515 212.9 -27.1625
      vertex 77.2515 216.9 -27.1625
    endloop
  endfacet
  facet normal 0.595552 0 0.803316
    outer loop
      vertex 76.9581 216.9 -30.1414
      vertex 77.1 212.9 -30.2466
      vertex 77.1 216.9 -30.2466
    endloop
  endfacet
  facet normal 0.595552 0 0.803316
    outer loop
      vertex 77.1 212.9 -30.2466
      vertex 76.9581 216.9 -30.1414
      vertex 76.9581 212.9 -30.1414
    endloop
  endfacet
  facet normal -0.803316 0 0.595552
    outer loop
      vertex 79.4914 212.9 -29.8919
      vertex 79.5966 216.9 -29.75
      vertex 79.4914 216.9 -29.8919
    endloop
  endfacet
  facet normal -0.803316 0 0.595552
    outer loop
      vertex 79.5966 216.9 -29.75
      vertex 79.4914 212.9 -29.8919
      vertex 79.5966 212.9 -29.75
    endloop
  endfacet
  facet normal -0.671432 0 0.741066
    outer loop
      vertex 79.2419 216.9 -30.1414
      vertex 79.3728 212.9 -30.0228
      vertex 79.3728 216.9 -30.0228
    endloop
  endfacet
  facet normal -0.671432 0 0.741066
    outer loop
      vertex 79.3728 212.9 -30.0228
      vertex 79.2419 216.9 -30.1414
      vertex 79.2419 212.9 -30.1414
    endloop
  endfacet
  facet normal 0.803316 -0 0.595552
    outer loop
      vertex 76.6034 212.9 -29.75
      vertex 76.7086 216.9 -29.8919
      vertex 76.6034 216.9 -29.75
    endloop
  endfacet
  facet normal 0.803316 0 0.595552
    outer loop
      vertex 76.7086 216.9 -29.8919
      vertex 76.6034 212.9 -29.75
      vertex 76.7086 212.9 -29.8919
    endloop
  endfacet
  facet normal 0.671432 0 0.741066
    outer loop
      vertex 76.8272 216.9 -30.0228
      vertex 76.9581 212.9 -30.1414
      vertex 76.9581 216.9 -30.1414
    endloop
  endfacet
  facet normal 0.671432 0 0.741066
    outer loop
      vertex 76.9581 212.9 -30.1414
      vertex 76.8272 216.9 -30.0228
      vertex 76.8272 212.9 -30.0228
    endloop
  endfacet
  facet normal 0.514496 0 0.857493
    outer loop
      vertex 77.1 216.9 -30.2466
      vertex 77.2515 212.9 -30.3375
      vertex 77.2515 216.9 -30.3375
    endloop
  endfacet
  facet normal 0.514496 0 0.857493
    outer loop
      vertex 77.2515 212.9 -30.3375
      vertex 77.1 216.9 -30.2466
      vertex 77.1 212.9 -30.2466
    endloop
  endfacet
  facet normal 0.998786 -0 0.0492599
    outer loop
      vertex 76.3 212.9 -28.75
      vertex 76.3087 216.9 -28.9264
      vertex 76.3 216.9 -28.75
    endloop
  endfacet
  facet normal 0.998786 0 0.0492599
    outer loop
      vertex 76.3087 216.9 -28.9264
      vertex 76.3 212.9 -28.75
      vertex 76.3087 212.9 -28.9264
    endloop
  endfacet
  facet normal -0.90406 0 0.427405
    outer loop
      vertex 79.6875 212.9 -29.5985
      vertex 79.763 216.9 -29.4388
      vertex 79.6875 216.9 -29.5985
    endloop
  endfacet
  facet normal -0.90406 0 0.427405
    outer loop
      vertex 79.763 216.9 -29.4388
      vertex 79.6875 212.9 -29.5985
      vertex 79.763 212.9 -29.4388
    endloop
  endfacet
  facet normal -0.427405 0 -0.90406
    outer loop
      vertex 78.7888 212.9 -27.087
      vertex 78.9485 216.9 -27.1625
      vertex 78.9485 212.9 -27.1625
    endloop
  endfacet
  facet normal -0.427405 0 -0.90406
    outer loop
      vertex 78.9485 216.9 -27.1625
      vertex 78.7888 212.9 -27.087
      vertex 78.7888 216.9 -27.087
    endloop
  endfacet
  facet normal 0.514496 0 -0.857493
    outer loop
      vertex 77.1 212.9 -27.2534
      vertex 77.2515 216.9 -27.1625
      vertex 77.2515 212.9 -27.1625
    endloop
  endfacet
  facet normal 0.514496 0 -0.857493
    outer loop
      vertex 77.2515 216.9 -27.1625
      vertex 77.1 212.9 -27.2534
      vertex 77.1 216.9 -27.2534
    endloop
  endfacet
  facet normal -0.595552 0 -0.803316
    outer loop
      vertex 79.1 212.9 -27.2534
      vertex 79.2419 216.9 -27.3586
      vertex 79.2419 212.9 -27.3586
    endloop
  endfacet
  facet normal -0.595552 0 -0.803316
    outer loop
      vertex 79.2419 216.9 -27.3586
      vertex 79.1 212.9 -27.2534
      vertex 79.1 216.9 -27.2534
    endloop
  endfacet
  facet normal -0.94155 0 -0.336874
    outer loop
      vertex 79.8225 212.9 -28.2275
      vertex 79.763 216.9 -28.0612
      vertex 79.8225 216.9 -28.2275
    endloop
  endfacet
  facet normal -0.94155 -0 -0.336874
    outer loop
      vertex 79.763 216.9 -28.0612
      vertex 79.8225 212.9 -28.2275
      vertex 79.763 212.9 -28.0612
    endloop
  endfacet
  facet normal 0.671432 0 -0.741066
    outer loop
      vertex 76.8272 212.9 -27.4772
      vertex 76.9581 216.9 -27.3586
      vertex 76.9581 212.9 -27.3586
    endloop
  endfacet
  facet normal 0.671432 0 -0.741066
    outer loop
      vertex 76.9581 216.9 -27.3586
      vertex 76.8272 212.9 -27.4772
      vertex 76.8272 216.9 -27.4772
    endloop
  endfacet
  facet normal 0.595552 0 -0.803316
    outer loop
      vertex 76.9581 212.9 -27.3586
      vertex 77.1 216.9 -27.2534
      vertex 77.1 212.9 -27.2534
    endloop
  endfacet
  facet normal 0.595552 0 -0.803316
    outer loop
      vertex 77.1 216.9 -27.2534
      vertex 76.9581 212.9 -27.3586
      vertex 76.9581 216.9 -27.3586
    endloop
  endfacet
  facet normal -0.90406 0 -0.427405
    outer loop
      vertex 79.763 212.9 -28.0612
      vertex 79.6875 216.9 -27.9015
      vertex 79.763 216.9 -28.0612
    endloop
  endfacet
  facet normal -0.90406 -0 -0.427405
    outer loop
      vertex 79.6875 216.9 -27.9015
      vertex 79.763 212.9 -28.0612
      vertex 79.6875 212.9 -27.9015
    endloop
  endfacet
  facet normal -0.336874 0 -0.94155
    outer loop
      vertex 78.6225 212.9 -27.0275
      vertex 78.7888 216.9 -27.087
      vertex 78.7888 212.9 -27.087
    endloop
  endfacet
  facet normal -0.336874 0 -0.94155
    outer loop
      vertex 78.7888 216.9 -27.087
      vertex 78.6225 212.9 -27.0275
      vertex 78.6225 216.9 -27.0275
    endloop
  endfacet
  facet normal 0.803316 0 -0.595552
    outer loop
      vertex 76.7086 212.9 -27.6081
      vertex 76.6034 216.9 -27.75
      vertex 76.7086 216.9 -27.6081
    endloop
  endfacet
  facet normal 0.803316 0 -0.595552
    outer loop
      vertex 76.6034 216.9 -27.75
      vertex 76.7086 212.9 -27.6081
      vertex 76.6034 212.9 -27.75
    endloop
  endfacet
  facet normal -0.595552 0 0.803316
    outer loop
      vertex 79.1 216.9 -30.2466
      vertex 79.2419 212.9 -30.1414
      vertex 79.2419 216.9 -30.1414
    endloop
  endfacet
  facet normal -0.595552 0 0.803316
    outer loop
      vertex 79.2419 212.9 -30.1414
      vertex 79.1 216.9 -30.2466
      vertex 79.1 212.9 -30.2466
    endloop
  endfacet
  facet normal -0.671432 0 -0.741066
    outer loop
      vertex 79.2419 212.9 -27.3586
      vertex 79.3728 216.9 -27.4772
      vertex 79.3728 212.9 -27.4772
    endloop
  endfacet
  facet normal -0.671432 0 -0.741066
    outer loop
      vertex 79.3728 216.9 -27.4772
      vertex 79.2419 212.9 -27.3586
      vertex 79.2419 216.9 -27.3586
    endloop
  endfacet
  facet normal 0.242935 0 0.970042
    outer loop
      vertex 77.5775 216.9 -30.4725
      vertex 77.7488 212.9 -30.5154
      vertex 77.7488 216.9 -30.5154
    endloop
  endfacet
  facet normal 0.242935 0 0.970042
    outer loop
      vertex 77.7488 212.9 -30.5154
      vertex 77.5775 216.9 -30.4725
      vertex 77.5775 212.9 -30.4725
    endloop
  endfacet
  facet normal 0.9892 0 -0.146569
    outer loop
      vertex 76.3346 212.9 -28.3988
      vertex 76.3087 216.9 -28.5736
      vertex 76.3346 216.9 -28.3988
    endloop
  endfacet
  facet normal 0.9892 0 -0.146569
    outer loop
      vertex 76.3087 216.9 -28.5736
      vertex 76.3346 212.9 -28.3988
      vertex 76.3087 212.9 -28.5736
    endloop
  endfacet
  facet normal 0.970042 -0 0.242935
    outer loop
      vertex 76.3346 212.9 -29.1012
      vertex 76.3775 216.9 -29.2725
      vertex 76.3346 216.9 -29.1012
    endloop
  endfacet
  facet normal 0.970042 0 0.242935
    outer loop
      vertex 76.3775 216.9 -29.2725
      vertex 76.3346 212.9 -29.1012
      vertex 76.3775 212.9 -29.2725
    endloop
  endfacet
  facet normal -0.803316 0 -0.595552
    outer loop
      vertex 79.5966 212.9 -27.75
      vertex 79.4914 216.9 -27.6081
      vertex 79.5966 216.9 -27.75
    endloop
  endfacet
  facet normal -0.803316 -0 -0.595552
    outer loop
      vertex 79.4914 216.9 -27.6081
      vertex 79.5966 212.9 -27.75
      vertex 79.4914 212.9 -27.6081
    endloop
  endfacet
  facet normal 0.90406 0 -0.427405
    outer loop
      vertex 76.5125 212.9 -27.9015
      vertex 76.437 216.9 -28.0612
      vertex 76.5125 216.9 -27.9015
    endloop
  endfacet
  facet normal 0.90406 0 -0.427405
    outer loop
      vertex 76.437 216.9 -28.0612
      vertex 76.5125 212.9 -27.9015
      vertex 76.437 212.9 -28.0612
    endloop
  endfacet
  facet normal -0.9892 0 0.146569
    outer loop
      vertex 79.8654 212.9 -29.1012
      vertex 79.8913 216.9 -28.9264
      vertex 79.8654 216.9 -29.1012
    endloop
  endfacet
  facet normal -0.9892 0 0.146569
    outer loop
      vertex 79.8913 216.9 -28.9264
      vertex 79.8654 212.9 -29.1012
      vertex 79.8913 212.9 -28.9264
    endloop
  endfacet
  facet normal 0.242951 0 -0.970038
    outer loop
      vertex 77.5775 212.9 -27.0275
      vertex 77.6873 216.9 -27
      vertex 77.6873 212.9 -27
    endloop
  endfacet
  facet normal 0.242951 0 -0.970038
    outer loop
      vertex 77.6873 216.9 -27
      vertex 77.5775 212.9 -27.0275
      vertex 77.5775 216.9 -27.0275
    endloop
  endfacet
  facet normal 0 -1 -0
    outer loop
      vertex 77.6873 216.9 -27
      vertex 77.5775 216.9 -27.0275
      vertex 77.7488 216.9 -26.9846
    endloop
  endfacet
  facet normal -0.0492599 0 0.998786
    outer loop
      vertex 78.1 216.9 -30.55
      vertex 78.2764 212.9 -30.5413
      vertex 78.2764 216.9 -30.5413
    endloop
  endfacet
  facet normal -0.0492599 0 0.998786
    outer loop
      vertex 78.2764 212.9 -30.5413
      vertex 78.1 216.9 -30.55
      vertex 78.1 212.9 -30.55
    endloop
  endfacet
  facet normal -0.336874 0 0.94155
    outer loop
      vertex 78.6225 216.9 -30.4725
      vertex 78.7888 212.9 -30.413
      vertex 78.7888 216.9 -30.413
    endloop
  endfacet
  facet normal -0.336874 0 0.94155
    outer loop
      vertex 78.7888 212.9 -30.413
      vertex 78.6225 216.9 -30.4725
      vertex 78.6225 212.9 -30.4725
    endloop
  endfacet
  facet normal -0.970042 0 0.242935
    outer loop
      vertex 79.8225 212.9 -29.2725
      vertex 79.8654 216.9 -29.1012
      vertex 79.8225 216.9 -29.2725
    endloop
  endfacet
  facet normal -0.970042 0 0.242935
    outer loop
      vertex 79.8654 216.9 -29.1012
      vertex 79.8225 212.9 -29.2725
      vertex 79.8654 212.9 -29.1012
    endloop
  endfacet
  facet normal -0.514496 0 -0.857493
    outer loop
      vertex 78.9485 212.9 -27.1625
      vertex 79.1 216.9 -27.2534
      vertex 79.1 212.9 -27.2534
    endloop
  endfacet
  facet normal -0.514496 0 -0.857493
    outer loop
      vertex 79.1 216.9 -27.2534
      vertex 78.9485 212.9 -27.1625
      vertex 78.9485 216.9 -27.1625
    endloop
  endfacet
  facet normal 0.9892 -0 0.146569
    outer loop
      vertex 76.3087 212.9 -28.9264
      vertex 76.3346 216.9 -29.1012
      vertex 76.3087 216.9 -28.9264
    endloop
  endfacet
  facet normal 0.9892 0 0.146569
    outer loop
      vertex 76.3346 216.9 -29.1012
      vertex 76.3087 212.9 -28.9264
      vertex 76.3346 212.9 -29.1012
    endloop
  endfacet
  facet normal 0.970042 0 -0.242935
    outer loop
      vertex 76.3775 212.9 -28.2275
      vertex 76.3346 216.9 -28.3988
      vertex 76.3775 216.9 -28.2275
    endloop
  endfacet
  facet normal 0.970042 0 -0.242935
    outer loop
      vertex 76.3346 216.9 -28.3988
      vertex 76.3775 212.9 -28.2275
      vertex 76.3346 212.9 -28.3988
    endloop
  endfacet
  facet normal -0.970042 0 -0.242935
    outer loop
      vertex 79.8654 212.9 -28.3988
      vertex 79.8225 216.9 -28.2275
      vertex 79.8654 216.9 -28.3988
    endloop
  endfacet
  facet normal -0.970042 -0 -0.242935
    outer loop
      vertex 79.8225 216.9 -28.2275
      vertex 79.8654 212.9 -28.3988
      vertex 79.8225 212.9 -28.2275
    endloop
  endfacet
  facet normal 0.741066 -0 0.671432
    outer loop
      vertex 76.7086 212.9 -29.8919
      vertex 76.8272 216.9 -30.0228
      vertex 76.7086 216.9 -29.8919
    endloop
  endfacet
  facet normal 0.741066 0 0.671432
    outer loop
      vertex 76.8272 216.9 -30.0228
      vertex 76.7086 212.9 -29.8919
      vertex 76.8272 212.9 -30.0228
    endloop
  endfacet
  facet normal 0.94155 0 -0.336874
    outer loop
      vertex 76.437 212.9 -28.0612
      vertex 76.3775 216.9 -28.2275
      vertex 76.437 216.9 -28.0612
    endloop
  endfacet
  facet normal 0.94155 0 -0.336874
    outer loop
      vertex 76.3775 216.9 -28.2275
      vertex 76.437 212.9 -28.0612
      vertex 76.3775 212.9 -28.2275
    endloop
  endfacet
  facet normal -0.998786 0 -0.0492599
    outer loop
      vertex 79.9 212.9 -28.75
      vertex 79.8913 216.9 -28.5736
      vertex 79.9 216.9 -28.75
    endloop
  endfacet
  facet normal -0.998786 -0 -0.0492599
    outer loop
      vertex 79.8913 216.9 -28.5736
      vertex 79.9 212.9 -28.75
      vertex 79.8913 212.9 -28.5736
    endloop
  endfacet
  facet normal 0.857493 -0 0.514496
    outer loop
      vertex 76.5125 212.9 -29.5985
      vertex 76.6034 216.9 -29.75
      vertex 76.5125 216.9 -29.5985
    endloop
  endfacet
  facet normal 0.857493 0 0.514496
    outer loop
      vertex 76.6034 216.9 -29.75
      vertex 76.5125 212.9 -29.5985
      vertex 76.6034 212.9 -29.75
    endloop
  endfacet
  facet normal 0.741066 0 -0.671432
    outer loop
      vertex 76.8272 212.9 -27.4772
      vertex 76.7086 216.9 -27.6081
      vertex 76.8272 216.9 -27.4772
    endloop
  endfacet
  facet normal 0.741066 0 -0.671432
    outer loop
      vertex 76.7086 216.9 -27.6081
      vertex 76.8272 212.9 -27.4772
      vertex 76.7086 212.9 -27.6081
    endloop
  endfacet
  facet normal 0.94155 -0 0.336874
    outer loop
      vertex 76.3775 212.9 -29.2725
      vertex 76.437 216.9 -29.4388
      vertex 76.3775 216.9 -29.2725
    endloop
  endfacet
  facet normal 0.94155 0 0.336874
    outer loop
      vertex 76.437 216.9 -29.4388
      vertex 76.3775 212.9 -29.2725
      vertex 76.437 212.9 -29.4388
    endloop
  endfacet
  facet normal 0.336874 0 0.94155
    outer loop
      vertex 77.4112 216.9 -30.413
      vertex 77.5775 212.9 -30.4725
      vertex 77.5775 216.9 -30.4725
    endloop
  endfacet
  facet normal 0.336874 0 0.94155
    outer loop
      vertex 77.5775 212.9 -30.4725
      vertex 77.4112 216.9 -30.413
      vertex 77.4112 212.9 -30.413
    endloop
  endfacet
  facet normal -0.146569 0 0.9892
    outer loop
      vertex 78.2764 216.9 -30.5413
      vertex 78.4512 212.9 -30.5154
      vertex 78.4512 216.9 -30.5154
    endloop
  endfacet
  facet normal -0.146569 0 0.9892
    outer loop
      vertex 78.4512 212.9 -30.5154
      vertex 78.2764 216.9 -30.5413
      vertex 78.2764 212.9 -30.5413
    endloop
  endfacet
  facet normal 0.146569 0 0.9892
    outer loop
      vertex 77.7488 216.9 -30.5154
      vertex 77.9236 212.9 -30.5413
      vertex 77.9236 216.9 -30.5413
    endloop
  endfacet
  facet normal 0.146569 0 0.9892
    outer loop
      vertex 77.9236 212.9 -30.5413
      vertex 77.7488 216.9 -30.5154
      vertex 77.7488 212.9 -30.5154
    endloop
  endfacet
  facet normal -0.998786 0 0.0492599
    outer loop
      vertex 79.8913 212.9 -28.9264
      vertex 79.9 216.9 -28.75
      vertex 79.8913 216.9 -28.9264
    endloop
  endfacet
  facet normal -0.998786 0 0.0492599
    outer loop
      vertex 79.9 216.9 -28.75
      vertex 79.8913 212.9 -28.9264
      vertex 79.9 212.9 -28.75
    endloop
  endfacet
  facet normal -0.857493 0 0.514496
    outer loop
      vertex 79.5966 212.9 -29.75
      vertex 79.6875 216.9 -29.5985
      vertex 79.5966 216.9 -29.75
    endloop
  endfacet
  facet normal -0.857493 0 0.514496
    outer loop
      vertex 79.6875 216.9 -29.5985
      vertex 79.5966 212.9 -29.75
      vertex 79.6875 212.9 -29.5985
    endloop
  endfacet
  facet normal 0.427405 0 0.90406
    outer loop
      vertex 77.2515 216.9 -30.3375
      vertex 77.4112 212.9 -30.413
      vertex 77.4112 216.9 -30.413
    endloop
  endfacet
  facet normal 0.427405 0 0.90406
    outer loop
      vertex 77.4112 212.9 -30.413
      vertex 77.2515 216.9 -30.3375
      vertex 77.2515 212.9 -30.3375
    endloop
  endfacet
  facet normal -0.242935 0 0.970042
    outer loop
      vertex 78.4512 216.9 -30.5154
      vertex 78.6225 212.9 -30.4725
      vertex 78.6225 216.9 -30.4725
    endloop
  endfacet
  facet normal -0.242935 0 0.970042
    outer loop
      vertex 78.6225 212.9 -30.4725
      vertex 78.4512 216.9 -30.5154
      vertex 78.4512 212.9 -30.5154
    endloop
  endfacet
  facet normal 0.857493 0 -0.514496
    outer loop
      vertex 76.6034 212.9 -27.75
      vertex 76.5125 216.9 -27.9015
      vertex 76.6034 216.9 -27.75
    endloop
  endfacet
  facet normal 0.857493 0 -0.514496
    outer loop
      vertex 76.5125 216.9 -27.9015
      vertex 76.6034 212.9 -27.75
      vertex 76.5125 212.9 -27.9015
    endloop
  endfacet
  facet normal 0.90406 -0 0.427405
    outer loop
      vertex 76.437 212.9 -29.4388
      vertex 76.5125 216.9 -29.5985
      vertex 76.437 216.9 -29.4388
    endloop
  endfacet
  facet normal 0.90406 0 0.427405
    outer loop
      vertex 76.5125 216.9 -29.5985
      vertex 76.437 212.9 -29.4388
      vertex 76.5125 212.9 -29.5985
    endloop
  endfacet
  facet normal -0.514496 0 0.857493
    outer loop
      vertex 78.9485 216.9 -30.3375
      vertex 79.1 212.9 -30.2466
      vertex 79.1 216.9 -30.2466
    endloop
  endfacet
  facet normal -0.514496 0 0.857493
    outer loop
      vertex 79.1 212.9 -30.2466
      vertex 78.9485 216.9 -30.3375
      vertex 78.9485 212.9 -30.3375
    endloop
  endfacet
  facet normal 0.0492599 0 0.998786
    outer loop
      vertex 77.9236 216.9 -30.5413
      vertex 78.1 212.9 -30.55
      vertex 78.1 216.9 -30.55
    endloop
  endfacet
  facet normal 0.0492599 0 0.998786
    outer loop
      vertex 78.1 212.9 -30.55
      vertex 77.9236 216.9 -30.5413
      vertex 77.9236 212.9 -30.5413
    endloop
  endfacet
  facet normal -1 0 0
    outer loop
      vertex 73 210 -25
      vertex 73 219 -23
      vertex 73 219 -25
    endloop
  endfacet
  facet normal -1 -0 0
    outer loop
      vertex 73 219 -23
      vertex 73 210 -25
      vertex 73 210 -23
    endloop
  endfacet
  facet normal -1 0 0
    outer loop
      vertex 73 180 -25
      vertex 73 190 -23
      vertex 73 190 -25
    endloop
  endfacet
  facet normal -1 -0 0
    outer loop
      vertex 73 190 -23
      vertex 73 180 -25
      vertex 73 180 -23
    endloop
  endfacet
  facet normal 0 0 -1
    outer loop
      vertex 75.1 210 -25
      vertex 73 210 -25
      vertex 75.1 216.9 -25
    endloop
  endfacet
  facet normal 0 0 -1
    outer loop
      vertex 127.9 216.9 -25
      vertex 130 207 -25
      vertex 127.9 207 -25
    endloop
  endfacet
  facet normal 0 0 -1
    outer loop
      vertex 130 207 -25
      vertex 127.9 216.9 -25
      vertex 130 219 -25
    endloop
  endfacet
  facet normal 0 0 -1
    outer loop
      vertex 127.9 216.9 -25
      vertex 118 219 -25
      vertex 130 219 -25
    endloop
  endfacet
  facet normal 0 0 -1
    outer loop
      vertex 118 219 -25
      vertex 116 219 -25
      vertex 118 219.2 -25
    endloop
  endfacet
  facet normal 0 0 -1
    outer loop
      vertex 127.9 216.9 -25
      vertex 116 219 -25
      vertex 118 219 -25
    endloop
  endfacet
  facet normal 0 0 -1
    outer loop
      vertex 127.9 216.9 -25
      vertex 106 219 -25
      vertex 116 219 -25
    endloop
  endfacet
  facet normal 0 0 -1
    outer loop
      vertex 106 219 -25
      vertex 104 219 -25
      vertex 106 219.2 -25
    endloop
  endfacet
  facet normal 0 0 -1
    outer loop
      vertex 127.9 216.9 -25
      vertex 104 219 -25
      vertex 106 219 -25
    endloop
  endfacet
  facet normal 0 0 -1
    outer loop
      vertex 75.1 216.9 -25
      vertex 104 219 -25
      vertex 127.9 216.9 -25
    endloop
  endfacet
  facet normal 0 0 -1
    outer loop
      vertex 75.1 216.9 -25
      vertex 73 219 -25
      vertex 104 219 -25
    endloop
  endfacet
  facet normal 0 0 -1
    outer loop
      vertex 73 219 -25
      vertex 75.1 216.9 -25
      vertex 73 210 -25
    endloop
  endfacet
  facet normal -0 0 -1
    outer loop
      vertex 118 219.2 -25
      vertex 116 219 -25
      vertex 116 219.2 -25
    endloop
  endfacet
  facet normal -0 0 -1
    outer loop
      vertex 106 219.2 -25
      vertex 104 219 -25
      vertex 104 219.2 -25
    endloop
  endfacet
  facet normal 0 0 -1
    outer loop
      vertex 130 180 -25
      vertex 127.9 182.1 -25
      vertex 130 192 -25
    endloop
  endfacet
  facet normal 0 0 -1
    outer loop
      vertex 130 180 -25
      vertex 75.1 182.1 -25
      vertex 127.9 182.1 -25
    endloop
  endfacet
  facet normal 0 0 -1
    outer loop
      vertex 73 180 -25
      vertex 75.1 182.1 -25
      vertex 130 180 -25
    endloop
  endfacet
  facet normal 0 0 -1
    outer loop
      vertex 73 190 -25
      vertex 75.1 182.1 -25
      vertex 73 180 -25
    endloop
  endfacet
  facet normal 0 0 -1
    outer loop
      vertex 75.1 182.1 -25
      vertex 73 190 -25
      vertex 75.1 190 -25
    endloop
  endfacet
  facet normal -0 0 -1
    outer loop
      vertex 130 192 -25
      vertex 127.9 182.1 -25
      vertex 127.9 192 -25
    endloop
  endfacet
  facet normal 0 0 1
    outer loop
      vertex 94 193.75 -25
      vertex 127.9 207 -25
      vertex 94 205.75 -25
    endloop
  endfacet
  facet normal 0 0 1
    outer loop
      vertex 127.9 207 -25
      vertex 89 205.75 -25
      vertex 94 205.75 -25
    endloop
  endfacet
  facet normal 0 0 1
    outer loop
      vertex 89 205.75 -25
      vertex 61.5 207 -25
      vertex 89 193.75 -25
    endloop
  endfacet
  facet normal -0 0 1
    outer loop
      vertex 61.5 207 -25
      vertex 89 205.75 -25
      vertex 127.9 207 -25
    endloop
  endfacet
  facet normal 0 0 1
    outer loop
      vertex 127.9 207 -25
      vertex 94 193.75 -25
      vertex 127.9 192 -25
    endloop
  endfacet
  facet normal 0 0 1
    outer loop
      vertex 61.5 192 -25
      vertex 94 193.75 -25
      vertex 89 193.75 -25
    endloop
  endfacet
  facet normal 0 0 1
    outer loop
      vertex 94 193.75 -25
      vertex 61.5 192 -25
      vertex 127.9 192 -25
    endloop
  endfacet
  facet normal 0 0 1
    outer loop
      vertex 61.5 192 -25
      vertex 89 193.75 -25
      vertex 61.5 207 -25
    endloop
  endfacet
  facet normal 0 0 1
    outer loop
      vertex 118 228 -23
      vertex 116 225.5 -23
      vertex 118 219 -23
    endloop
  endfacet
  facet normal 0 0 1
    outer loop
      vertex 118 228 -23
      vertex 106 225.5 -23
      vertex 116 225.5 -23
    endloop
  endfacet
  facet normal 0 0 1
    outer loop
      vertex 104 219 -23
      vertex 106 225.5 -23
      vertex 104 228 -23
    endloop
  endfacet
  facet normal -0 0 1
    outer loop
      vertex 104 228 -23
      vertex 106 225.5 -23
      vertex 118 228 -23
    endloop
  endfacet
  facet normal -0 0 1
    outer loop
      vertex 118 219 -23
      vertex 130 207 -23
      vertex 130 219 -23
    endloop
  endfacet
  facet normal 0 0 1
    outer loop
      vertex 116 219 -23
      vertex 118 219 -23
      vertex 116 225.5 -23
    endloop
  endfacet
  facet normal -0 0 1
    outer loop
      vertex 116 219 -23
      vertex 130 207 -23
      vertex 118 219 -23
    endloop
  endfacet
  facet normal -0 0 1
    outer loop
      vertex 106 219 -23
      vertex 130 207 -23
      vertex 116 219 -23
    endloop
  endfacet
  facet normal 0 0 1
    outer loop
      vertex 106 225.5 -23
      vertex 104 219 -23
      vertex 106 219 -23
    endloop
  endfacet
  facet normal -0 0 1
    outer loop
      vertex 104 219 -23
      vertex 130 207 -23
      vertex 106 219 -23
    endloop
  endfacet
  facet normal 0 0 1
    outer loop
      vertex 73 210 -23
      vertex 104 219 -23
      vertex 73 219 -23
    endloop
  endfacet
  facet normal 0 0 1
    outer loop
      vertex 104 219 -23
      vertex 73 210 -23
      vertex 130 207 -23
    endloop
  endfacet
  facet normal 0 0 1
    outer loop
      vertex 73 210 -23
      vertex 61.5 207 -23
      vertex 130 207 -23
    endloop
  endfacet
  facet normal 0 0 1
    outer loop
      vertex 53.5 195 -23
      vertex 61.5 207 -23
      vertex 53.5 205 -23
    endloop
  endfacet
  facet normal -0 0 1
    outer loop
      vertex 42 210 -23
      vertex 61.5 207 -23
      vertex 73 210 -23
    endloop
  endfacet
  facet normal 0 0 1
    outer loop
      vertex 61.5 207 -23
      vertex 53.4904 205.196 -23
      vertex 53.5 205 -23
    endloop
  endfacet
  facet normal 0 0 1
    outer loop
      vertex 61.5 207 -23
      vertex 53.4616 205.39 -23
      vertex 53.4904 205.196 -23
    endloop
  endfacet
  facet normal 0 0 1
    outer loop
      vertex 61.5 207 -23
      vertex 53.4139 205.581 -23
      vertex 53.4616 205.39 -23
    endloop
  endfacet
  facet normal 0 0 1
    outer loop
      vertex 61.5 207 -23
      vertex 53.3477 205.765 -23
      vertex 53.4139 205.581 -23
    endloop
  endfacet
  facet normal 0 0 1
    outer loop
      vertex 61.5 207 -23
      vertex 53.2638 205.943 -23
      vertex 53.3477 205.765 -23
    endloop
  endfacet
  facet normal 0 0 1
    outer loop
      vertex 61.5 207 -23
      vertex 53.1629 206.111 -23
      vertex 53.2638 205.943 -23
    endloop
  endfacet
  facet normal 0 0 1
    outer loop
      vertex 61.5 207 -23
      vertex 53.046 206.269 -23
      vertex 53.1629 206.111 -23
    endloop
  endfacet
  facet normal 0 0 1
    outer loop
      vertex 61.5 207 -23
      vertex 52.9142 206.414 -23
      vertex 53.046 206.269 -23
    endloop
  endfacet
  facet normal 0 0 1
    outer loop
      vertex 61.5 207 -23
      vertex 52.7688 206.546 -23
      vertex 52.9142 206.414 -23
    endloop
  endfacet
  facet normal 0 0 1
    outer loop
      vertex 61.5 207 -23
      vertex 52.6111 206.663 -23
      vertex 52.7688 206.546 -23
    endloop
  endfacet
  facet normal 0 0 1
    outer loop
      vertex 61.5 207 -23
      vertex 52.4428 206.764 -23
      vertex 52.6111 206.663 -23
    endloop
  endfacet
  facet normal 0 0 1
    outer loop
      vertex 61.5 207 -23
      vertex 52.2654 206.848 -23
      vertex 52.4428 206.764 -23
    endloop
  endfacet
  facet normal 0 0 1
    outer loop
      vertex 61.5 207 -23
      vertex 52.0806 206.914 -23
      vertex 52.2654 206.848 -23
    endloop
  endfacet
  facet normal 0 0 1
    outer loop
      vertex 61.5 207 -23
      vertex 51.8902 206.962 -23
      vertex 52.0806 206.914 -23
    endloop
  endfacet
  facet normal 0 0 1
    outer loop
      vertex 61.5 207 -23
      vertex 42 210 -23
      vertex 51.8902 206.962 -23
    endloop
  endfacet
  facet normal 0 0 1
    outer loop
      vertex 51.8902 206.962 -23
      vertex 42 210 -23
      vertex 51.696 206.99 -23
    endloop
  endfacet
  facet normal 0 0 1
    outer loop
      vertex 51.696 206.99 -23
      vertex 42 210 -23
      vertex 51.5 207 -23
    endloop
  endfacet
  facet normal 0 0 1
    outer loop
      vertex 51.5 207 -23
      vertex 42 210 -23
      vertex 48.5 207 -23
    endloop
  endfacet
  facet normal 0 0 1
    outer loop
      vertex 46.5 205 -23
      vertex 42.75 200 -23
      vertex 46.5 195 -23
    endloop
  endfacet
  facet normal 0 0 1
    outer loop
      vertex 41.7439 201.226 -23
      vertex 46.5 205 -23
      vertex 46.5096 205.196 -23
    endloop
  endfacet
  facet normal 0 0 1
    outer loop
      vertex 42 210 -23
      vertex 46.5096 205.196 -23
      vertex 46.5384 205.39 -23
    endloop
  endfacet
  facet normal 0 0 1
    outer loop
      vertex 42 210 -23
      vertex 46.5384 205.39 -23
      vertex 46.5861 205.581 -23
    endloop
  endfacet
  facet normal 0 0 1
    outer loop
      vertex 42 210 -23
      vertex 46.5861 205.581 -23
      vertex 46.6523 205.765 -23
    endloop
  endfacet
  facet normal 0 0 1
    outer loop
      vertex 42 210 -23
      vertex 46.6523 205.765 -23
      vertex 46.7362 205.943 -23
    endloop
  endfacet
  facet normal 0 0 1
    outer loop
      vertex 42 210 -23
      vertex 46.7362 205.943 -23
      vertex 46.8371 206.111 -23
    endloop
  endfacet
  facet normal 0 0 1
    outer loop
      vertex 46.5 205 -23
      vertex 42.744 200.123 -23
      vertex 42.75 200 -23
    endloop
  endfacet
  facet normal 0 0 1
    outer loop
      vertex 46.5 205 -23
      vertex 42.726 200.244 -23
      vertex 42.744 200.123 -23
    endloop
  endfacet
  facet normal 0 0 1
    outer loop
      vertex 46.5 205 -23
      vertex 42.6962 200.363 -23
      vertex 42.726 200.244 -23
    endloop
  endfacet
  facet normal 0 0 1
    outer loop
      vertex 46.5 205 -23
      vertex 42.6549 200.478 -23
      vertex 42.6962 200.363 -23
    endloop
  endfacet
  facet normal 0 0 1
    outer loop
      vertex 42 210 -23
      vertex 46.8371 206.111 -23
      vertex 46.954 206.269 -23
    endloop
  endfacet
  facet normal 0 0 1
    outer loop
      vertex 46.5 205 -23
      vertex 42.6024 200.589 -23
      vertex 42.6549 200.478 -23
    endloop
  endfacet
  facet normal 0 0 1
    outer loop
      vertex 46.5 205 -23
      vertex 42.5393 200.694 -23
      vertex 42.6024 200.589 -23
    endloop
  endfacet
  facet normal 0 0 1
    outer loop
      vertex 46.5 205 -23
      vertex 42.4663 200.793 -23
      vertex 42.5393 200.694 -23
    endloop
  endfacet
  facet normal 0 0 1
    outer loop
      vertex 46.5 205 -23
      vertex 42.3839 200.884 -23
      vertex 42.4663 200.793 -23
    endloop
  endfacet
  facet normal 0 0 1
    outer loop
      vertex 46.5 205 -23
      vertex 42.293 200.966 -23
      vertex 42.3839 200.884 -23
    endloop
  endfacet
  facet normal 0 0 1
    outer loop
      vertex 46.5 205 -23
      vertex 42.1945 201.039 -23
      vertex 42.293 200.966 -23
    endloop
  endfacet
  facet normal 0 0 1
    outer loop
      vertex 42 210 -23
      vertex 46.954 206.269 -23
      vertex 47.0858 206.414 -23
    endloop
  endfacet
  facet normal 0 0 1
    outer loop
      vertex 46.5 205 -23
      vertex 42.0892 201.102 -23
      vertex 42.1945 201.039 -23
    endloop
  endfacet
  facet normal 0 0 1
    outer loop
      vertex 48.5 207 -23
      vertex 42 210 -23
      vertex 48.304 206.99 -23
    endloop
  endfacet
  facet normal 0 0 1
    outer loop
      vertex 42 210 -23
      vertex 48.1098 206.962 -23
      vertex 48.304 206.99 -23
    endloop
  endfacet
  facet normal 0 0 1
    outer loop
      vertex 42 210 -23
      vertex 47.9194 206.914 -23
      vertex 48.1098 206.962 -23
    endloop
  endfacet
  facet normal 0 0 1
    outer loop
      vertex 42 210 -23
      vertex 47.7346 206.848 -23
      vertex 47.9194 206.914 -23
    endloop
  endfacet
  facet normal 0 0 1
    outer loop
      vertex 42 210 -23
      vertex 47.5572 206.764 -23
      vertex 47.7346 206.848 -23
    endloop
  endfacet
  facet normal 0 0 1
    outer loop
      vertex 42 210 -23
      vertex 47.3889 206.663 -23
      vertex 47.5572 206.764 -23
    endloop
  endfacet
  facet normal 0 0 1
    outer loop
      vertex 42 210 -23
      vertex 47.2312 206.546 -23
      vertex 47.3889 206.663 -23
    endloop
  endfacet
  facet normal 0 0 1
    outer loop
      vertex 42 210 -23
      vertex 47.0858 206.414 -23
      vertex 47.2312 206.546 -23
    endloop
  endfacet
  facet normal 0 0 1
    outer loop
      vertex 46.5096 205.196 -23
      vertex 42 210 -23
      vertex 41.6225 201.244 -23
    endloop
  endfacet
  facet normal 0 0 1
    outer loop
      vertex 46.5 205 -23
      vertex 41.9784 201.155 -23
      vertex 42.0892 201.102 -23
    endloop
  endfacet
  facet normal 0 0 1
    outer loop
      vertex 46.5 205 -23
      vertex 41.8629 201.196 -23
      vertex 41.9784 201.155 -23
    endloop
  endfacet
  facet normal 0 0 1
    outer loop
      vertex 46.5 205 -23
      vertex 41.7439 201.226 -23
      vertex 41.8629 201.196 -23
    endloop
  endfacet
  facet normal 0 0 1
    outer loop
      vertex 46.5096 205.196 -23
      vertex 41.6225 201.244 -23
      vertex 41.7439 201.226 -23
    endloop
  endfacet
  facet normal -0 0 1
    outer loop
      vertex 41.5099 209.976 -23
      vertex 41.6225 201.244 -23
      vertex 42 210 -23
    endloop
  endfacet
  facet normal -0 0 1
    outer loop
      vertex 41.0246 209.904 -23
      vertex 41.6225 201.244 -23
      vertex 41.5099 209.976 -23
    endloop
  endfacet
  facet normal -0 0 1
    outer loop
      vertex 40.5486 209.785 -23
      vertex 41.6225 201.244 -23
      vertex 41.0246 209.904 -23
    endloop
  endfacet
  facet normal 0 0 1
    outer loop
      vertex 41.6225 201.244 -23
      vertex 40.5486 209.785 -23
      vertex 41.5 201.25 -23
    endloop
  endfacet
  facet normal -0 0 1
    outer loop
      vertex 40.0866 209.619 -23
      vertex 41.5 201.25 -23
      vertex 40.5486 209.785 -23
    endloop
  endfacet
  facet normal -0 0 1
    outer loop
      vertex 39.643 209.41 -23
      vertex 41.5 201.25 -23
      vertex 40.0866 209.619 -23
    endloop
  endfacet
  facet normal -0 0 1
    outer loop
      vertex 39.2222 209.157 -23
      vertex 41.5 201.25 -23
      vertex 39.643 209.41 -23
    endloop
  endfacet
  facet normal -0 0 1
    outer loop
      vertex 38.828 208.865 -23
      vertex 41.5 201.25 -23
      vertex 39.2222 209.157 -23
    endloop
  endfacet
  facet normal -0 0 1
    outer loop
      vertex 38.4645 208.536 -23
      vertex 41.5 201.25 -23
      vertex 38.828 208.865 -23
    endloop
  endfacet
  facet normal -0 0 1
    outer loop
      vertex 38.1349 208.172 -23
      vertex 41.5 201.25 -23
      vertex 38.4645 208.536 -23
    endloop
  endfacet
  facet normal -0 0 1
    outer loop
      vertex 37.8427 207.778 -23
      vertex 41.5 201.25 -23
      vertex 38.1349 208.172 -23
    endloop
  endfacet
  facet normal -0 0 1
    outer loop
      vertex 37.5904 207.357 -23
      vertex 41.5 201.25 -23
      vertex 37.8427 207.778 -23
    endloop
  endfacet
  facet normal 0 0 1
    outer loop
      vertex 41.5 201.25 -23
      vertex 37.5904 207.357 -23
      vertex 41.3775 201.244 -23
    endloop
  endfacet
  facet normal -0 0 1
    outer loop
      vertex 37.3806 206.913 -23
      vertex 41.3775 201.244 -23
      vertex 37.5904 207.357 -23
    endloop
  endfacet
  facet normal -0 0 1
    outer loop
      vertex 37.2153 206.451 -23
      vertex 41.3775 201.244 -23
      vertex 37.3806 206.913 -23
    endloop
  endfacet
  facet normal -0 0 1
    outer loop
      vertex 37.0961 205.975 -23
      vertex 41.3775 201.244 -23
      vertex 37.2153 206.451 -23
    endloop
  endfacet
  facet normal -0 0 1
    outer loop
      vertex 37.0241 205.49 -23
      vertex 41.3775 201.244 -23
      vertex 37.0961 205.975 -23
    endloop
  endfacet
  facet normal 0 0 1
    outer loop
      vertex 40.3451 200.478 -23
      vertex 37 205 -23
      vertex 40.3038 200.363 -23
    endloop
  endfacet
  facet normal 0 0 1
    outer loop
      vertex 40.3038 200.363 -23
      vertex 37 205 -23
      vertex 40.274 200.244 -23
    endloop
  endfacet
  facet normal 0 0 1
    outer loop
      vertex 40.274 200.244 -23
      vertex 37 205 -23
      vertex 40.256 200.123 -23
    endloop
  endfacet
  facet normal -0 0 1
    outer loop
      vertex 37 205 -23
      vertex 41.3775 201.244 -23
      vertex 37.0241 205.49 -23
    endloop
  endfacet
  facet normal -0 0 1
    outer loop
      vertex 115.242 185.172 -23
      vertex 130 180 -23
      vertex 130 192 -23
    endloop
  endfacet
  facet normal 0 0 1
    outer loop
      vertex 130 180 -23
      vertex 115.242 185.172 -23
      vertex 115.25 185 -23
    endloop
  endfacet
  facet normal 0 0 1
    outer loop
      vertex 130 192 -23
      vertex 115.216 185.341 -23
      vertex 115.242 185.172 -23
    endloop
  endfacet
  facet normal 0 0 1
    outer loop
      vertex 130 192 -23
      vertex 115.175 185.508 -23
      vertex 115.216 185.341 -23
    endloop
  endfacet
  facet normal 0 0 1
    outer loop
      vertex 130 192 -23
      vertex 115.117 185.67 -23
      vertex 115.175 185.508 -23
    endloop
  endfacet
  facet normal 0 0 1
    outer loop
      vertex 130 192 -23
      vertex 115.043 185.825 -23
      vertex 115.117 185.67 -23
    endloop
  endfacet
  facet normal 0 0 1
    outer loop
      vertex 130 192 -23
      vertex 114.955 185.972 -23
      vertex 115.043 185.825 -23
    endloop
  endfacet
  facet normal 0 0 1
    outer loop
      vertex 130 192 -23
      vertex 114.853 186.11 -23
      vertex 114.955 185.972 -23
    endloop
  endfacet
  facet normal 0 0 1
    outer loop
      vertex 130 192 -23
      vertex 114.737 186.237 -23
      vertex 114.853 186.11 -23
    endloop
  endfacet
  facet normal 0 0 1
    outer loop
      vertex 130 192 -23
      vertex 114.61 186.353 -23
      vertex 114.737 186.237 -23
    endloop
  endfacet
  facet normal 0 0 1
    outer loop
      vertex 130 192 -23
      vertex 114.472 186.455 -23
      vertex 114.61 186.353 -23
    endloop
  endfacet
  facet normal 0 0 1
    outer loop
      vertex 130 192 -23
      vertex 114.325 186.543 -23
      vertex 114.472 186.455 -23
    endloop
  endfacet
  facet normal 0 0 1
    outer loop
      vertex 130 192 -23
      vertex 114.17 186.617 -23
      vertex 114.325 186.543 -23
    endloop
  endfacet
  facet normal 0 0 1
    outer loop
      vertex 130 192 -23
      vertex 114.008 186.675 -23
      vertex 114.17 186.617 -23
    endloop
  endfacet
  facet normal 0 0 1
    outer loop
      vertex 130 192 -23
      vertex 113.841 186.716 -23
      vertex 114.008 186.675 -23
    endloop
  endfacet
  facet normal 0 0 1
    outer loop
      vertex 130 192 -23
      vertex 113.672 186.742 -23
      vertex 113.841 186.716 -23
    endloop
  endfacet
  facet normal 0 0 1
    outer loop
      vertex 130 192 -23
      vertex 113.5 186.75 -23
      vertex 113.672 186.742 -23
    endloop
  endfacet
  facet normal 0 0 1
    outer loop
      vertex 130 192 -23
      vertex 113.328 186.742 -23
      vertex 113.5 186.75 -23
    endloop
  endfacet
  facet normal 0 0 1
    outer loop
      vertex 130 192 -23
      vertex 113.159 186.716 -23
      vertex 113.328 186.742 -23
    endloop
  endfacet
  facet normal -0 0 1
    outer loop
      vertex 73 190 -23
      vertex 113.159 186.716 -23
      vertex 130 192 -23
    endloop
  endfacet
  facet normal 0 0 1
    outer loop
      vertex 111.758 185.172 -23
      vertex 85.25 185 -23
      vertex 111.75 185 -23
    endloop
  endfacet
  facet normal 0 0 1
    outer loop
      vertex 85.2416 185.172 -23
      vertex 111.758 185.172 -23
      vertex 111.784 185.341 -23
    endloop
  endfacet
  facet normal 0 0 1
    outer loop
      vertex 85.2164 185.341 -23
      vertex 111.784 185.341 -23
      vertex 111.825 185.508 -23
    endloop
  endfacet
  facet normal 0 0 1
    outer loop
      vertex 85.1746 185.508 -23
      vertex 111.825 185.508 -23
      vertex 111.883 185.67 -23
    endloop
  endfacet
  facet normal 0 0 1
    outer loop
      vertex 85.1168 185.67 -23
      vertex 111.883 185.67 -23
      vertex 111.957 185.825 -23
    endloop
  endfacet
  facet normal 0 0 1
    outer loop
      vertex 85.0434 185.825 -23
      vertex 111.957 185.825 -23
      vertex 112.045 185.972 -23
    endloop
  endfacet
  facet normal 0 0 1
    outer loop
      vertex 84.9551 185.972 -23
      vertex 112.045 185.972 -23
      vertex 112.147 186.11 -23
    endloop
  endfacet
  facet normal 0 0 1
    outer loop
      vertex 84.8528 186.11 -23
      vertex 112.147 186.11 -23
      vertex 112.263 186.237 -23
    endloop
  endfacet
  facet normal 0 0 1
    outer loop
      vertex 84.7374 186.237 -23
      vertex 112.263 186.237 -23
      vertex 112.39 186.353 -23
    endloop
  endfacet
  facet normal 0 0 1
    outer loop
      vertex 84.6102 186.353 -23
      vertex 112.39 186.353 -23
      vertex 112.528 186.455 -23
    endloop
  endfacet
  facet normal 0 0 1
    outer loop
      vertex 84.4722 186.455 -23
      vertex 112.528 186.455 -23
      vertex 112.675 186.543 -23
    endloop
  endfacet
  facet normal 0 0 1
    outer loop
      vertex 84.3249 186.543 -23
      vertex 112.675 186.543 -23
      vertex 112.83 186.617 -23
    endloop
  endfacet
  facet normal 0 0 1
    outer loop
      vertex 84.1697 186.617 -23
      vertex 112.83 186.617 -23
      vertex 112.992 186.675 -23
    endloop
  endfacet
  facet normal 0 -0 1
    outer loop
      vertex 83.8414 186.716 -23
      vertex 113.159 186.716 -23
      vertex 73 190 -23
    endloop
  endfacet
  facet normal 0 0 1
    outer loop
      vertex 111.758 185.172 -23
      vertex 85.2416 185.172 -23
      vertex 85.25 185 -23
    endloop
  endfacet
  facet normal 0 0 1
    outer loop
      vertex 111.784 185.341 -23
      vertex 85.2164 185.341 -23
      vertex 85.2416 185.172 -23
    endloop
  endfacet
  facet normal 0 0 1
    outer loop
      vertex 111.825 185.508 -23
      vertex 85.1746 185.508 -23
      vertex 85.2164 185.341 -23
    endloop
  endfacet
  facet normal 0 0 1
    outer loop
      vertex 111.883 185.67 -23
      vertex 85.1168 185.67 -23
      vertex 85.1746 185.508 -23
    endloop
  endfacet
  facet normal 0 0 1
    outer loop
      vertex 111.957 185.825 -23
      vertex 85.0434 185.825 -23
      vertex 85.1168 185.67 -23
    endloop
  endfacet
  facet normal 0 0 1
    outer loop
      vertex 112.045 185.972 -23
      vertex 84.9551 185.972 -23
      vertex 85.0434 185.825 -23
    endloop
  endfacet
  facet normal 0 0 1
    outer loop
      vertex 112.147 186.11 -23
      vertex 84.8528 186.11 -23
      vertex 84.9551 185.972 -23
    endloop
  endfacet
  facet normal 0 0 1
    outer loop
      vertex 112.263 186.237 -23
      vertex 84.7374 186.237 -23
      vertex 84.8528 186.11 -23
    endloop
  endfacet
  facet normal 0 0 1
    outer loop
      vertex 112.39 186.353 -23
      vertex 84.6102 186.353 -23
      vertex 84.7374 186.237 -23
    endloop
  endfacet
  facet normal 0 0 1
    outer loop
      vertex 112.528 186.455 -23
      vertex 84.4722 186.455 -23
      vertex 84.6102 186.353 -23
    endloop
  endfacet
  facet normal 0 0 1
    outer loop
      vertex 112.675 186.543 -23
      vertex 84.3249 186.543 -23
      vertex 84.4722 186.455 -23
    endloop
  endfacet
  facet normal 0 0 1
    outer loop
      vertex 112.83 186.617 -23
      vertex 84.1697 186.617 -23
      vertex 84.3249 186.543 -23
    endloop
  endfacet
  facet normal 0 0 1
    outer loop
      vertex 112.992 186.675 -23
      vertex 84.008 186.675 -23
      vertex 84.1697 186.617 -23
    endloop
  endfacet
  facet normal 0 0 1
    outer loop
      vertex 112.992 186.675 -23
      vertex 83.8414 186.716 -23
      vertex 84.008 186.675 -23
    endloop
  endfacet
  facet normal 0 0 1
    outer loop
      vertex 113.159 186.716 -23
      vertex 83.8414 186.716 -23
      vertex 112.992 186.675 -23
    endloop
  endfacet
  facet normal 0 0 1
    outer loop
      vertex 83.8414 186.716 -23
      vertex 73 190 -23
      vertex 83.6715 186.742 -23
    endloop
  endfacet
  facet normal 0 0 1
    outer loop
      vertex 83.6715 186.742 -23
      vertex 73 190 -23
      vertex 83.5 186.75 -23
    endloop
  endfacet
  facet normal 0 0 1
    outer loop
      vertex 81.7584 185.172 -23
      vertex 73 190 -23
      vertex 81.75 185 -23
    endloop
  endfacet
  facet normal 0 0 1
    outer loop
      vertex 81.7836 185.341 -23
      vertex 73 190 -23
      vertex 81.7584 185.172 -23
    endloop
  endfacet
  facet normal 0 0 1
    outer loop
      vertex 81.8254 185.508 -23
      vertex 73 190 -23
      vertex 81.7836 185.341 -23
    endloop
  endfacet
  facet normal 0 0 1
    outer loop
      vertex 81.8832 185.67 -23
      vertex 73 190 -23
      vertex 81.8254 185.508 -23
    endloop
  endfacet
  facet normal 0 0 1
    outer loop
      vertex 81.9566 185.825 -23
      vertex 73 190 -23
      vertex 81.8832 185.67 -23
    endloop
  endfacet
  facet normal 0 0 1
    outer loop
      vertex 82.0449 185.972 -23
      vertex 73 190 -23
      vertex 81.9566 185.825 -23
    endloop
  endfacet
  facet normal 0 0 1
    outer loop
      vertex 82.1472 186.11 -23
      vertex 73 190 -23
      vertex 82.0449 185.972 -23
    endloop
  endfacet
  facet normal 0 0 1
    outer loop
      vertex 82.2626 186.237 -23
      vertex 73 190 -23
      vertex 82.1472 186.11 -23
    endloop
  endfacet
  facet normal 0 0 1
    outer loop
      vertex 82.3898 186.353 -23
      vertex 73 190 -23
      vertex 82.2626 186.237 -23
    endloop
  endfacet
  facet normal 0 0 1
    outer loop
      vertex 82.5278 186.455 -23
      vertex 73 190 -23
      vertex 82.3898 186.353 -23
    endloop
  endfacet
  facet normal 0 0 1
    outer loop
      vertex 82.6751 186.543 -23
      vertex 73 190 -23
      vertex 82.5278 186.455 -23
    endloop
  endfacet
  facet normal 0 0 1
    outer loop
      vertex 82.8303 186.617 -23
      vertex 73 190 -23
      vertex 82.6751 186.543 -23
    endloop
  endfacet
  facet normal 0 0 1
    outer loop
      vertex 82.992 186.675 -23
      vertex 73 190 -23
      vertex 82.8303 186.617 -23
    endloop
  endfacet
  facet normal 0 0 1
    outer loop
      vertex 83.1586 186.716 -23
      vertex 73 190 -23
      vertex 82.992 186.675 -23
    endloop
  endfacet
  facet normal 0 0 1
    outer loop
      vertex 83.3285 186.742 -23
      vertex 73 190 -23
      vertex 83.1586 186.716 -23
    endloop
  endfacet
  facet normal 0 0 1
    outer loop
      vertex 83.5 186.75 -23
      vertex 73 190 -23
      vertex 83.3285 186.742 -23
    endloop
  endfacet
  facet normal -0 0 1
    outer loop
      vertex 61.5 192 -23
      vertex 73 190 -23
      vertex 130 192 -23
    endloop
  endfacet
  facet normal 0 0 1
    outer loop
      vertex 61.5 207 -23
      vertex 53.5 195 -23
      vertex 61.5 192 -23
    endloop
  endfacet
  facet normal -0 0 1
    outer loop
      vertex 53.4904 194.804 -23
      vertex 61.5 192 -23
      vertex 53.5 195 -23
    endloop
  endfacet
  facet normal -0 0 1
    outer loop
      vertex 53.4616 194.61 -23
      vertex 61.5 192 -23
      vertex 53.4904 194.804 -23
    endloop
  endfacet
  facet normal -0 0 1
    outer loop
      vertex 53.4139 194.419 -23
      vertex 61.5 192 -23
      vertex 53.4616 194.61 -23
    endloop
  endfacet
  facet normal -0 0 1
    outer loop
      vertex 53.3477 194.235 -23
      vertex 61.5 192 -23
      vertex 53.4139 194.419 -23
    endloop
  endfacet
  facet normal -0 0 1
    outer loop
      vertex 53.2638 194.057 -23
      vertex 61.5 192 -23
      vertex 53.3477 194.235 -23
    endloop
  endfacet
  facet normal -0 0 1
    outer loop
      vertex 53.1629 193.889 -23
      vertex 61.5 192 -23
      vertex 53.2638 194.057 -23
    endloop
  endfacet
  facet normal -0 0 1
    outer loop
      vertex 53.046 193.731 -23
      vertex 61.5 192 -23
      vertex 53.1629 193.889 -23
    endloop
  endfacet
  facet normal -0 0 1
    outer loop
      vertex 52.9142 193.586 -23
      vertex 61.5 192 -23
      vertex 53.046 193.731 -23
    endloop
  endfacet
  facet normal -0 0 1
    outer loop
      vertex 52.7688 193.454 -23
      vertex 61.5 192 -23
      vertex 52.9142 193.586 -23
    endloop
  endfacet
  facet normal -0 0 1
    outer loop
      vertex 52.6111 193.337 -23
      vertex 61.5 192 -23
      vertex 52.7688 193.454 -23
    endloop
  endfacet
  facet normal -0 0 1
    outer loop
      vertex 52.4428 193.236 -23
      vertex 61.5 192 -23
      vertex 52.6111 193.337 -23
    endloop
  endfacet
  facet normal -0 0 1
    outer loop
      vertex 52.2654 193.152 -23
      vertex 61.5 192 -23
      vertex 52.4428 193.236 -23
    endloop
  endfacet
  facet normal -0 0 1
    outer loop
      vertex 52.0806 193.086 -23
      vertex 61.5 192 -23
      vertex 52.2654 193.152 -23
    endloop
  endfacet
  facet normal -0 0 1
    outer loop
      vertex 51.8902 193.038 -23
      vertex 61.5 192 -23
      vertex 52.0806 193.086 -23
    endloop
  endfacet
  facet normal -0 0 1
    outer loop
      vertex 51.696 193.01 -23
      vertex 61.5 192 -23
      vertex 51.8902 193.038 -23
    endloop
  endfacet
  facet normal 0 0 1
    outer loop
      vertex 61.5 192 -23
      vertex 51.696 193.01 -23
      vertex 42 190 -23
    endloop
  endfacet
  facet normal 0 0 1
    outer loop
      vertex 42 190 -23
      vertex 51.696 193.01 -23
      vertex 51.5 193 -23
    endloop
  endfacet
  facet normal 0 0 1
    outer loop
      vertex 42 190 -23
      vertex 51.5 193 -23
      vertex 48.5 193 -23
    endloop
  endfacet
  facet normal 0 0 1
    outer loop
      vertex 42 190 -23
      vertex 48.5 193 -23
      vertex 48.304 193.01 -23
    endloop
  endfacet
  facet normal -0 0 1
    outer loop
      vertex 42.744 199.877 -23
      vertex 46.5 195 -23
      vertex 42.75 200 -23
    endloop
  endfacet
  facet normal -0 0 1
    outer loop
      vertex 42.726 199.756 -23
      vertex 46.5 195 -23
      vertex 42.744 199.877 -23
    endloop
  endfacet
  facet normal -0 0 1
    outer loop
      vertex 42.6962 199.637 -23
      vertex 46.5 195 -23
      vertex 42.726 199.756 -23
    endloop
  endfacet
  facet normal -0 0 1
    outer loop
      vertex 42.6549 199.522 -23
      vertex 46.5 195 -23
      vertex 42.6962 199.637 -23
    endloop
  endfacet
  facet normal -0 0 1
    outer loop
      vertex 42.6024 199.411 -23
      vertex 46.5 195 -23
      vertex 42.6549 199.522 -23
    endloop
  endfacet
  facet normal -0 0 1
    outer loop
      vertex 42.5393 199.306 -23
      vertex 46.5 195 -23
      vertex 42.6024 199.411 -23
    endloop
  endfacet
  facet normal -0 0 1
    outer loop
      vertex 42.4663 199.207 -23
      vertex 46.5 195 -23
      vertex 42.5393 199.306 -23
    endloop
  endfacet
  facet normal -0 0 1
    outer loop
      vertex 42.3839 199.116 -23
      vertex 46.5 195 -23
      vertex 42.4663 199.207 -23
    endloop
  endfacet
  facet normal -0 0 1
    outer loop
      vertex 42.293 199.034 -23
      vertex 46.5 195 -23
      vertex 42.3839 199.116 -23
    endloop
  endfacet
  facet normal -0 0 1
    outer loop
      vertex 42.1945 198.961 -23
      vertex 46.5 195 -23
      vertex 42.293 199.034 -23
    endloop
  endfacet
  facet normal -0 0 1
    outer loop
      vertex 42.0892 198.898 -23
      vertex 46.5 195 -23
      vertex 42.1945 198.961 -23
    endloop
  endfacet
  facet normal -0 0 1
    outer loop
      vertex 41.9784 198.845 -23
      vertex 46.5 195 -23
      vertex 42.0892 198.898 -23
    endloop
  endfacet
  facet normal -0 0 1
    outer loop
      vertex 41.8629 198.804 -23
      vertex 46.5 195 -23
      vertex 41.9784 198.845 -23
    endloop
  endfacet
  facet normal -0 0 1
    outer loop
      vertex 41.7439 198.774 -23
      vertex 46.5 195 -23
      vertex 41.8629 198.804 -23
    endloop
  endfacet
  facet normal 0 0 1
    outer loop
      vertex 46.5 195 -23
      vertex 41.7439 198.774 -23
      vertex 46.5096 194.804 -23
    endloop
  endfacet
  facet normal -0 0 1
    outer loop
      vertex 41.6225 198.756 -23
      vertex 46.5096 194.804 -23
      vertex 41.7439 198.774 -23
    endloop
  endfacet
  facet normal 0 -0 1
    outer loop
      vertex 42 190 -23
      vertex 46.5096 194.804 -23
      vertex 41.6225 198.756 -23
    endloop
  endfacet
  facet normal 0 0 1
    outer loop
      vertex 46.5096 194.804 -23
      vertex 42 190 -23
      vertex 46.5384 194.61 -23
    endloop
  endfacet
  facet normal 0 0 1
    outer loop
      vertex 46.5384 194.61 -23
      vertex 42 190 -23
      vertex 46.5861 194.419 -23
    endloop
  endfacet
  facet normal 0 0 1
    outer loop
      vertex 61.5 192 -23
      vertex 42 190 -23
      vertex 73 190 -23
    endloop
  endfacet
  facet normal 0 0 1
    outer loop
      vertex 48.1098 193.038 -23
      vertex 42 190 -23
      vertex 48.304 193.01 -23
    endloop
  endfacet
  facet normal 0 0 1
    outer loop
      vertex 47.9194 193.086 -23
      vertex 42 190 -23
      vertex 48.1098 193.038 -23
    endloop
  endfacet
  facet normal 0 0 1
    outer loop
      vertex 47.7346 193.152 -23
      vertex 42 190 -23
      vertex 47.9194 193.086 -23
    endloop
  endfacet
  facet normal 0 0 1
    outer loop
      vertex 47.5572 193.236 -23
      vertex 42 190 -23
      vertex 47.7346 193.152 -23
    endloop
  endfacet
  facet normal 0 0 1
    outer loop
      vertex 47.3889 193.337 -23
      vertex 42 190 -23
      vertex 47.5572 193.236 -23
    endloop
  endfacet
  facet normal 0 0 1
    outer loop
      vertex 47.2312 193.454 -23
      vertex 42 190 -23
      vertex 47.3889 193.337 -23
    endloop
  endfacet
  facet normal 0 0 1
    outer loop
      vertex 47.0858 193.586 -23
      vertex 42 190 -23
      vertex 47.2312 193.454 -23
    endloop
  endfacet
  facet normal 0 0 1
    outer loop
      vertex 46.6523 194.235 -23
      vertex 42 190 -23
      vertex 46.7362 194.057 -23
    endloop
  endfacet
  facet normal 0 0 1
    outer loop
      vertex 46.7362 194.057 -23
      vertex 42 190 -23
      vertex 46.8371 193.889 -23
    endloop
  endfacet
  facet normal 0 0 1
    outer loop
      vertex 46.8371 193.889 -23
      vertex 42 190 -23
      vertex 46.954 193.731 -23
    endloop
  endfacet
  facet normal 0 0 1
    outer loop
      vertex 46.954 193.731 -23
      vertex 42 190 -23
      vertex 47.0858 193.586 -23
    endloop
  endfacet
  facet normal 0 0 1
    outer loop
      vertex 46.5861 194.419 -23
      vertex 42 190 -23
      vertex 46.6523 194.235 -23
    endloop
  endfacet
  facet normal 0 0 1
    outer loop
      vertex 41.6225 198.756 -23
      vertex 41.5099 190.024 -23
      vertex 42 190 -23
    endloop
  endfacet
  facet normal 0 0 1
    outer loop
      vertex 40.5486 190.215 -23
      vertex 41.6225 198.756 -23
      vertex 41.5 198.75 -23
    endloop
  endfacet
  facet normal 0 0 1
    outer loop
      vertex 37.5904 192.643 -23
      vertex 41.5 198.75 -23
      vertex 41.3775 198.756 -23
    endloop
  endfacet
  facet normal 0 0 1
    outer loop
      vertex 37 195 -23
      vertex 41.3775 198.756 -23
      vertex 41.2561 198.774 -23
    endloop
  endfacet
  facet normal 0 0 1
    outer loop
      vertex 37 195 -23
      vertex 41.2561 198.774 -23
      vertex 41.1371 198.804 -23
    endloop
  endfacet
  facet normal 0 0 1
    outer loop
      vertex 41.6225 198.756 -23
      vertex 41.0246 190.096 -23
      vertex 41.5099 190.024 -23
    endloop
  endfacet
  facet normal 0 0 1
    outer loop
      vertex 37 195 -23
      vertex 41.1371 198.804 -23
      vertex 41.0216 198.845 -23
    endloop
  endfacet
  facet normal 0 0 1
    outer loop
      vertex 37 195 -23
      vertex 41.0216 198.845 -23
      vertex 40.9108 198.898 -23
    endloop
  endfacet
  facet normal 0 0 1
    outer loop
      vertex 37 195 -23
      vertex 40.9108 198.898 -23
      vertex 40.8055 198.961 -23
    endloop
  endfacet
  facet normal 0 0 1
    outer loop
      vertex 37 195 -23
      vertex 40.8055 198.961 -23
      vertex 40.707 199.034 -23
    endloop
  endfacet
  facet normal 0 0 1
    outer loop
      vertex 37 195 -23
      vertex 40.707 199.034 -23
      vertex 40.6161 199.116 -23
    endloop
  endfacet
  facet normal 0 0 1
    outer loop
      vertex 41.6225 198.756 -23
      vertex 40.5486 190.215 -23
      vertex 41.0246 190.096 -23
    endloop
  endfacet
  facet normal 0 0 1
    outer loop
      vertex 37 195 -23
      vertex 40.6161 199.116 -23
      vertex 40.5337 199.207 -23
    endloop
  endfacet
  facet normal 0 0 1
    outer loop
      vertex 37 195 -23
      vertex 40.5337 199.207 -23
      vertex 40.4607 199.306 -23
    endloop
  endfacet
  facet normal 0 0 1
    outer loop
      vertex 37 195 -23
      vertex 40.4607 199.306 -23
      vertex 40.3976 199.411 -23
    endloop
  endfacet
  facet normal 0 0 1
    outer loop
      vertex 37 195 -23
      vertex 40.3976 199.411 -23
      vertex 40.3451 199.522 -23
    endloop
  endfacet
  facet normal 0 0 1
    outer loop
      vertex 37 195 -23
      vertex 40.3451 199.522 -23
      vertex 40.3038 199.637 -23
    endloop
  endfacet
  facet normal 0 0 1
    outer loop
      vertex 37 195 -23
      vertex 40.3038 199.637 -23
      vertex 40.274 199.756 -23
    endloop
  endfacet
  facet normal 0 0 1
    outer loop
      vertex 37 195 -23
      vertex 40.274 199.756 -23
      vertex 40.256 199.877 -23
    endloop
  endfacet
  facet normal 0 0 1
    outer loop
      vertex 37 195 -23
      vertex 40.256 199.877 -23
      vertex 40.25 200 -23
    endloop
  endfacet
  facet normal 0 0 1
    outer loop
      vertex 41.3775 198.756 -23
      vertex 37 195 -23
      vertex 37.0241 194.51 -23
    endloop
  endfacet
  facet normal 0 0 1
    outer loop
      vertex 40.256 200.123 -23
      vertex 37 205 -23
      vertex 40.25 200 -23
    endloop
  endfacet
  facet normal 0 0 1
    outer loop
      vertex 41.3775 201.244 -23
      vertex 37 205 -23
      vertex 41.2561 201.226 -23
    endloop
  endfacet
  facet normal 0 0 1
    outer loop
      vertex 37 195 -23
      vertex 40.25 200 -23
      vertex 37 205 -23
    endloop
  endfacet
  facet normal 0 0 1
    outer loop
      vertex 41.2561 201.226 -23
      vertex 37 205 -23
      vertex 41.1371 201.196 -23
    endloop
  endfacet
  facet normal 0 0 1
    outer loop
      vertex 41.5 198.75 -23
      vertex 40.0866 190.381 -23
      vertex 40.5486 190.215 -23
    endloop
  endfacet
  facet normal 0 0 1
    outer loop
      vertex 41.1371 201.196 -23
      vertex 37 205 -23
      vertex 41.0216 201.155 -23
    endloop
  endfacet
  facet normal 0 0 1
    outer loop
      vertex 41.5 198.75 -23
      vertex 39.643 190.59 -23
      vertex 40.0866 190.381 -23
    endloop
  endfacet
  facet normal 0 0 1
    outer loop
      vertex 41.0216 201.155 -23
      vertex 37 205 -23
      vertex 40.9108 201.102 -23
    endloop
  endfacet
  facet normal 0 0 1
    outer loop
      vertex 41.5 198.75 -23
      vertex 39.2222 190.843 -23
      vertex 39.643 190.59 -23
    endloop
  endfacet
  facet normal 0 0 1
    outer loop
      vertex 40.9108 201.102 -23
      vertex 37 205 -23
      vertex 40.8055 201.039 -23
    endloop
  endfacet
  facet normal 0 0 1
    outer loop
      vertex 41.5 198.75 -23
      vertex 38.828 191.135 -23
      vertex 39.2222 190.843 -23
    endloop
  endfacet
  facet normal 0 0 1
    outer loop
      vertex 40.8055 201.039 -23
      vertex 37 205 -23
      vertex 40.707 200.966 -23
    endloop
  endfacet
  facet normal 0 0 1
    outer loop
      vertex 41.5 198.75 -23
      vertex 38.4645 191.464 -23
      vertex 38.828 191.135 -23
    endloop
  endfacet
  facet normal 0 0 1
    outer loop
      vertex 40.707 200.966 -23
      vertex 37 205 -23
      vertex 40.6161 200.884 -23
    endloop
  endfacet
  facet normal 0 0 1
    outer loop
      vertex 41.5 198.75 -23
      vertex 38.1349 191.828 -23
      vertex 38.4645 191.464 -23
    endloop
  endfacet
  facet normal 0 0 1
    outer loop
      vertex 40.3976 200.589 -23
      vertex 37 205 -23
      vertex 40.3451 200.478 -23
    endloop
  endfacet
  facet normal 0 0 1
    outer loop
      vertex 41.5 198.75 -23
      vertex 37.8427 192.222 -23
      vertex 38.1349 191.828 -23
    endloop
  endfacet
  facet normal 0 0 1
    outer loop
      vertex 40.6161 200.884 -23
      vertex 37 205 -23
      vertex 40.5337 200.793 -23
    endloop
  endfacet
  facet normal 0 0 1
    outer loop
      vertex 41.5 198.75 -23
      vertex 37.5904 192.643 -23
      vertex 37.8427 192.222 -23
    endloop
  endfacet
  facet normal 0 0 1
    outer loop
      vertex 40.4607 200.694 -23
      vertex 37 205 -23
      vertex 40.3976 200.589 -23
    endloop
  endfacet
  facet normal 0 0 1
    outer loop
      vertex 41.3775 198.756 -23
      vertex 37.3806 193.087 -23
      vertex 37.5904 192.643 -23
    endloop
  endfacet
  facet normal 0 0 1
    outer loop
      vertex 40.5337 200.793 -23
      vertex 37 205 -23
      vertex 40.4607 200.694 -23
    endloop
  endfacet
  facet normal 0 0 1
    outer loop
      vertex 41.3775 198.756 -23
      vertex 37.2153 193.549 -23
      vertex 37.3806 193.087 -23
    endloop
  endfacet
  facet normal 0 0 1
    outer loop
      vertex 41.3775 198.756 -23
      vertex 37.0961 194.025 -23
      vertex 37.2153 193.549 -23
    endloop
  endfacet
  facet normal 0 0 1
    outer loop
      vertex 41.3775 198.756 -23
      vertex 37.0241 194.51 -23
      vertex 37.0961 194.025 -23
    endloop
  endfacet
  facet normal -0 0 1
    outer loop
      vertex 115.242 184.828 -23
      vertex 130 180 -23
      vertex 115.25 185 -23
    endloop
  endfacet
  facet normal -0 0 1
    outer loop
      vertex 115.216 184.659 -23
      vertex 130 180 -23
      vertex 115.242 184.828 -23
    endloop
  endfacet
  facet normal -0 0 1
    outer loop
      vertex 115.175 184.492 -23
      vertex 130 180 -23
      vertex 115.216 184.659 -23
    endloop
  endfacet
  facet normal -0 0 1
    outer loop
      vertex 115.117 184.33 -23
      vertex 130 180 -23
      vertex 115.175 184.492 -23
    endloop
  endfacet
  facet normal -0 0 1
    outer loop
      vertex 115.043 184.175 -23
      vertex 130 180 -23
      vertex 115.117 184.33 -23
    endloop
  endfacet
  facet normal -0 0 1
    outer loop
      vertex 114.955 184.028 -23
      vertex 130 180 -23
      vertex 115.043 184.175 -23
    endloop
  endfacet
  facet normal -0 0 1
    outer loop
      vertex 114.853 183.89 -23
      vertex 130 180 -23
      vertex 114.955 184.028 -23
    endloop
  endfacet
  facet normal -0 0 1
    outer loop
      vertex 114.737 183.763 -23
      vertex 130 180 -23
      vertex 114.853 183.89 -23
    endloop
  endfacet
  facet normal -0 0 1
    outer loop
      vertex 114.61 183.647 -23
      vertex 130 180 -23
      vertex 114.737 183.763 -23
    endloop
  endfacet
  facet normal -0 0 1
    outer loop
      vertex 114.472 183.545 -23
      vertex 130 180 -23
      vertex 114.61 183.647 -23
    endloop
  endfacet
  facet normal -0 0 1
    outer loop
      vertex 114.325 183.457 -23
      vertex 130 180 -23
      vertex 114.472 183.545 -23
    endloop
  endfacet
  facet normal -0 0 1
    outer loop
      vertex 114.17 183.383 -23
      vertex 130 180 -23
      vertex 114.325 183.457 -23
    endloop
  endfacet
  facet normal -0 0 1
    outer loop
      vertex 114.008 183.325 -23
      vertex 130 180 -23
      vertex 114.17 183.383 -23
    endloop
  endfacet
  facet normal -0 0 1
    outer loop
      vertex 113.841 183.284 -23
      vertex 130 180 -23
      vertex 114.008 183.325 -23
    endloop
  endfacet
  facet normal -0 0 1
    outer loop
      vertex 113.672 183.258 -23
      vertex 130 180 -23
      vertex 113.841 183.284 -23
    endloop
  endfacet
  facet normal -0 0 1
    outer loop
      vertex 113.5 183.25 -23
      vertex 130 180 -23
      vertex 113.672 183.258 -23
    endloop
  endfacet
  facet normal 0 0 1
    outer loop
      vertex 113.328 183.258 -23
      vertex 130 180 -23
      vertex 113.5 183.25 -23
    endloop
  endfacet
  facet normal 0 0 1
    outer loop
      vertex 73 180 -23
      vertex 113.328 183.258 -23
      vertex 113.159 183.284 -23
    endloop
  endfacet
  facet normal -0 0 1
    outer loop
      vertex 85.25 185 -23
      vertex 111.758 184.828 -23
      vertex 111.75 185 -23
    endloop
  endfacet
  facet normal 0 0 1
    outer loop
      vertex 85.2416 184.828 -23
      vertex 111.758 184.828 -23
      vertex 85.25 185 -23
    endloop
  endfacet
  facet normal 0 0 1
    outer loop
      vertex 111.758 184.828 -23
      vertex 85.2416 184.828 -23
      vertex 111.784 184.659 -23
    endloop
  endfacet
  facet normal 0 0 1
    outer loop
      vertex 85.2164 184.659 -23
      vertex 111.784 184.659 -23
      vertex 85.2416 184.828 -23
    endloop
  endfacet
  facet normal 0 0 1
    outer loop
      vertex 111.784 184.659 -23
      vertex 85.2164 184.659 -23
      vertex 111.825 184.492 -23
    endloop
  endfacet
  facet normal 0 0 1
    outer loop
      vertex 85.1746 184.492 -23
      vertex 111.825 184.492 -23
      vertex 85.2164 184.659 -23
    endloop
  endfacet
  facet normal 0 0 1
    outer loop
      vertex 111.825 184.492 -23
      vertex 85.1746 184.492 -23
      vertex 111.883 184.33 -23
    endloop
  endfacet
  facet normal 0 0 1
    outer loop
      vertex 85.1168 184.33 -23
      vertex 111.883 184.33 -23
      vertex 85.1746 184.492 -23
    endloop
  endfacet
  facet normal 0 0 1
    outer loop
      vertex 111.883 184.33 -23
      vertex 85.1168 184.33 -23
      vertex 111.957 184.175 -23
    endloop
  endfacet
  facet normal 0 0 1
    outer loop
      vertex 85.0434 184.175 -23
      vertex 111.957 184.175 -23
      vertex 85.1168 184.33 -23
    endloop
  endfacet
  facet normal 0 0 1
    outer loop
      vertex 111.957 184.175 -23
      vertex 85.0434 184.175 -23
      vertex 112.045 184.028 -23
    endloop
  endfacet
  facet normal 0 0 1
    outer loop
      vertex 84.9551 184.028 -23
      vertex 112.045 184.028 -23
      vertex 85.0434 184.175 -23
    endloop
  endfacet
  facet normal 0 0 1
    outer loop
      vertex 112.045 184.028 -23
      vertex 84.9551 184.028 -23
      vertex 112.147 183.89 -23
    endloop
  endfacet
  facet normal 0 0 1
    outer loop
      vertex 84.8528 183.89 -23
      vertex 112.147 183.89 -23
      vertex 84.9551 184.028 -23
    endloop
  endfacet
  facet normal 0 0 1
    outer loop
      vertex 112.147 183.89 -23
      vertex 84.8528 183.89 -23
      vertex 112.263 183.763 -23
    endloop
  endfacet
  facet normal 0 0 1
    outer loop
      vertex 84.7374 183.763 -23
      vertex 112.263 183.763 -23
      vertex 84.8528 183.89 -23
    endloop
  endfacet
  facet normal 0 0 1
    outer loop
      vertex 112.263 183.763 -23
      vertex 84.7374 183.763 -23
      vertex 112.39 183.647 -23
    endloop
  endfacet
  facet normal 0 0 1
    outer loop
      vertex 84.6102 183.647 -23
      vertex 112.39 183.647 -23
      vertex 84.7374 183.763 -23
    endloop
  endfacet
  facet normal 0 0 1
    outer loop
      vertex 112.39 183.647 -23
      vertex 84.6102 183.647 -23
      vertex 112.528 183.545 -23
    endloop
  endfacet
  facet normal 0 0 1
    outer loop
      vertex 84.4722 183.545 -23
      vertex 112.528 183.545 -23
      vertex 84.6102 183.647 -23
    endloop
  endfacet
  facet normal 0 0 1
    outer loop
      vertex 112.528 183.545 -23
      vertex 84.4722 183.545 -23
      vertex 112.675 183.457 -23
    endloop
  endfacet
  facet normal 0 0 1
    outer loop
      vertex 84.3249 183.457 -23
      vertex 112.675 183.457 -23
      vertex 84.4722 183.545 -23
    endloop
  endfacet
  facet normal 0 0 1
    outer loop
      vertex 112.675 183.457 -23
      vertex 84.3249 183.457 -23
      vertex 112.83 183.383 -23
    endloop
  endfacet
  facet normal 0 0 1
    outer loop
      vertex 84.1697 183.383 -23
      vertex 112.83 183.383 -23
      vertex 84.3249 183.457 -23
    endloop
  endfacet
  facet normal 0 0 1
    outer loop
      vertex 112.83 183.383 -23
      vertex 84.1697 183.383 -23
      vertex 112.992 183.325 -23
    endloop
  endfacet
  facet normal 0 0 1
    outer loop
      vertex 84.008 183.325 -23
      vertex 112.992 183.325 -23
      vertex 84.1697 183.383 -23
    endloop
  endfacet
  facet normal 0 0 1
    outer loop
      vertex 112.992 183.325 -23
      vertex 84.008 183.325 -23
      vertex 113.159 183.284 -23
    endloop
  endfacet
  facet normal 0 0 1
    outer loop
      vertex 83.8414 183.284 -23
      vertex 113.159 183.284 -23
      vertex 84.008 183.325 -23
    endloop
  endfacet
  facet normal 0 0 1
    outer loop
      vertex 73 180 -23
      vertex 113.159 183.284 -23
      vertex 83.8414 183.284 -23
    endloop
  endfacet
  facet normal 0 0 1
    outer loop
      vertex 73 180 -23
      vertex 83.8414 183.284 -23
      vertex 83.6715 183.258 -23
    endloop
  endfacet
  facet normal 0 0 1
    outer loop
      vertex 73 180 -23
      vertex 83.6715 183.258 -23
      vertex 83.5 183.25 -23
    endloop
  endfacet
  facet normal 0 0 1
    outer loop
      vertex 73 180 -23
      vertex 83.5 183.25 -23
      vertex 83.3285 183.258 -23
    endloop
  endfacet
  facet normal 0 0 1
    outer loop
      vertex 73 180 -23
      vertex 81.75 185 -23
      vertex 73 190 -23
    endloop
  endfacet
  facet normal 0 0 1
    outer loop
      vertex 81.75 185 -23
      vertex 73 180 -23
      vertex 81.7584 184.828 -23
    endloop
  endfacet
  facet normal 0 0 1
    outer loop
      vertex 81.7584 184.828 -23
      vertex 73 180 -23
      vertex 81.7836 184.659 -23
    endloop
  endfacet
  facet normal 0 0 1
    outer loop
      vertex 81.7836 184.659 -23
      vertex 73 180 -23
      vertex 81.8254 184.492 -23
    endloop
  endfacet
  facet normal 0 0 1
    outer loop
      vertex 81.8254 184.492 -23
      vertex 73 180 -23
      vertex 81.8832 184.33 -23
    endloop
  endfacet
  facet normal 0 0 1
    outer loop
      vertex 81.8832 184.33 -23
      vertex 73 180 -23
      vertex 81.9566 184.175 -23
    endloop
  endfacet
  facet normal 0 0 1
    outer loop
      vertex 81.9566 184.175 -23
      vertex 73 180 -23
      vertex 82.0449 184.028 -23
    endloop
  endfacet
  facet normal 0 0 1
    outer loop
      vertex 82.0449 184.028 -23
      vertex 73 180 -23
      vertex 82.1472 183.89 -23
    endloop
  endfacet
  facet normal 0 0 1
    outer loop
      vertex 82.1472 183.89 -23
      vertex 73 180 -23
      vertex 82.2626 183.763 -23
    endloop
  endfacet
  facet normal 0 0 1
    outer loop
      vertex 82.2626 183.763 -23
      vertex 73 180 -23
      vertex 82.3898 183.647 -23
    endloop
  endfacet
  facet normal 0 0 1
    outer loop
      vertex 113.328 183.258 -23
      vertex 73 180 -23
      vertex 130 180 -23
    endloop
  endfacet
  facet normal 0 0 1
    outer loop
      vertex 83.1586 183.284 -23
      vertex 73 180 -23
      vertex 83.3285 183.258 -23
    endloop
  endfacet
  facet normal 0 0 1
    outer loop
      vertex 82.992 183.325 -23
      vertex 73 180 -23
      vertex 83.1586 183.284 -23
    endloop
  endfacet
  facet normal 0 0 1
    outer loop
      vertex 82.8303 183.383 -23
      vertex 73 180 -23
      vertex 82.992 183.325 -23
    endloop
  endfacet
  facet normal 0 0 1
    outer loop
      vertex 82.6751 183.457 -23
      vertex 73 180 -23
      vertex 82.8303 183.383 -23
    endloop
  endfacet
  facet normal 0 0 1
    outer loop
      vertex 82.5278 183.545 -23
      vertex 73 180 -23
      vertex 82.6751 183.457 -23
    endloop
  endfacet
  facet normal 0 0 1
    outer loop
      vertex 82.3898 183.647 -23
      vertex 73 180 -23
      vertex 82.5278 183.545 -23
    endloop
  endfacet
  facet normal 1 -0 0
    outer loop
      vertex 130 207 -23
      vertex 130 219 -25
      vertex 130 219 -23
    endloop
  endfacet
  facet normal 1 0 0
    outer loop
      vertex 130 219 -25
      vertex 130 207 -23
      vertex 130 207 -25
    endloop
  endfacet
  facet normal 1 -0 0
    outer loop
      vertex 130 180 -23
      vertex 130 192 -25
      vertex 130 192 -23
    endloop
  endfacet
  facet normal 1 0 0
    outer loop
      vertex 130 192 -25
      vertex 130 180 -23
      vertex 130 180 -25
    endloop
  endfacet
  facet normal 0 1 -0
    outer loop
      vertex 130 219 -25
      vertex 118 219 -23
      vertex 130 219 -23
    endloop
  endfacet
  facet normal 0 1 0
    outer loop
      vertex 118 219 -23
      vertex 130 219 -25
      vertex 118 219 -25
    endloop
  endfacet
  facet normal 0 1 -0
    outer loop
      vertex 104 219 -25
      vertex 73 219 -23
      vertex 104 219 -23
    endloop
  endfacet
  facet normal 0 1 0
    outer loop
      vertex 73 219 -23
      vertex 104 219 -25
      vertex 73 219 -25
    endloop
  endfacet
  facet normal 0 1 -0
    outer loop
      vertex 116 219 -25
      vertex 106 219 -23
      vertex 116 219 -23
    endloop
  endfacet
  facet normal 0 1 0
    outer loop
      vertex 106 219 -23
      vertex 116 219 -25
      vertex 106 219 -25
    endloop
  endfacet
  facet normal 0 -1 0
    outer loop
      vertex 73 180 -25
      vertex 130 180 -23
      vertex 73 180 -23
    endloop
  endfacet
  facet normal 0 -1 -0
    outer loop
      vertex 130 180 -23
      vertex 73 180 -25
      vertex 130 180 -25
    endloop
  endfacet
  facet normal -1 0 0
    outer loop
      vertex 75.1 212.9 -27
      vertex 75.1 210 -26.5
      vertex 75.1 212.9 -26.25
    endloop
  endfacet
  facet normal -1 0 0
    outer loop
      vertex 75.1 212.9 -27
      vertex 75.1 190 -26.5
      vertex 75.1 210 -26.5
    endloop
  endfacet
  facet normal -1 0 0
    outer loop
      vertex 75.1 186.1 -27
      vertex 75.1 190 -26.5
      vertex 75.1 212.9 -27
    endloop
  endfacet
  facet normal -1 0 0
    outer loop
      vertex 75.1 186.1 -26.25
      vertex 75.1 190 -26.5
      vertex 75.1 186.1 -27
    endloop
  endfacet
  facet normal -1 0 0
    outer loop
      vertex 75.1 190 -26.5
      vertex 75.1 186.1 -26.25
      vertex 75.1 190 -25
    endloop
  endfacet
  facet normal -1 0 0
    outer loop
      vertex 75.1 182.1 -25
      vertex 75.1 186.1 -26.25
      vertex 75.1 182.1 -26.25
    endloop
  endfacet
  facet normal -1 0 0
    outer loop
      vertex 75.1 186.1 -26.25
      vertex 75.1 182.1 -25
      vertex 75.1 190 -25
    endloop
  endfacet
  facet normal -1 0 0
    outer loop
      vertex 75.1 212.9 -26.25
      vertex 75.1 216.9 -25
      vertex 75.1 216.9 -26.25
    endloop
  endfacet
  facet normal -1 0 0
    outer loop
      vertex 75.1 210 -25
      vertex 75.1 212.9 -26.25
      vertex 75.1 210 -26.5
    endloop
  endfacet
  facet normal -1 0 0
    outer loop
      vertex 75.1 212.9 -26.25
      vertex 75.1 210 -25
      vertex 75.1 216.9 -25
    endloop
  endfacet
  facet normal 0 0 0
    outer loop
      vertex 75.1 182.1 -25
      vertex 75.1 182.1 -26.25
      vertex 75.1 182.1 -27
    endloop
  endfacet
  facet normal 0 0 -1
    outer loop
      vertex 75.1 186.1 -27
      vertex 77.6873 212.9 -27
      vertex 77.6873 186.1 -27
    endloop
  endfacet
  facet normal -0 0 -1
    outer loop
      vertex 77.6873 212.9 -27
      vertex 75.1 186.1 -27
      vertex 75.1 212.9 -27
    endloop
  endfacet
  facet normal 0 0 -1
    outer loop
      vertex 77.6873 186.1 -27
      vertex 78.5127 186.1 -27
      vertex 78.5127 182.1 -27
    endloop
  endfacet
  facet normal 0 0 -1
    outer loop
      vertex 78.5127 186.1 -27
      vertex 77.6873 186.1 -27
      vertex 78.5127 212.9 -27
    endloop
  endfacet
  facet normal 0 0 -1
    outer loop
      vertex 77.6873 186.1 -27
      vertex 78.5127 182.1 -27
      vertex 77.6873 182.1 -27
    endloop
  endfacet
  facet normal 0 0 -1
    outer loop
      vertex 77.6873 212.9 -27
      vertex 78.5127 212.9 -27
      vertex 77.6873 186.1 -27
    endloop
  endfacet
  facet normal 0 0 -1
    outer loop
      vertex 78.5127 212.9 -27
      vertex 77.6873 212.9 -27
      vertex 78.5127 216.9 -27
    endloop
  endfacet
  facet normal -0 0 -1
    outer loop
      vertex 78.5127 216.9 -27
      vertex 77.6873 212.9 -27
      vertex 77.6873 216.9 -27
    endloop
  endfacet
  facet normal 0 0 -1
    outer loop
      vertex 78.5127 212.9 -27
      vertex 89 193.75 -27
      vertex 78.5127 186.1 -27
    endloop
  endfacet
  facet normal 0 0 -1
    outer loop
      vertex 89 193.75 -27
      vertex 78.5127 212.9 -27
      vertex 81.1 212.9 -27
    endloop
  endfacet
  facet normal 0 0 -1
    outer loop
      vertex 127.9 182.1 -27
      vertex 122.031 187.464 -27
      vertex 127.9 196.75 -27
    endloop
  endfacet
  facet normal 0 0 -1
    outer loop
      vertex 123.9 196.75 -27
      vertex 122.092 207.343 -27
      vertex 122.1 207.5 -27
    endloop
  endfacet
  facet normal 0 0 -1
    outer loop
      vertex 121.978 187.612 -27
      vertex 127.9 196.75 -27
      vertex 122.031 187.464 -27
    endloop
  endfacet
  facet normal 0 0 -1
    outer loop
      vertex 123.9 196.75 -27
      vertex 122.069 207.188 -27
      vertex 122.092 207.343 -27
    endloop
  endfacet
  facet normal 0 0 -1
    outer loop
      vertex 121.911 187.754 -27
      vertex 127.9 196.75 -27
      vertex 121.978 187.612 -27
    endloop
  endfacet
  facet normal 0 0 -1
    outer loop
      vertex 123.9 196.75 -27
      vertex 122.031 207.036 -27
      vertex 122.069 207.188 -27
    endloop
  endfacet
  facet normal 0 0 -1
    outer loop
      vertex 121.83 187.889 -27
      vertex 127.9 196.75 -27
      vertex 121.911 187.754 -27
    endloop
  endfacet
  facet normal 0 0 -1
    outer loop
      vertex 123.9 196.75 -27
      vertex 121.978 206.888 -27
      vertex 122.031 207.036 -27
    endloop
  endfacet
  facet normal 0 0 -1
    outer loop
      vertex 121.737 188.015 -27
      vertex 127.9 196.75 -27
      vertex 121.83 187.889 -27
    endloop
  endfacet
  facet normal 0 0 -1
    outer loop
      vertex 123.9 196.75 -27
      vertex 121.911 206.746 -27
      vertex 121.978 206.888 -27
    endloop
  endfacet
  facet normal -0 0 -1
    outer loop
      vertex 127.9 196.75 -27
      vertex 121.737 188.015 -27
      vertex 123.9 196.75 -27
    endloop
  endfacet
  facet normal 0 0 -1
    outer loop
      vertex 123.9 196.75 -27
      vertex 121.83 206.611 -27
      vertex 121.911 206.746 -27
    endloop
  endfacet
  facet normal 0 0 -1
    outer loop
      vertex 121.631 188.131 -27
      vertex 123.9 196.75 -27
      vertex 121.737 188.015 -27
    endloop
  endfacet
  facet normal 0 0 -1
    outer loop
      vertex 123.9 196.75 -27
      vertex 121.737 206.485 -27
      vertex 121.83 206.611 -27
    endloop
  endfacet
  facet normal 0 0 -1
    outer loop
      vertex 121.515 188.237 -27
      vertex 123.9 196.75 -27
      vertex 121.631 188.131 -27
    endloop
  endfacet
  facet normal 0 0 -1
    outer loop
      vertex 123.9 196.75 -27
      vertex 121.631 206.369 -27
      vertex 121.737 206.485 -27
    endloop
  endfacet
  facet normal 0 0 -1
    outer loop
      vertex 121.389 188.33 -27
      vertex 123.9 196.75 -27
      vertex 121.515 188.237 -27
    endloop
  endfacet
  facet normal 0 0 -1
    outer loop
      vertex 123.9 196.75 -27
      vertex 121.515 206.263 -27
      vertex 121.631 206.369 -27
    endloop
  endfacet
  facet normal 0 0 -1
    outer loop
      vertex 121.254 188.411 -27
      vertex 123.9 196.75 -27
      vertex 121.389 188.33 -27
    endloop
  endfacet
  facet normal 0 0 -1
    outer loop
      vertex 123.9 196.75 -27
      vertex 121.389 206.17 -27
      vertex 121.515 206.263 -27
    endloop
  endfacet
  facet normal 0 0 -1
    outer loop
      vertex 121.112 188.478 -27
      vertex 123.9 196.75 -27
      vertex 121.254 188.411 -27
    endloop
  endfacet
  facet normal 0 0 -1
    outer loop
      vertex 123.9 196.75 -27
      vertex 121.254 206.089 -27
      vertex 121.389 206.17 -27
    endloop
  endfacet
  facet normal 0 0 -1
    outer loop
      vertex 120.964 188.531 -27
      vertex 123.9 196.75 -27
      vertex 121.112 188.478 -27
    endloop
  endfacet
  facet normal 0 0 -1
    outer loop
      vertex 123.9 196.75 -27
      vertex 121.112 206.022 -27
      vertex 121.254 206.089 -27
    endloop
  endfacet
  facet normal 0 0 -1
    outer loop
      vertex 120.812 188.569 -27
      vertex 123.9 196.75 -27
      vertex 120.964 188.531 -27
    endloop
  endfacet
  facet normal 0 0 -1
    outer loop
      vertex 123.9 196.75 -27
      vertex 120.964 205.969 -27
      vertex 121.112 206.022 -27
    endloop
  endfacet
  facet normal 0 0 -1
    outer loop
      vertex 120.657 188.592 -27
      vertex 123.9 196.75 -27
      vertex 120.812 188.569 -27
    endloop
  endfacet
  facet normal 0 0 -1
    outer loop
      vertex 123.9 196.75 -27
      vertex 120.812 205.931 -27
      vertex 120.964 205.969 -27
    endloop
  endfacet
  facet normal 0 0 -1
    outer loop
      vertex 120.5 188.6 -27
      vertex 123.9 196.75 -27
      vertex 120.657 188.592 -27
    endloop
  endfacet
  facet normal 0 0 -1
    outer loop
      vertex 123.9 196.75 -27
      vertex 120.657 205.908 -27
      vertex 120.812 205.931 -27
    endloop
  endfacet
  facet normal 0 0 -1
    outer loop
      vertex 120.343 188.592 -27
      vertex 123.9 196.75 -27
      vertex 120.5 188.6 -27
    endloop
  endfacet
  facet normal 0 0 -1
    outer loop
      vertex 123.9 196.75 -27
      vertex 120.5 205.9 -27
      vertex 120.657 205.908 -27
    endloop
  endfacet
  facet normal 0 0 -1
    outer loop
      vertex 120.188 188.569 -27
      vertex 123.9 196.75 -27
      vertex 120.343 188.592 -27
    endloop
  endfacet
  facet normal 0 0 -1
    outer loop
      vertex 123.9 196.75 -27
      vertex 120.343 205.908 -27
      vertex 120.5 205.9 -27
    endloop
  endfacet
  facet normal 0 0 -1
    outer loop
      vertex 120.036 188.531 -27
      vertex 123.9 196.75 -27
      vertex 120.188 188.569 -27
    endloop
  endfacet
  facet normal 0 0 -1
    outer loop
      vertex 123.9 196.75 -27
      vertex 120.188 205.931 -27
      vertex 120.343 205.908 -27
    endloop
  endfacet
  facet normal 0 0 -1
    outer loop
      vertex 119.888 188.478 -27
      vertex 123.9 196.75 -27
      vertex 120.036 188.531 -27
    endloop
  endfacet
  facet normal 0 0 -1
    outer loop
      vertex 123.9 196.75 -27
      vertex 120.036 205.969 -27
      vertex 120.188 205.931 -27
    endloop
  endfacet
  facet normal 0 0 -1
    outer loop
      vertex 119.746 188.411 -27
      vertex 123.9 196.75 -27
      vertex 119.888 188.478 -27
    endloop
  endfacet
  facet normal 0 0 -1
    outer loop
      vertex 123.9 196.75 -27
      vertex 119.888 206.022 -27
      vertex 120.036 205.969 -27
    endloop
  endfacet
  facet normal 0 0 -1
    outer loop
      vertex 119.611 188.33 -27
      vertex 123.9 196.75 -27
      vertex 119.746 188.411 -27
    endloop
  endfacet
  facet normal 0 0 -1
    outer loop
      vertex 123.9 196.75 -27
      vertex 119.746 206.089 -27
      vertex 119.888 206.022 -27
    endloop
  endfacet
  facet normal 0 0 -1
    outer loop
      vertex 113.672 186.742 -27
      vertex 123.9 196.75 -27
      vertex 119.611 188.33 -27
    endloop
  endfacet
  facet normal 0 0 -1
    outer loop
      vertex 123.9 196.75 -27
      vertex 119.611 206.17 -27
      vertex 119.746 206.089 -27
    endloop
  endfacet
  facet normal 0 0 -1
    outer loop
      vertex 113.672 186.742 -27
      vertex 119.611 188.33 -27
      vertex 119.485 188.237 -27
    endloop
  endfacet
  facet normal 0 0 -1
    outer loop
      vertex 113.5 186.75 -27
      vertex 123.9 196.75 -27
      vertex 113.672 186.742 -27
    endloop
  endfacet
  facet normal 0 0 -1
    outer loop
      vertex 113.841 186.716 -27
      vertex 119.485 188.237 -27
      vertex 119.369 188.131 -27
    endloop
  endfacet
  facet normal -0 0 -1
    outer loop
      vertex 123.9 196.75 -27
      vertex 113.5 186.75 -27
      vertex 119.611 206.17 -27
    endloop
  endfacet
  facet normal 0 0 -1
    outer loop
      vertex 114.008 186.675 -27
      vertex 119.369 188.131 -27
      vertex 119.263 188.015 -27
    endloop
  endfacet
  facet normal -0 0 -1
    outer loop
      vertex 119.611 206.17 -27
      vertex 113.5 186.75 -27
      vertex 119.485 206.263 -27
    endloop
  endfacet
  facet normal 0 0 -1
    outer loop
      vertex 114.17 186.617 -27
      vertex 119.263 188.015 -27
      vertex 119.17 187.889 -27
    endloop
  endfacet
  facet normal 0 0 -1
    outer loop
      vertex 113.328 186.742 -27
      vertex 119.485 206.263 -27
      vertex 113.5 186.75 -27
    endloop
  endfacet
  facet normal 0 0 -1
    outer loop
      vertex 114.325 186.543 -27
      vertex 119.17 187.889 -27
      vertex 119.089 187.754 -27
    endloop
  endfacet
  facet normal -0 0 -1
    outer loop
      vertex 119.485 206.263 -27
      vertex 113.328 186.742 -27
      vertex 119.369 206.369 -27
    endloop
  endfacet
  facet normal 0 0 -1
    outer loop
      vertex 114.472 186.455 -27
      vertex 119.089 187.754 -27
      vertex 119.022 187.612 -27
    endloop
  endfacet
  facet normal 0 0 -1
    outer loop
      vertex 113.159 186.716 -27
      vertex 119.369 206.369 -27
      vertex 113.328 186.742 -27
    endloop
  endfacet
  facet normal 0 0 -1
    outer loop
      vertex 114.61 186.353 -27
      vertex 119.022 187.612 -27
      vertex 118.969 187.464 -27
    endloop
  endfacet
  facet normal -0 0 -1
    outer loop
      vertex 119.369 206.369 -27
      vertex 113.159 186.716 -27
      vertex 119.263 206.485 -27
    endloop
  endfacet
  facet normal 0 0 -1
    outer loop
      vertex 114.737 186.237 -27
      vertex 118.969 187.464 -27
      vertex 118.931 187.312 -27
    endloop
  endfacet
  facet normal 0 0 -1
    outer loop
      vertex 112.992 186.675 -27
      vertex 119.263 206.485 -27
      vertex 113.159 186.716 -27
    endloop
  endfacet
  facet normal 0 0 -1
    outer loop
      vertex 114.853 186.11 -27
      vertex 118.931 187.312 -27
      vertex 118.908 187.157 -27
    endloop
  endfacet
  facet normal 0 0 -1
    outer loop
      vertex 119.485 188.237 -27
      vertex 113.841 186.716 -27
      vertex 113.672 186.742 -27
    endloop
  endfacet
  facet normal 0 0 -1
    outer loop
      vertex 114.955 185.972 -27
      vertex 118.908 187.157 -27
      vertex 118.9 187 -27
    endloop
  endfacet
  facet normal -0 0 -1
    outer loop
      vertex 119.263 206.485 -27
      vertex 112.992 186.675 -27
      vertex 119.17 206.611 -27
    endloop
  endfacet
  facet normal 0 0 -1
    outer loop
      vertex 122.092 187.157 -27
      vertex 127.9 182.1 -27
      vertex 122.1 187 -27
    endloop
  endfacet
  facet normal 0 0 -1
    outer loop
      vertex 122.1 207.5 -27
      vertex 123.9 199.337 -27
      vertex 123.9 196.75 -27
    endloop
  endfacet
  facet normal 0 0 -1
    outer loop
      vertex 123.9 199.337 -27
      vertex 122.1 207.5 -27
      vertex 123.9 200.163 -27
    endloop
  endfacet
  facet normal 0 0 -1
    outer loop
      vertex 122.031 187.464 -27
      vertex 127.9 182.1 -27
      vertex 122.069 187.312 -27
    endloop
  endfacet
  facet normal 0 0 -1
    outer loop
      vertex 122.069 187.312 -27
      vertex 127.9 182.1 -27
      vertex 122.092 187.157 -27
    endloop
  endfacet
  facet normal 0 0 -1
    outer loop
      vertex 127.9 182.1 -27
      vertex 122.092 186.843 -27
      vertex 122.1 187 -27
    endloop
  endfacet
  facet normal 0 0 -1
    outer loop
      vertex 127.9 182.1 -27
      vertex 122.069 186.688 -27
      vertex 122.092 186.843 -27
    endloop
  endfacet
  facet normal 0 0 -1
    outer loop
      vertex 127.9 182.1 -27
      vertex 122.031 186.536 -27
      vertex 122.069 186.688 -27
    endloop
  endfacet
  facet normal 0 0 -1
    outer loop
      vertex 127.9 182.1 -27
      vertex 121.978 186.388 -27
      vertex 122.031 186.536 -27
    endloop
  endfacet
  facet normal 0 0 -1
    outer loop
      vertex 127.9 182.1 -27
      vertex 121.911 186.246 -27
      vertex 121.978 186.388 -27
    endloop
  endfacet
  facet normal 0 0 -1
    outer loop
      vertex 127.9 182.1 -27
      vertex 121.83 186.111 -27
      vertex 121.911 186.246 -27
    endloop
  endfacet
  facet normal 0 0 -1
    outer loop
      vertex 127.9 182.1 -27
      vertex 121.737 185.985 -27
      vertex 121.83 186.111 -27
    endloop
  endfacet
  facet normal 0 0 -1
    outer loop
      vertex 127.9 182.1 -27
      vertex 121.631 185.869 -27
      vertex 121.737 185.985 -27
    endloop
  endfacet
  facet normal 0 0 -1
    outer loop
      vertex 127.9 182.1 -27
      vertex 121.515 185.763 -27
      vertex 121.631 185.869 -27
    endloop
  endfacet
  facet normal 0 0 -1
    outer loop
      vertex 127.9 182.1 -27
      vertex 121.389 185.67 -27
      vertex 121.515 185.763 -27
    endloop
  endfacet
  facet normal 0 0 -1
    outer loop
      vertex 127.9 182.1 -27
      vertex 121.254 185.589 -27
      vertex 121.389 185.67 -27
    endloop
  endfacet
  facet normal 0 0 -1
    outer loop
      vertex 127.9 182.1 -27
      vertex 121.112 185.522 -27
      vertex 121.254 185.589 -27
    endloop
  endfacet
  facet normal 0 0 -1
    outer loop
      vertex 127.9 182.1 -27
      vertex 120.964 185.469 -27
      vertex 121.112 185.522 -27
    endloop
  endfacet
  facet normal 0 0 -1
    outer loop
      vertex 127.9 182.1 -27
      vertex 120.812 185.431 -27
      vertex 120.964 185.469 -27
    endloop
  endfacet
  facet normal 0 0 -1
    outer loop
      vertex 127.9 182.1 -27
      vertex 120.657 185.408 -27
      vertex 120.812 185.431 -27
    endloop
  endfacet
  facet normal 0 0 -1
    outer loop
      vertex 127.9 182.1 -27
      vertex 120.5 185.4 -27
      vertex 120.657 185.408 -27
    endloop
  endfacet
  facet normal 0 0 -1
    outer loop
      vertex 114.472 183.545 -27
      vertex 120.5 185.4 -27
      vertex 127.9 182.1 -27
    endloop
  endfacet
  facet normal -0 0 -1
    outer loop
      vertex 120.5 185.4 -27
      vertex 114.472 183.545 -27
      vertex 120.343 185.408 -27
    endloop
  endfacet
  facet normal 0 -0 -1
    outer loop
      vertex 114.61 183.647 -27
      vertex 120.343 185.408 -27
      vertex 114.472 183.545 -27
    endloop
  endfacet
  facet normal -0 0 -1
    outer loop
      vertex 120.343 185.408 -27
      vertex 114.61 183.647 -27
      vertex 120.188 185.431 -27
    endloop
  endfacet
  facet normal -0 0 -1
    outer loop
      vertex 118.969 186.536 -27
      vertex 115.175 185.508 -27
      vertex 118.931 186.688 -27
    endloop
  endfacet
  facet normal 0 0 -1
    outer loop
      vertex 115.175 185.508 -27
      vertex 118.969 186.536 -27
      vertex 115.216 185.341 -27
    endloop
  endfacet
  facet normal -0 0 -1
    outer loop
      vertex 119.022 186.388 -27
      vertex 115.216 185.341 -27
      vertex 118.969 186.536 -27
    endloop
  endfacet
  facet normal 0 0 -1
    outer loop
      vertex 115.216 185.341 -27
      vertex 119.022 186.388 -27
      vertex 115.242 185.172 -27
    endloop
  endfacet
  facet normal -0 0 -1
    outer loop
      vertex 119.089 186.246 -27
      vertex 115.242 185.172 -27
      vertex 119.022 186.388 -27
    endloop
  endfacet
  facet normal 0 0 -1
    outer loop
      vertex 115.242 185.172 -27
      vertex 119.089 186.246 -27
      vertex 115.25 185 -27
    endloop
  endfacet
  facet normal -0 0 -1
    outer loop
      vertex 119.17 186.111 -27
      vertex 115.25 185 -27
      vertex 119.089 186.246 -27
    endloop
  endfacet
  facet normal 0 0 -1
    outer loop
      vertex 115.242 184.828 -27
      vertex 119.17 186.111 -27
      vertex 119.263 185.985 -27
    endloop
  endfacet
  facet normal 0 0 -1
    outer loop
      vertex 115.216 184.659 -27
      vertex 119.263 185.985 -27
      vertex 119.369 185.869 -27
    endloop
  endfacet
  facet normal 0 0 -1
    outer loop
      vertex 115.175 184.492 -27
      vertex 119.369 185.869 -27
      vertex 119.485 185.763 -27
    endloop
  endfacet
  facet normal 0 0 -1
    outer loop
      vertex 115.117 184.33 -27
      vertex 119.485 185.763 -27
      vertex 119.611 185.67 -27
    endloop
  endfacet
  facet normal 0 0 -1
    outer loop
      vertex 115.117 184.33 -27
      vertex 119.611 185.67 -27
      vertex 119.746 185.589 -27
    endloop
  endfacet
  facet normal 0 0 -1
    outer loop
      vertex 115.043 184.175 -27
      vertex 119.746 185.589 -27
      vertex 119.888 185.522 -27
    endloop
  endfacet
  facet normal -0 0 -1
    outer loop
      vertex 120.188 185.431 -27
      vertex 114.737 183.763 -27
      vertex 120.036 185.469 -27
    endloop
  endfacet
  facet normal 0 0 -1
    outer loop
      vertex 119.17 186.111 -27
      vertex 115.242 184.828 -27
      vertex 115.25 185 -27
    endloop
  endfacet
  facet normal 0 0 -1
    outer loop
      vertex 119.263 185.985 -27
      vertex 115.216 184.659 -27
      vertex 115.242 184.828 -27
    endloop
  endfacet
  facet normal 0 0 -1
    outer loop
      vertex 119.369 185.869 -27
      vertex 115.175 184.492 -27
      vertex 115.216 184.659 -27
    endloop
  endfacet
  facet normal 0 0 -1
    outer loop
      vertex 119.485 185.763 -27
      vertex 115.117 184.33 -27
      vertex 115.175 184.492 -27
    endloop
  endfacet
  facet normal 0 0 -1
    outer loop
      vertex 119.746 185.589 -27
      vertex 115.043 184.175 -27
      vertex 115.117 184.33 -27
    endloop
  endfacet
  facet normal 0 0 -1
    outer loop
      vertex 119.888 185.522 -27
      vertex 114.955 184.028 -27
      vertex 115.043 184.175 -27
    endloop
  endfacet
  facet normal 0 0 -1
    outer loop
      vertex 119.888 185.522 -27
      vertex 114.853 183.89 -27
      vertex 114.955 184.028 -27
    endloop
  endfacet
  facet normal -0 0 -1
    outer loop
      vertex 120.036 185.469 -27
      vertex 114.853 183.89 -27
      vertex 119.888 185.522 -27
    endloop
  endfacet
  facet normal 0 -0 -1
    outer loop
      vertex 114.853 183.89 -27
      vertex 120.036 185.469 -27
      vertex 114.737 183.763 -27
    endloop
  endfacet
  facet normal 0 -0 -1
    outer loop
      vertex 114.737 183.763 -27
      vertex 120.188 185.431 -27
      vertex 114.61 183.647 -27
    endloop
  endfacet
  facet normal 0 0 -1
    outer loop
      vertex 127.9 182.1 -27
      vertex 114.325 183.457 -27
      vertex 114.472 183.545 -27
    endloop
  endfacet
  facet normal 0 0 -1
    outer loop
      vertex 127.9 182.1 -27
      vertex 114.17 183.383 -27
      vertex 114.325 183.457 -27
    endloop
  endfacet
  facet normal 0 0 -1
    outer loop
      vertex 127.9 182.1 -27
      vertex 114.008 183.325 -27
      vertex 114.17 183.383 -27
    endloop
  endfacet
  facet normal 0 0 -1
    outer loop
      vertex 127.9 182.1 -27
      vertex 113.841 183.284 -27
      vertex 114.008 183.325 -27
    endloop
  endfacet
  facet normal 0 0 -1
    outer loop
      vertex 127.9 182.1 -27
      vertex 113.672 183.258 -27
      vertex 113.841 183.284 -27
    endloop
  endfacet
  facet normal 0 0 -1
    outer loop
      vertex 127.9 182.1 -27
      vertex 113.5 183.25 -27
      vertex 113.672 183.258 -27
    endloop
  endfacet
  facet normal 0 0 -1
    outer loop
      vertex 127.9 182.1 -27
      vertex 113.328 183.258 -27
      vertex 113.5 183.25 -27
    endloop
  endfacet
  facet normal 0 0 -1
    outer loop
      vertex 111.758 184.828 -27
      vertex 94 193.75 -27
      vertex 111.75 185 -27
    endloop
  endfacet
  facet normal 0 0 -1
    outer loop
      vertex 111.784 184.659 -27
      vertex 94 193.75 -27
      vertex 111.758 184.828 -27
    endloop
  endfacet
  facet normal 0 0 -1
    outer loop
      vertex 111.825 184.492 -27
      vertex 94 193.75 -27
      vertex 111.784 184.659 -27
    endloop
  endfacet
  facet normal 0 0 -1
    outer loop
      vertex 85.1746 184.492 -27
      vertex 111.825 184.492 -27
      vertex 111.883 184.33 -27
    endloop
  endfacet
  facet normal 0 0 -1
    outer loop
      vertex 85.1168 184.33 -27
      vertex 111.883 184.33 -27
      vertex 111.957 184.175 -27
    endloop
  endfacet
  facet normal 0 0 -1
    outer loop
      vertex 85.0434 184.175 -27
      vertex 111.957 184.175 -27
      vertex 112.045 184.028 -27
    endloop
  endfacet
  facet normal 0 0 -1
    outer loop
      vertex 84.9551 184.028 -27
      vertex 112.045 184.028 -27
      vertex 112.147 183.89 -27
    endloop
  endfacet
  facet normal 0 0 -1
    outer loop
      vertex 84.8528 183.89 -27
      vertex 112.147 183.89 -27
      vertex 112.263 183.763 -27
    endloop
  endfacet
  facet normal 0 0 -1
    outer loop
      vertex 84.7374 183.763 -27
      vertex 112.263 183.763 -27
      vertex 112.39 183.647 -27
    endloop
  endfacet
  facet normal 0 0 -1
    outer loop
      vertex 84.6102 183.647 -27
      vertex 112.39 183.647 -27
      vertex 112.528 183.545 -27
    endloop
  endfacet
  facet normal 0 0 -1
    outer loop
      vertex 84.4722 183.545 -27
      vertex 112.528 183.545 -27
      vertex 112.675 183.457 -27
    endloop
  endfacet
  facet normal 0 0 -1
    outer loop
      vertex 111.825 184.492 -27
      vertex 85.1746 184.492 -27
      vertex 94 193.75 -27
    endloop
  endfacet
  facet normal 0 0 -1
    outer loop
      vertex 84.3249 183.457 -27
      vertex 112.675 183.457 -27
      vertex 112.83 183.383 -27
    endloop
  endfacet
  facet normal 0 0 -1
    outer loop
      vertex 85.2164 185.341 -27
      vertex 94 193.75 -27
      vertex 85.2416 185.172 -27
    endloop
  endfacet
  facet normal 0 0 -1
    outer loop
      vertex 85.2416 185.172 -27
      vertex 94 193.75 -27
      vertex 85.25 185 -27
    endloop
  endfacet
  facet normal 0 0 -1
    outer loop
      vertex 81.1 182.1 -27
      vertex 112.83 183.383 -27
      vertex 112.992 183.325 -27
    endloop
  endfacet
  facet normal 0 0 -1
    outer loop
      vertex 81.1 182.1 -27
      vertex 112.992 183.325 -27
      vertex 113.159 183.284 -27
    endloop
  endfacet
  facet normal 0 0 -1
    outer loop
      vertex 81.1 182.1 -27
      vertex 113.159 183.284 -27
      vertex 113.328 183.258 -27
    endloop
  endfacet
  facet normal 0 0 -1
    outer loop
      vertex 81.1 182.1 -27
      vertex 113.328 183.258 -27
      vertex 127.9 182.1 -27
    endloop
  endfacet
  facet normal 0 0 -1
    outer loop
      vertex 94 193.75 -27
      vertex 85.2416 184.828 -27
      vertex 85.25 185 -27
    endloop
  endfacet
  facet normal 0 0 -1
    outer loop
      vertex 94 193.75 -27
      vertex 85.2164 184.659 -27
      vertex 85.2416 184.828 -27
    endloop
  endfacet
  facet normal 0 0 -1
    outer loop
      vertex 94 193.75 -27
      vertex 85.1746 184.492 -27
      vertex 85.2164 184.659 -27
    endloop
  endfacet
  facet normal 0 0 -1
    outer loop
      vertex 111.883 184.33 -27
      vertex 85.1168 184.33 -27
      vertex 85.1746 184.492 -27
    endloop
  endfacet
  facet normal 0 0 -1
    outer loop
      vertex 111.957 184.175 -27
      vertex 85.0434 184.175 -27
      vertex 85.1168 184.33 -27
    endloop
  endfacet
  facet normal 0 0 -1
    outer loop
      vertex 112.045 184.028 -27
      vertex 84.9551 184.028 -27
      vertex 85.0434 184.175 -27
    endloop
  endfacet
  facet normal 0 0 -1
    outer loop
      vertex 112.147 183.89 -27
      vertex 84.8528 183.89 -27
      vertex 84.9551 184.028 -27
    endloop
  endfacet
  facet normal 0 0 -1
    outer loop
      vertex 112.263 183.763 -27
      vertex 84.7374 183.763 -27
      vertex 84.8528 183.89 -27
    endloop
  endfacet
  facet normal 0 0 -1
    outer loop
      vertex 112.39 183.647 -27
      vertex 84.6102 183.647 -27
      vertex 84.7374 183.763 -27
    endloop
  endfacet
  facet normal 0 0 -1
    outer loop
      vertex 112.528 183.545 -27
      vertex 84.4722 183.545 -27
      vertex 84.6102 183.647 -27
    endloop
  endfacet
  facet normal 0 0 -1
    outer loop
      vertex 112.675 183.457 -27
      vertex 84.3249 183.457 -27
      vertex 84.4722 183.545 -27
    endloop
  endfacet
  facet normal 0 0 -1
    outer loop
      vertex 112.83 183.383 -27
      vertex 84.1697 183.383 -27
      vertex 84.3249 183.457 -27
    endloop
  endfacet
  facet normal -0 0 -1
    outer loop
      vertex 112.83 183.383 -27
      vertex 81.1 182.1 -27
      vertex 84.1697 183.383 -27
    endloop
  endfacet
  facet normal 0 0 -1
    outer loop
      vertex 84.1697 183.383 -27
      vertex 81.1 182.1 -27
      vertex 84.008 183.325 -27
    endloop
  endfacet
  facet normal 0 0 -1
    outer loop
      vertex 84.008 183.325 -27
      vertex 81.1 182.1 -27
      vertex 83.8414 183.284 -27
    endloop
  endfacet
  facet normal 0 0 -1
    outer loop
      vertex 83.8414 183.284 -27
      vertex 81.1 182.1 -27
      vertex 83.6715 183.258 -27
    endloop
  endfacet
  facet normal 0 0 -1
    outer loop
      vertex 81.7836 184.659 -27
      vertex 81.1 186.1 -27
      vertex 81.7584 184.828 -27
    endloop
  endfacet
  facet normal 0 0 -1
    outer loop
      vertex 81.1 186.1 -27
      vertex 81.7836 184.659 -27
      vertex 81.1 182.1 -27
    endloop
  endfacet
  facet normal -0 0 -1
    outer loop
      vertex 81.8254 184.492 -27
      vertex 81.1 182.1 -27
      vertex 81.7836 184.659 -27
    endloop
  endfacet
  facet normal -0 0 -1
    outer loop
      vertex 81.8832 184.33 -27
      vertex 81.1 182.1 -27
      vertex 81.8254 184.492 -27
    endloop
  endfacet
  facet normal -0 0 -1
    outer loop
      vertex 81.9566 184.175 -27
      vertex 81.1 182.1 -27
      vertex 81.8832 184.33 -27
    endloop
  endfacet
  facet normal -0 0 -1
    outer loop
      vertex 82.0449 184.028 -27
      vertex 81.1 182.1 -27
      vertex 81.9566 184.175 -27
    endloop
  endfacet
  facet normal -0 0 -1
    outer loop
      vertex 82.1472 183.89 -27
      vertex 81.1 182.1 -27
      vertex 82.0449 184.028 -27
    endloop
  endfacet
  facet normal -0 0 -1
    outer loop
      vertex 82.2626 183.763 -27
      vertex 81.1 182.1 -27
      vertex 82.1472 183.89 -27
    endloop
  endfacet
  facet normal -0 0 -1
    outer loop
      vertex 82.3898 183.647 -27
      vertex 81.1 182.1 -27
      vertex 82.2626 183.763 -27
    endloop
  endfacet
  facet normal -0 0 -1
    outer loop
      vertex 82.5278 183.545 -27
      vertex 81.1 182.1 -27
      vertex 82.3898 183.647 -27
    endloop
  endfacet
  facet normal -0 0 -1
    outer loop
      vertex 82.6751 183.457 -27
      vertex 81.1 182.1 -27
      vertex 82.5278 183.545 -27
    endloop
  endfacet
  facet normal -0 0 -1
    outer loop
      vertex 82.8303 183.383 -27
      vertex 81.1 182.1 -27
      vertex 82.6751 183.457 -27
    endloop
  endfacet
  facet normal -0 0 -1
    outer loop
      vertex 82.992 183.325 -27
      vertex 81.1 182.1 -27
      vertex 82.8303 183.383 -27
    endloop
  endfacet
  facet normal -0 0 -1
    outer loop
      vertex 83.1586 183.284 -27
      vertex 81.1 182.1 -27
      vertex 82.992 183.325 -27
    endloop
  endfacet
  facet normal -0 0 -1
    outer loop
      vertex 83.3285 183.258 -27
      vertex 81.1 182.1 -27
      vertex 83.1586 183.284 -27
    endloop
  endfacet
  facet normal -0 0 -1
    outer loop
      vertex 83.5 183.25 -27
      vertex 81.1 182.1 -27
      vertex 83.3285 183.258 -27
    endloop
  endfacet
  facet normal 0 0 -1
    outer loop
      vertex 83.6715 183.258 -27
      vertex 81.1 182.1 -27
      vertex 83.5 183.25 -27
    endloop
  endfacet
  facet normal 0 0 -1
    outer loop
      vertex 123.9 199.337 -27
      vertex 127.9 200.163 -27
      vertex 127.9 199.337 -27
    endloop
  endfacet
  facet normal -0 0 -1
    outer loop
      vertex 127.9 200.163 -27
      vertex 123.9 199.337 -27
      vertex 123.9 200.163 -27
    endloop
  endfacet
  facet normal 0 0 -1
    outer loop
      vertex 122.1 207.5 -27
      vertex 127.9 202.75 -27
      vertex 123.9 202.75 -27
    endloop
  endfacet
  facet normal 0 0 -1
    outer loop
      vertex 123.9 200.163 -27
      vertex 122.1 207.5 -27
      vertex 123.9 202.75 -27
    endloop
  endfacet
  facet normal 0 0 -1
    outer loop
      vertex 127.9 202.75 -27
      vertex 122.1 207.5 -27
      vertex 122.092 207.657 -27
    endloop
  endfacet
  facet normal 0 0 -1
    outer loop
      vertex 122.069 207.812 -27
      vertex 127.9 202.75 -27
      vertex 122.092 207.657 -27
    endloop
  endfacet
  facet normal 0 0 -1
    outer loop
      vertex 122.031 207.964 -27
      vertex 127.9 202.75 -27
      vertex 122.069 207.812 -27
    endloop
  endfacet
  facet normal 0 0 -1
    outer loop
      vertex 127.9 202.75 -27
      vertex 122.031 207.964 -27
      vertex 127.9 216.9 -27
    endloop
  endfacet
  facet normal 0 0 -1
    outer loop
      vertex 121.978 208.112 -27
      vertex 127.9 216.9 -27
      vertex 122.031 207.964 -27
    endloop
  endfacet
  facet normal 0 0 -1
    outer loop
      vertex 121.911 208.254 -27
      vertex 127.9 216.9 -27
      vertex 121.978 208.112 -27
    endloop
  endfacet
  facet normal 0 0 -1
    outer loop
      vertex 121.83 208.389 -27
      vertex 127.9 216.9 -27
      vertex 121.911 208.254 -27
    endloop
  endfacet
  facet normal 0 0 -1
    outer loop
      vertex 121.737 208.515 -27
      vertex 127.9 216.9 -27
      vertex 121.83 208.389 -27
    endloop
  endfacet
  facet normal 0 0 -1
    outer loop
      vertex 121.631 208.631 -27
      vertex 127.9 216.9 -27
      vertex 121.737 208.515 -27
    endloop
  endfacet
  facet normal 0 0 -1
    outer loop
      vertex 121.515 208.737 -27
      vertex 127.9 216.9 -27
      vertex 121.631 208.631 -27
    endloop
  endfacet
  facet normal 0 0 -1
    outer loop
      vertex 121.389 208.83 -27
      vertex 127.9 216.9 -27
      vertex 121.515 208.737 -27
    endloop
  endfacet
  facet normal 0 0 -1
    outer loop
      vertex 121.254 208.911 -27
      vertex 127.9 216.9 -27
      vertex 121.389 208.83 -27
    endloop
  endfacet
  facet normal 0 0 -1
    outer loop
      vertex 121.112 208.978 -27
      vertex 127.9 216.9 -27
      vertex 121.254 208.911 -27
    endloop
  endfacet
  facet normal 0 0 -1
    outer loop
      vertex 120.964 209.031 -27
      vertex 127.9 216.9 -27
      vertex 121.112 208.978 -27
    endloop
  endfacet
  facet normal 0 0 -1
    outer loop
      vertex 120.812 209.069 -27
      vertex 127.9 216.9 -27
      vertex 120.964 209.031 -27
    endloop
  endfacet
  facet normal 0 0 -1
    outer loop
      vertex 120.657 209.092 -27
      vertex 127.9 216.9 -27
      vertex 120.812 209.069 -27
    endloop
  endfacet
  facet normal 0 0 -1
    outer loop
      vertex 120.5 209.1 -27
      vertex 127.9 216.9 -27
      vertex 120.657 209.092 -27
    endloop
  endfacet
  facet normal 0 0 -1
    outer loop
      vertex 120.343 209.092 -27
      vertex 127.9 216.9 -27
      vertex 120.5 209.1 -27
    endloop
  endfacet
  facet normal 0 0 -1
    outer loop
      vertex 120.188 209.069 -27
      vertex 127.9 216.9 -27
      vertex 120.343 209.092 -27
    endloop
  endfacet
  facet normal 0 0 -1
    outer loop
      vertex 120.036 209.031 -27
      vertex 127.9 216.9 -27
      vertex 120.188 209.069 -27
    endloop
  endfacet
  facet normal 0 0 -1
    outer loop
      vertex 119.888 208.978 -27
      vertex 127.9 216.9 -27
      vertex 120.036 209.031 -27
    endloop
  endfacet
  facet normal 0 0 -1
    outer loop
      vertex 119.746 208.911 -27
      vertex 127.9 216.9 -27
      vertex 119.888 208.978 -27
    endloop
  endfacet
  facet normal 0 0 -1
    outer loop
      vertex 119.611 208.83 -27
      vertex 127.9 216.9 -27
      vertex 119.746 208.911 -27
    endloop
  endfacet
  facet normal 0 0 -1
    outer loop
      vertex 94 205.75 -27
      vertex 119.611 208.83 -27
      vertex 119.485 208.737 -27
    endloop
  endfacet
  facet normal 0 0 -1
    outer loop
      vertex 94 205.75 -27
      vertex 119.485 208.737 -27
      vertex 119.369 208.631 -27
    endloop
  endfacet
  facet normal 0 0 -1
    outer loop
      vertex 115.117 185.67 -27
      vertex 118.931 186.688 -27
      vertex 115.175 185.508 -27
    endloop
  endfacet
  facet normal -0 0 -1
    outer loop
      vertex 118.931 186.688 -27
      vertex 115.117 185.67 -27
      vertex 118.908 186.843 -27
    endloop
  endfacet
  facet normal 0 0 -1
    outer loop
      vertex 115.043 185.825 -27
      vertex 118.908 186.843 -27
      vertex 115.117 185.67 -27
    endloop
  endfacet
  facet normal -0 0 -1
    outer loop
      vertex 118.908 186.843 -27
      vertex 115.043 185.825 -27
      vertex 118.9 187 -27
    endloop
  endfacet
  facet normal 0 0 -1
    outer loop
      vertex 114.955 185.972 -27
      vertex 118.9 187 -27
      vertex 115.043 185.825 -27
    endloop
  endfacet
  facet normal 0 0 -1
    outer loop
      vertex 118.908 187.157 -27
      vertex 114.955 185.972 -27
      vertex 114.853 186.11 -27
    endloop
  endfacet
  facet normal 0 0 -1
    outer loop
      vertex 118.931 187.312 -27
      vertex 114.853 186.11 -27
      vertex 114.737 186.237 -27
    endloop
  endfacet
  facet normal 0 0 -1
    outer loop
      vertex 118.969 187.464 -27
      vertex 114.737 186.237 -27
      vertex 114.61 186.353 -27
    endloop
  endfacet
  facet normal 0 0 -1
    outer loop
      vertex 119.022 187.612 -27
      vertex 114.61 186.353 -27
      vertex 114.472 186.455 -27
    endloop
  endfacet
  facet normal 0 0 -1
    outer loop
      vertex 119.089 187.754 -27
      vertex 114.472 186.455 -27
      vertex 114.325 186.543 -27
    endloop
  endfacet
  facet normal 0 0 -1
    outer loop
      vertex 119.17 187.889 -27
      vertex 114.325 186.543 -27
      vertex 114.17 186.617 -27
    endloop
  endfacet
  facet normal 0 0 -1
    outer loop
      vertex 119.263 188.015 -27
      vertex 114.17 186.617 -27
      vertex 114.008 186.675 -27
    endloop
  endfacet
  facet normal 0 0 -1
    outer loop
      vertex 119.369 188.131 -27
      vertex 114.008 186.675 -27
      vertex 113.841 186.716 -27
    endloop
  endfacet
  facet normal 0 0 -1
    outer loop
      vertex 112.83 186.617 -27
      vertex 119.17 206.611 -27
      vertex 112.992 186.675 -27
    endloop
  endfacet
  facet normal -0 0 -1
    outer loop
      vertex 119.17 206.611 -27
      vertex 112.83 186.617 -27
      vertex 119.089 206.746 -27
    endloop
  endfacet
  facet normal 0 0 -1
    outer loop
      vertex 94 193.75 -27
      vertex 119.089 206.746 -27
      vertex 112.83 186.617 -27
    endloop
  endfacet
  facet normal 0 0 -1
    outer loop
      vertex 94 205.75 -27
      vertex 119.089 206.746 -27
      vertex 94 193.75 -27
    endloop
  endfacet
  facet normal -0 0 -1
    outer loop
      vertex 119.089 206.746 -27
      vertex 94 205.75 -27
      vertex 119.022 206.888 -27
    endloop
  endfacet
  facet normal -0 0 -1
    outer loop
      vertex 119.022 206.888 -27
      vertex 94 205.75 -27
      vertex 118.969 207.036 -27
    endloop
  endfacet
  facet normal -0 0 -1
    outer loop
      vertex 118.969 207.036 -27
      vertex 94 205.75 -27
      vertex 118.931 207.188 -27
    endloop
  endfacet
  facet normal -0 0 -1
    outer loop
      vertex 118.931 207.188 -27
      vertex 94 205.75 -27
      vertex 118.908 207.343 -27
    endloop
  endfacet
  facet normal -0 0 -1
    outer loop
      vertex 118.908 207.343 -27
      vertex 94 205.75 -27
      vertex 118.9 207.5 -27
    endloop
  endfacet
  facet normal -0 0 -1
    outer loop
      vertex 118.9 207.5 -27
      vertex 94 205.75 -27
      vertex 118.908 207.657 -27
    endloop
  endfacet
  facet normal 0 0 -1
    outer loop
      vertex 94 193.75 -27
      vertex 112.83 186.617 -27
      vertex 112.675 186.543 -27
    endloop
  endfacet
  facet normal 0 0 -1
    outer loop
      vertex 94 193.75 -27
      vertex 112.675 186.543 -27
      vertex 112.528 186.455 -27
    endloop
  endfacet
  facet normal 0 0 -1
    outer loop
      vertex 94 193.75 -27
      vertex 112.528 186.455 -27
      vertex 112.39 186.353 -27
    endloop
  endfacet
  facet normal 0 0 -1
    outer loop
      vertex 94 193.75 -27
      vertex 112.39 186.353 -27
      vertex 112.263 186.237 -27
    endloop
  endfacet
  facet normal 0 0 -1
    outer loop
      vertex 94 193.75 -27
      vertex 112.263 186.237 -27
      vertex 112.147 186.11 -27
    endloop
  endfacet
  facet normal 0 0 -1
    outer loop
      vertex 94 193.75 -27
      vertex 112.147 186.11 -27
      vertex 112.045 185.972 -27
    endloop
  endfacet
  facet normal 0 0 -1
    outer loop
      vertex 94 193.75 -27
      vertex 112.045 185.972 -27
      vertex 111.957 185.825 -27
    endloop
  endfacet
  facet normal 0 0 -1
    outer loop
      vertex 94 193.75 -27
      vertex 111.957 185.825 -27
      vertex 111.883 185.67 -27
    endloop
  endfacet
  facet normal 0 0 -1
    outer loop
      vertex 94 193.75 -27
      vertex 111.883 185.67 -27
      vertex 111.825 185.508 -27
    endloop
  endfacet
  facet normal 0 0 -1
    outer loop
      vertex 94 193.75 -27
      vertex 111.758 185.172 -27
      vertex 111.75 185 -27
    endloop
  endfacet
  facet normal 0 0 -1
    outer loop
      vertex 94 193.75 -27
      vertex 111.784 185.341 -27
      vertex 111.758 185.172 -27
    endloop
  endfacet
  facet normal 0 0 -1
    outer loop
      vertex 94 193.75 -27
      vertex 111.825 185.508 -27
      vertex 111.784 185.341 -27
    endloop
  endfacet
  facet normal -0 0 -1
    outer loop
      vertex 118.908 207.657 -27
      vertex 94 205.75 -27
      vertex 118.931 207.812 -27
    endloop
  endfacet
  facet normal -0 0 -1
    outer loop
      vertex 118.931 207.812 -27
      vertex 94 205.75 -27
      vertex 118.969 207.964 -27
    endloop
  endfacet
  facet normal -0 0 -1
    outer loop
      vertex 118.969 207.964 -27
      vertex 94 205.75 -27
      vertex 119.022 208.112 -27
    endloop
  endfacet
  facet normal -0 0 -1
    outer loop
      vertex 119.022 208.112 -27
      vertex 94 205.75 -27
      vertex 119.089 208.254 -27
    endloop
  endfacet
  facet normal -0 0 -1
    outer loop
      vertex 119.089 208.254 -27
      vertex 94 205.75 -27
      vertex 119.17 208.389 -27
    endloop
  endfacet
  facet normal -0 0 -1
    outer loop
      vertex 119.17 208.389 -27
      vertex 94 205.75 -27
      vertex 119.263 208.515 -27
    endloop
  endfacet
  facet normal -0 0 -1
    outer loop
      vertex 119.263 208.515 -27
      vertex 94 205.75 -27
      vertex 119.369 208.631 -27
    endloop
  endfacet
  facet normal -0 0 -1
    outer loop
      vertex 119.611 208.83 -27
      vertex 94 205.75 -27
      vertex 81.1 216.9 -27
    endloop
  endfacet
  facet normal 0 0 -1
    outer loop
      vertex 81.1 216.9 -27
      vertex 94 205.75 -27
      vertex 89 205.75 -27
    endloop
  endfacet
  facet normal 0 0 -1
    outer loop
      vertex 85.1746 185.508 -27
      vertex 94 193.75 -27
      vertex 85.2164 185.341 -27
    endloop
  endfacet
  facet normal -0 0 -1
    outer loop
      vertex 94 193.75 -27
      vertex 85.1746 185.508 -27
      vertex 89 193.75 -27
    endloop
  endfacet
  facet normal 0 0 -1
    outer loop
      vertex 85.1168 185.67 -27
      vertex 89 193.75 -27
      vertex 85.1746 185.508 -27
    endloop
  endfacet
  facet normal 0 0 -1
    outer loop
      vertex 85.0434 185.825 -27
      vertex 89 193.75 -27
      vertex 85.1168 185.67 -27
    endloop
  endfacet
  facet normal 0 0 -1
    outer loop
      vertex 84.9551 185.972 -27
      vertex 89 193.75 -27
      vertex 85.0434 185.825 -27
    endloop
  endfacet
  facet normal 0 0 -1
    outer loop
      vertex 84.8528 186.11 -27
      vertex 89 193.75 -27
      vertex 84.9551 185.972 -27
    endloop
  endfacet
  facet normal 0 0 -1
    outer loop
      vertex 84.7374 186.237 -27
      vertex 89 193.75 -27
      vertex 84.8528 186.11 -27
    endloop
  endfacet
  facet normal 0 0 -1
    outer loop
      vertex 84.6102 186.353 -27
      vertex 89 193.75 -27
      vertex 84.7374 186.237 -27
    endloop
  endfacet
  facet normal 0 0 -1
    outer loop
      vertex 84.4722 186.455 -27
      vertex 89 193.75 -27
      vertex 84.6102 186.353 -27
    endloop
  endfacet
  facet normal 0 0 -1
    outer loop
      vertex 84.3249 186.543 -27
      vertex 89 193.75 -27
      vertex 84.4722 186.455 -27
    endloop
  endfacet
  facet normal 0 0 -1
    outer loop
      vertex 84.1697 186.617 -27
      vertex 89 193.75 -27
      vertex 84.3249 186.543 -27
    endloop
  endfacet
  facet normal 0 0 -1
    outer loop
      vertex 84.008 186.675 -27
      vertex 89 193.75 -27
      vertex 84.1697 186.617 -27
    endloop
  endfacet
  facet normal 0 0 -1
    outer loop
      vertex 83.8414 186.716 -27
      vertex 89 193.75 -27
      vertex 84.008 186.675 -27
    endloop
  endfacet
  facet normal 0 0 -1
    outer loop
      vertex 83.6715 186.742 -27
      vertex 89 193.75 -27
      vertex 83.8414 186.716 -27
    endloop
  endfacet
  facet normal 0 0 -1
    outer loop
      vertex 83.5 186.75 -27
      vertex 89 193.75 -27
      vertex 83.6715 186.742 -27
    endloop
  endfacet
  facet normal 0 0 -1
    outer loop
      vertex 83.3285 186.742 -27
      vertex 89 193.75 -27
      vertex 83.5 186.75 -27
    endloop
  endfacet
  facet normal 0 0 -1
    outer loop
      vertex 83.1586 186.716 -27
      vertex 89 193.75 -27
      vertex 83.3285 186.742 -27
    endloop
  endfacet
  facet normal 0 0 -1
    outer loop
      vertex 82.992 186.675 -27
      vertex 89 193.75 -27
      vertex 83.1586 186.716 -27
    endloop
  endfacet
  facet normal 0 0 -1
    outer loop
      vertex 82.8303 186.617 -27
      vertex 89 193.75 -27
      vertex 82.992 186.675 -27
    endloop
  endfacet
  facet normal 0 0 -1
    outer loop
      vertex 78.5127 186.1 -27
      vertex 82.8303 186.617 -27
      vertex 81.1 186.1 -27
    endloop
  endfacet
  facet normal 0 0 -1
    outer loop
      vertex 81.1 186.1 -27
      vertex 82.8303 186.617 -27
      vertex 82.6751 186.543 -27
    endloop
  endfacet
  facet normal 0 0 -1
    outer loop
      vertex 81.1 186.1 -27
      vertex 82.6751 186.543 -27
      vertex 82.5278 186.455 -27
    endloop
  endfacet
  facet normal 0 0 -1
    outer loop
      vertex 81.1 186.1 -27
      vertex 82.5278 186.455 -27
      vertex 82.3898 186.353 -27
    endloop
  endfacet
  facet normal 0 0 -1
    outer loop
      vertex 81.1 186.1 -27
      vertex 82.3898 186.353 -27
      vertex 82.2626 186.237 -27
    endloop
  endfacet
  facet normal 0 0 -1
    outer loop
      vertex 81.1 186.1 -27
      vertex 82.2626 186.237 -27
      vertex 82.1472 186.11 -27
    endloop
  endfacet
  facet normal 0 0 -1
    outer loop
      vertex 81.1 186.1 -27
      vertex 82.1472 186.11 -27
      vertex 82.0449 185.972 -27
    endloop
  endfacet
  facet normal 0 0 -1
    outer loop
      vertex 81.1 186.1 -27
      vertex 82.0449 185.972 -27
      vertex 81.9566 185.825 -27
    endloop
  endfacet
  facet normal 0 0 -1
    outer loop
      vertex 81.1 186.1 -27
      vertex 81.9566 185.825 -27
      vertex 81.8832 185.67 -27
    endloop
  endfacet
  facet normal 0 0 -1
    outer loop
      vertex 81.1 186.1 -27
      vertex 81.8832 185.67 -27
      vertex 81.8254 185.508 -27
    endloop
  endfacet
  facet normal 0 0 -1
    outer loop
      vertex 81.7584 184.828 -27
      vertex 81.1 186.1 -27
      vertex 81.75 185 -27
    endloop
  endfacet
  facet normal 0 0 -1
    outer loop
      vertex 81.75 185 -27
      vertex 81.1 186.1 -27
      vertex 81.7584 185.172 -27
    endloop
  endfacet
  facet normal 0 0 -1
    outer loop
      vertex 81.7584 185.172 -27
      vertex 81.1 186.1 -27
      vertex 81.7836 185.341 -27
    endloop
  endfacet
  facet normal 0 0 -1
    outer loop
      vertex 81.1 186.1 -27
      vertex 81.8254 185.508 -27
      vertex 81.7836 185.341 -27
    endloop
  endfacet
  facet normal -0 0 -1
    outer loop
      vertex 82.8303 186.617 -27
      vertex 78.5127 186.1 -27
      vertex 89 193.75 -27
    endloop
  endfacet
  facet normal 0 0 -1
    outer loop
      vertex 89 193.75 -27
      vertex 81.1 212.9 -27
      vertex 89 205.75 -27
    endloop
  endfacet
  facet normal 0 0 -1
    outer loop
      vertex 81.1 216.9 -27
      vertex 89 205.75 -27
      vertex 81.1 212.9 -27
    endloop
  endfacet
  facet normal 0 0 -1
    outer loop
      vertex 119.611 208.83 -27
      vertex 81.1 216.9 -27
      vertex 127.9 216.9 -27
    endloop
  endfacet
  facet normal 0 0 0
    outer loop
      vertex 127.9 196.75 -27
      vertex 127.9 199.337 -27
      vertex 127.9 200.163 -27
    endloop
  endfacet
  facet normal 0 0 -0
    outer loop
      vertex 127.9 202.75 -27
      vertex 127.9 216.9 -27
      vertex 127.9 182.1 -27
    endloop
  endfacet
  facet normal 0 0 0
    outer loop
      vertex 127.9 182.1 -27
      vertex 75.1 182.1 -27
      vertex 77.6873 182.1 -27
    endloop
  endfacet
  facet normal 0 0 0
    outer loop
      vertex 127.9 182.1 -27
      vertex 127.9 196.75 -27
      vertex 127.9 200.163 -27
    endloop
  endfacet
  facet normal 0 0 0
    outer loop
      vertex 127.9 182.1 -27
      vertex 127.9 200.163 -27
      vertex 127.9 202.75 -27
    endloop
  endfacet
  facet normal 0 -0 0
    outer loop
      vertex 81.1 182.1 -27
      vertex 127.9 182.1 -27
      vertex 77.6873 182.1 -27
    endloop
  endfacet
  facet normal 0 0 0
    outer loop
      vertex 77.6873 182.1 -27
      vertex 78.5127 182.1 -27
      vertex 81.1 182.1 -27
    endloop
  endfacet
  facet normal 1 -0 0
    outer loop
      vertex 127.9 207 -25
      vertex 127.9 216.9 -27
      vertex 127.9 216.9 -25
    endloop
  endfacet
  facet normal 1 -0 0
    outer loop
      vertex 127.9 192 -25
      vertex 127.9 216.9 -27
      vertex 127.9 207 -25
    endloop
  endfacet
  facet normal 1 0 0
    outer loop
      vertex 127.9 182.1 -27
      vertex 127.9 192 -25
      vertex 127.9 182.1 -25
    endloop
  endfacet
  facet normal 1 0 0
    outer loop
      vertex 127.9 192 -25
      vertex 127.9 182.1 -27
      vertex 127.9 216.9 -27
    endloop
  endfacet
  facet normal 0 1 0
    outer loop
      vertex 127.9 216.9 -25
      vertex 81.1 216.9 -26.25
      vertex 75.1 216.9 -25
    endloop
  endfacet
  facet normal 0 1 -0
    outer loop
      vertex 127.9 216.9 -27
      vertex 81.1 216.9 -26.25
      vertex 127.9 216.9 -25
    endloop
  endfacet
  facet normal 0 1 0
    outer loop
      vertex 81.1 216.9 -26.25
      vertex 127.9 216.9 -27
      vertex 81.1 216.9 -27
    endloop
  endfacet
  facet normal 0 1 0
    outer loop
      vertex 75.1 216.9 -25
      vertex 81.1 216.9 -26.25
      vertex 75.1 216.9 -26.25
    endloop
  endfacet
  facet normal 0 1 0
    outer loop
      vertex 78.2764 216.9 -26.9587
      vertex 77.9236 216.9 -26.9587
      vertex 78.1 216.9 -26.95
    endloop
  endfacet
  facet normal 0 1 0
    outer loop
      vertex 78.5127 216.9 -27
      vertex 78.2764 216.9 -26.9587
      vertex 78.4512 216.9 -26.9846
    endloop
  endfacet
  facet normal 0 1 0
    outer loop
      vertex 78.2764 216.9 -26.9587
      vertex 78.5127 216.9 -27
      vertex 77.9236 216.9 -26.9587
    endloop
  endfacet
  facet normal 0 1 0
    outer loop
      vertex 77.6873 216.9 -27
      vertex 77.9236 216.9 -26.9587
      vertex 78.5127 216.9 -27
    endloop
  endfacet
  facet normal 0 1 0
    outer loop
      vertex 77.9236 216.9 -26.9587
      vertex 77.6873 216.9 -27
      vertex 77.7488 216.9 -26.9846
    endloop
  endfacet
  facet normal 0 -1 0
    outer loop
      vertex 75.1 182.1 -27
      vertex 127.9 182.1 -25
      vertex 75.1 182.1 -25
    endloop
  endfacet
  facet normal 0 -1 -0
    outer loop
      vertex 127.9 182.1 -25
      vertex 75.1 182.1 -27
      vertex 127.9 182.1 -27
    endloop
  endfacet
  facet normal -0.242536 -0.970143 0
    outer loop
      vertex 40.5486 190.215 -26.5
      vertex 41.0246 190.096 -23
      vertex 40.5486 190.215 -23
    endloop
  endfacet
  facet normal -0.242536 -0.970143 -0
    outer loop
      vertex 41.0246 190.096 -23
      vertex 40.5486 190.215 -26.5
      vertex 41.0246 190.096 -26.5
    endloop
  endfacet
  facet normal 0 -1 0
    outer loop
      vertex 42 190 -23
      vertex 73 190 -25
      vertex 73 190 -23
    endloop
  endfacet
  facet normal 0 -1 0
    outer loop
      vertex 42 190 -26.5
      vertex 73 190 -25
      vertex 42 190 -23
    endloop
  endfacet
  facet normal 0 -1 0
    outer loop
      vertex 75.1 190 -26.5
      vertex 73 190 -25
      vertex 42 190 -26.5
    endloop
  endfacet
  facet normal 0 -1 0
    outer loop
      vertex 73 190 -25
      vertex 75.1 190 -26.5
      vertex 75.1 190 -25
    endloop
  endfacet
  facet normal -0.970047 0.242919 0
    outer loop
      vertex 37.0961 205.975 -26.5
      vertex 37.2153 206.451 -23
      vertex 37.2153 206.451 -26.5
    endloop
  endfacet
  facet normal -0.970047 0.242919 0
    outer loop
      vertex 37.2153 206.451 -23
      vertex 37.0961 205.975 -26.5
      vertex 37.0961 205.975 -23
    endloop
  endfacet
  facet normal 0 1 -0
    outer loop
      vertex 73 210 -25
      vertex 42 210 -23
      vertex 73 210 -23
    endloop
  endfacet
  facet normal 0 1 0
    outer loop
      vertex 42 210 -26.5
      vertex 73 210 -25
      vertex 75.1 210 -26.5
    endloop
  endfacet
  facet normal 0 1 0
    outer loop
      vertex 73 210 -25
      vertex 42 210 -26.5
      vertex 42 210 -23
    endloop
  endfacet
  facet normal 0 1 0
    outer loop
      vertex 75.1 210 -25
      vertex 75.1 210 -26.5
      vertex 73 210 -25
    endloop
  endfacet
  facet normal -0.741266 0.671212 0
    outer loop
      vertex 38.1349 208.172 -26.5
      vertex 38.4645 208.536 -23
      vertex 38.4645 208.536 -26.5
    endloop
  endfacet
  facet normal -0.741266 0.671212 0
    outer loop
      vertex 38.4645 208.536 -23
      vertex 38.1349 208.172 -26.5
      vertex 38.1349 208.172 -23
    endloop
  endfacet
  facet normal -0.595228 0.803557 0
    outer loop
      vertex 39.2222 209.157 -26.5
      vertex 38.828 208.865 -23
      vertex 39.2222 209.157 -23
    endloop
  endfacet
  facet normal -0.595228 0.803557 0
    outer loop
      vertex 38.828 208.865 -23
      vertex 39.2222 209.157 -26.5
      vertex 38.828 208.865 -26.5
    endloop
  endfacet
  facet normal -0.048911 -0.998803 0
    outer loop
      vertex 41.5099 190.024 -26.5
      vertex 42 190 -23
      vertex 41.5099 190.024 -23
    endloop
  endfacet
  facet normal -0.048911 -0.998803 -0
    outer loop
      vertex 42 190 -23
      vertex 41.5099 190.024 -26.5
      vertex 42 190 -26.5
    endloop
  endfacet
  facet normal -0.998793 -0.0491243 0
    outer loop
      vertex 37.0241 194.51 -26.5
      vertex 37 195 -23
      vertex 37 195 -26.5
    endloop
  endfacet
  facet normal -0.998793 -0.0491243 0
    outer loop
      vertex 37 195 -23
      vertex 37.0241 194.51 -26.5
      vertex 37.0241 194.51 -23
    endloop
  endfacet
  facet normal -0.98916 -0.146844 0
    outer loop
      vertex 37.0961 194.025 -26.5
      vertex 37.0241 194.51 -23
      vertex 37.0241 194.51 -26.5
    endloop
  endfacet
  facet normal -0.98916 -0.146844 0
    outer loop
      vertex 37.0241 194.51 -23
      vertex 37.0961 194.025 -26.5
      vertex 37.0961 194.025 -23
    endloop
  endfacet
  facet normal -0.671047 0.741415 0
    outer loop
      vertex 38.828 208.865 -26.5
      vertex 38.4645 208.536 -23
      vertex 38.828 208.865 -23
    endloop
  endfacet
  facet normal -0.671047 0.741415 0
    outer loop
      vertex 38.4645 208.536 -23
      vertex 38.828 208.865 -26.5
      vertex 38.4645 208.536 -26.5
    endloop
  endfacet
  facet normal -0.426209 -0.904625 0
    outer loop
      vertex 39.643 190.59 -26.5
      vertex 40.0866 190.381 -23
      vertex 39.643 190.59 -23
    endloop
  endfacet
  facet normal -0.426209 -0.904625 -0
    outer loop
      vertex 40.0866 190.381 -23
      vertex 39.643 190.59 -26.5
      vertex 40.0866 190.381 -26.5
    endloop
  endfacet
  facet normal -0.803218 -0.595686 0
    outer loop
      vertex 38.1349 191.828 -26.5
      vertex 37.8427 192.222 -23
      vertex 37.8427 192.222 -26.5
    endloop
  endfacet
  facet normal -0.803218 -0.595686 0
    outer loop
      vertex 37.8427 192.222 -23
      vertex 38.1349 191.828 -26.5
      vertex 38.1349 191.828 -23
    endloop
  endfacet
  facet normal -0.857762 -0.514046 0
    outer loop
      vertex 37.8427 192.222 -26.5
      vertex 37.5904 192.643 -23
      vertex 37.5904 192.643 -26.5
    endloop
  endfacet
  facet normal -0.857762 -0.514046 0
    outer loop
      vertex 37.5904 192.643 -23
      vertex 37.8427 192.222 -26.5
      vertex 37.8427 192.222 -23
    endloop
  endfacet
  facet normal -0.98916 0.146844 0
    outer loop
      vertex 37.0241 205.49 -26.5
      vertex 37.0961 205.975 -23
      vertex 37.0961 205.975 -26.5
    endloop
  endfacet
  facet normal -0.98916 0.146844 0
    outer loop
      vertex 37.0961 205.975 -23
      vertex 37.0241 205.49 -26.5
      vertex 37.0241 205.49 -23
    endloop
  endfacet
  facet normal -0.970047 -0.242919 0
    outer loop
      vertex 37.2153 193.549 -26.5
      vertex 37.0961 194.025 -23
      vertex 37.0961 194.025 -26.5
    endloop
  endfacet
  facet normal -0.970047 -0.242919 0
    outer loop
      vertex 37.0961 194.025 -23
      vertex 37.2153 193.549 -26.5
      vertex 37.2153 193.549 -23
    endloop
  endfacet
  facet normal -0.595228 -0.803557 0
    outer loop
      vertex 38.828 191.135 -26.5
      vertex 39.2222 190.843 -23
      vertex 38.828 191.135 -23
    endloop
  endfacet
  facet normal -0.595228 -0.803557 -0
    outer loop
      vertex 39.2222 190.843 -23
      vertex 38.828 191.135 -26.5
      vertex 39.2222 190.843 -26.5
    endloop
  endfacet
  facet normal -0.741266 -0.671212 0
    outer loop
      vertex 38.4645 191.464 -26.5
      vertex 38.1349 191.828 -23
      vertex 38.1349 191.828 -26.5
    endloop
  endfacet
  facet normal -0.741266 -0.671212 0
    outer loop
      vertex 38.1349 191.828 -23
      vertex 38.4645 191.464 -26.5
      vertex 38.4645 191.464 -23
    endloop
  endfacet
  facet normal -1 0 0
    outer loop
      vertex 37 195 -26.5
      vertex 37 205 -23
      vertex 37 205 -26.5
    endloop
  endfacet
  facet normal -1 -0 0
    outer loop
      vertex 37 205 -23
      vertex 37 195 -26.5
      vertex 37 195 -23
    endloop
  endfacet
  facet normal -0.998793 0.0491243 0
    outer loop
      vertex 37 205 -26.5
      vertex 37.0241 205.49 -23
      vertex 37.0241 205.49 -26.5
    endloop
  endfacet
  facet normal -0.998793 0.0491243 0
    outer loop
      vertex 37.0241 205.49 -23
      vertex 37 205 -26.5
      vertex 37 205 -23
    endloop
  endfacet
  facet normal -0.146755 -0.989173 0
    outer loop
      vertex 41.0246 190.096 -26.5
      vertex 41.5099 190.024 -23
      vertex 41.0246 190.096 -23
    endloop
  endfacet
  facet normal -0.146755 -0.989173 -0
    outer loop
      vertex 41.5099 190.024 -23
      vertex 41.0246 190.096 -26.5
      vertex 41.5099 190.024 -26.5
    endloop
  endfacet
  facet normal -0.515274 -0.857025 0
    outer loop
      vertex 39.2222 190.843 -26.5
      vertex 39.643 190.59 -23
      vertex 39.2222 190.843 -23
    endloop
  endfacet
  facet normal -0.515274 -0.857025 -0
    outer loop
      vertex 39.643 190.59 -23
      vertex 39.2222 190.843 -26.5
      vertex 39.643 190.59 -26.5
    endloop
  endfacet
  facet normal -0.671047 -0.741415 0
    outer loop
      vertex 38.4645 191.464 -26.5
      vertex 38.828 191.135 -23
      vertex 38.4645 191.464 -23
    endloop
  endfacet
  facet normal -0.671047 -0.741415 -0
    outer loop
      vertex 38.828 191.135 -23
      vertex 38.4645 191.464 -26.5
      vertex 38.828 191.135 -26.5
    endloop
  endfacet
  facet normal -0.338142 -0.941095 0
    outer loop
      vertex 40.0866 190.381 -26.5
      vertex 40.5486 190.215 -23
      vertex 40.0866 190.381 -23
    endloop
  endfacet
  facet normal -0.338142 -0.941095 -0
    outer loop
      vertex 40.5486 190.215 -23
      vertex 40.0866 190.381 -26.5
      vertex 40.5486 190.215 -26.5
    endloop
  endfacet
  facet normal 0 0 -1
    outer loop
      vertex 75.1 190 -26.5
      vertex 53.5 195 -26.5
      vertex 75.1 210 -26.5
    endloop
  endfacet
  facet normal 0 0 -1
    outer loop
      vertex 75.1 190 -26.5
      vertex 53.4904 194.804 -26.5
      vertex 53.5 195 -26.5
    endloop
  endfacet
  facet normal 0 0 -1
    outer loop
      vertex 75.1 190 -26.5
      vertex 53.4616 194.61 -26.5
      vertex 53.4904 194.804 -26.5
    endloop
  endfacet
  facet normal 0 0 -1
    outer loop
      vertex 75.1 190 -26.5
      vertex 53.4139 194.419 -26.5
      vertex 53.4616 194.61 -26.5
    endloop
  endfacet
  facet normal 0 0 -1
    outer loop
      vertex 75.1 190 -26.5
      vertex 53.3477 194.235 -26.5
      vertex 53.4139 194.419 -26.5
    endloop
  endfacet
  facet normal 0 0 -1
    outer loop
      vertex 75.1 190 -26.5
      vertex 53.2638 194.057 -26.5
      vertex 53.3477 194.235 -26.5
    endloop
  endfacet
  facet normal 0 0 -1
    outer loop
      vertex 75.1 190 -26.5
      vertex 53.1629 193.889 -26.5
      vertex 53.2638 194.057 -26.5
    endloop
  endfacet
  facet normal 0 0 -1
    outer loop
      vertex 75.1 190 -26.5
      vertex 53.046 193.731 -26.5
      vertex 53.1629 193.889 -26.5
    endloop
  endfacet
  facet normal 0 0 -1
    outer loop
      vertex 75.1 190 -26.5
      vertex 52.9142 193.586 -26.5
      vertex 53.046 193.731 -26.5
    endloop
  endfacet
  facet normal 0 0 -1
    outer loop
      vertex 75.1 190 -26.5
      vertex 52.7688 193.454 -26.5
      vertex 52.9142 193.586 -26.5
    endloop
  endfacet
  facet normal 0 0 -1
    outer loop
      vertex 75.1 190 -26.5
      vertex 52.6111 193.337 -26.5
      vertex 52.7688 193.454 -26.5
    endloop
  endfacet
  facet normal 0 0 -1
    outer loop
      vertex 75.1 190 -26.5
      vertex 52.4428 193.236 -26.5
      vertex 52.6111 193.337 -26.5
    endloop
  endfacet
  facet normal 0 0 -1
    outer loop
      vertex 75.1 190 -26.5
      vertex 52.2654 193.152 -26.5
      vertex 52.4428 193.236 -26.5
    endloop
  endfacet
  facet normal 0 0 -1
    outer loop
      vertex 75.1 190 -26.5
      vertex 52.0806 193.086 -26.5
      vertex 52.2654 193.152 -26.5
    endloop
  endfacet
  facet normal 0 0 -1
    outer loop
      vertex 75.1 190 -26.5
      vertex 51.8902 193.038 -26.5
      vertex 52.0806 193.086 -26.5
    endloop
  endfacet
  facet normal 0 0 -1
    outer loop
      vertex 42 190 -26.5
      vertex 51.8902 193.038 -26.5
      vertex 75.1 190 -26.5
    endloop
  endfacet
  facet normal 0 0 -1
    outer loop
      vertex 51.8902 193.038 -26.5
      vertex 42 190 -26.5
      vertex 51.696 193.01 -26.5
    endloop
  endfacet
  facet normal 0 0 -1
    outer loop
      vertex 51.696 193.01 -26.5
      vertex 42 190 -26.5
      vertex 51.5 193 -26.5
    endloop
  endfacet
  facet normal -0 0 -1
    outer loop
      vertex 51.5 193 -26.5
      vertex 42 190 -26.5
      vertex 48.5 193 -26.5
    endloop
  endfacet
  facet normal 0 0 -1
    outer loop
      vertex 46.5 195 -26.5
      vertex 42.75 200 -26.5
      vertex 46.5 205 -26.5
    endloop
  endfacet
  facet normal 0 0 -1
    outer loop
      vertex 41.7439 198.774 -26.5
      vertex 46.5 195 -26.5
      vertex 46.5096 194.804 -26.5
    endloop
  endfacet
  facet normal 0 0 -1
    outer loop
      vertex 42 190 -26.5
      vertex 46.5096 194.804 -26.5
      vertex 46.5384 194.61 -26.5
    endloop
  endfacet
  facet normal 0 0 -1
    outer loop
      vertex 42 190 -26.5
      vertex 46.5384 194.61 -26.5
      vertex 46.5861 194.419 -26.5
    endloop
  endfacet
  facet normal 0 0 -1
    outer loop
      vertex 42 190 -26.5
      vertex 46.5861 194.419 -26.5
      vertex 46.6523 194.235 -26.5
    endloop
  endfacet
  facet normal 0 0 -1
    outer loop
      vertex 42 190 -26.5
      vertex 46.6523 194.235 -26.5
      vertex 46.7362 194.057 -26.5
    endloop
  endfacet
  facet normal 0 0 -1
    outer loop
      vertex 42 190 -26.5
      vertex 46.7362 194.057 -26.5
      vertex 46.8371 193.889 -26.5
    endloop
  endfacet
  facet normal 0 0 -1
    outer loop
      vertex 46.5 195 -26.5
      vertex 42.744 199.877 -26.5
      vertex 42.75 200 -26.5
    endloop
  endfacet
  facet normal 0 0 -1
    outer loop
      vertex 46.5 195 -26.5
      vertex 42.726 199.756 -26.5
      vertex 42.744 199.877 -26.5
    endloop
  endfacet
  facet normal 0 0 -1
    outer loop
      vertex 46.5 195 -26.5
      vertex 42.6962 199.637 -26.5
      vertex 42.726 199.756 -26.5
    endloop
  endfacet
  facet normal 0 0 -1
    outer loop
      vertex 46.5 195 -26.5
      vertex 42.6549 199.522 -26.5
      vertex 42.6962 199.637 -26.5
    endloop
  endfacet
  facet normal 0 0 -1
    outer loop
      vertex 42 190 -26.5
      vertex 46.8371 193.889 -26.5
      vertex 46.954 193.731 -26.5
    endloop
  endfacet
  facet normal 0 0 -1
    outer loop
      vertex 46.5 195 -26.5
      vertex 42.6024 199.411 -26.5
      vertex 42.6549 199.522 -26.5
    endloop
  endfacet
  facet normal 0 0 -1
    outer loop
      vertex 46.5 195 -26.5
      vertex 42.5393 199.306 -26.5
      vertex 42.6024 199.411 -26.5
    endloop
  endfacet
  facet normal 0 0 -1
    outer loop
      vertex 46.5 195 -26.5
      vertex 42.4663 199.207 -26.5
      vertex 42.5393 199.306 -26.5
    endloop
  endfacet
  facet normal 0 0 -1
    outer loop
      vertex 46.5 195 -26.5
      vertex 42.3839 199.116 -26.5
      vertex 42.4663 199.207 -26.5
    endloop
  endfacet
  facet normal 0 0 -1
    outer loop
      vertex 46.5 195 -26.5
      vertex 42.293 199.034 -26.5
      vertex 42.3839 199.116 -26.5
    endloop
  endfacet
  facet normal 0 0 -1
    outer loop
      vertex 46.5 195 -26.5
      vertex 42.1945 198.961 -26.5
      vertex 42.293 199.034 -26.5
    endloop
  endfacet
  facet normal 0 0 -1
    outer loop
      vertex 42 190 -26.5
      vertex 46.954 193.731 -26.5
      vertex 47.0858 193.586 -26.5
    endloop
  endfacet
  facet normal 0 0 -1
    outer loop
      vertex 46.5 195 -26.5
      vertex 42.0892 198.898 -26.5
      vertex 42.1945 198.961 -26.5
    endloop
  endfacet
  facet normal -0 0 -1
    outer loop
      vertex 48.5 193 -26.5
      vertex 42 190 -26.5
      vertex 48.304 193.01 -26.5
    endloop
  endfacet
  facet normal 0 0 -1
    outer loop
      vertex 42 190 -26.5
      vertex 48.1098 193.038 -26.5
      vertex 48.304 193.01 -26.5
    endloop
  endfacet
  facet normal 0 0 -1
    outer loop
      vertex 42 190 -26.5
      vertex 47.9194 193.086 -26.5
      vertex 48.1098 193.038 -26.5
    endloop
  endfacet
  facet normal 0 0 -1
    outer loop
      vertex 42 190 -26.5
      vertex 47.7346 193.152 -26.5
      vertex 47.9194 193.086 -26.5
    endloop
  endfacet
  facet normal 0 0 -1
    outer loop
      vertex 42 190 -26.5
      vertex 47.5572 193.236 -26.5
      vertex 47.7346 193.152 -26.5
    endloop
  endfacet
  facet normal 0 0 -1
    outer loop
      vertex 42 190 -26.5
      vertex 47.3889 193.337 -26.5
      vertex 47.5572 193.236 -26.5
    endloop
  endfacet
  facet normal 0 0 -1
    outer loop
      vertex 42 190 -26.5
      vertex 47.2312 193.454 -26.5
      vertex 47.3889 193.337 -26.5
    endloop
  endfacet
  facet normal 0 0 -1
    outer loop
      vertex 42 190 -26.5
      vertex 47.0858 193.586 -26.5
      vertex 47.2312 193.454 -26.5
    endloop
  endfacet
  facet normal -0 0 -1
    outer loop
      vertex 46.5096 194.804 -26.5
      vertex 42 190 -26.5
      vertex 41.6225 198.756 -26.5
    endloop
  endfacet
  facet normal 0 0 -1
    outer loop
      vertex 46.5 195 -26.5
      vertex 41.9784 198.845 -26.5
      vertex 42.0892 198.898 -26.5
    endloop
  endfacet
  facet normal 0 0 -1
    outer loop
      vertex 46.5 195 -26.5
      vertex 41.8629 198.804 -26.5
      vertex 41.9784 198.845 -26.5
    endloop
  endfacet
  facet normal 0 0 -1
    outer loop
      vertex 46.5 195 -26.5
      vertex 41.7439 198.774 -26.5
      vertex 41.8629 198.804 -26.5
    endloop
  endfacet
  facet normal 0 0 -1
    outer loop
      vertex 46.5096 194.804 -26.5
      vertex 41.6225 198.756 -26.5
      vertex 41.7439 198.774 -26.5
    endloop
  endfacet
  facet normal 0 0 -1
    outer loop
      vertex 41.5099 190.024 -26.5
      vertex 41.6225 198.756 -26.5
      vertex 42 190 -26.5
    endloop
  endfacet
  facet normal 0 0 -1
    outer loop
      vertex 41.0246 190.096 -26.5
      vertex 41.6225 198.756 -26.5
      vertex 41.5099 190.024 -26.5
    endloop
  endfacet
  facet normal 0 0 -1
    outer loop
      vertex 40.5486 190.215 -26.5
      vertex 41.6225 198.756 -26.5
      vertex 41.0246 190.096 -26.5
    endloop
  endfacet
  facet normal 0 0 -1
    outer loop
      vertex 41.6225 198.756 -26.5
      vertex 40.5486 190.215 -26.5
      vertex 41.5 198.75 -26.5
    endloop
  endfacet
  facet normal 0 0 -1
    outer loop
      vertex 40.0866 190.381 -26.5
      vertex 41.5 198.75 -26.5
      vertex 40.5486 190.215 -26.5
    endloop
  endfacet
  facet normal 0 0 -1
    outer loop
      vertex 39.643 190.59 -26.5
      vertex 41.5 198.75 -26.5
      vertex 40.0866 190.381 -26.5
    endloop
  endfacet
  facet normal 0 0 -1
    outer loop
      vertex 39.2222 190.843 -26.5
      vertex 41.5 198.75 -26.5
      vertex 39.643 190.59 -26.5
    endloop
  endfacet
  facet normal 0 0 -1
    outer loop
      vertex 38.828 191.135 -26.5
      vertex 41.5 198.75 -26.5
      vertex 39.2222 190.843 -26.5
    endloop
  endfacet
  facet normal 0 0 -1
    outer loop
      vertex 38.4645 191.464 -26.5
      vertex 41.5 198.75 -26.5
      vertex 38.828 191.135 -26.5
    endloop
  endfacet
  facet normal 0 0 -1
    outer loop
      vertex 38.1349 191.828 -26.5
      vertex 41.5 198.75 -26.5
      vertex 38.4645 191.464 -26.5
    endloop
  endfacet
  facet normal 0 0 -1
    outer loop
      vertex 37.8427 192.222 -26.5
      vertex 41.5 198.75 -26.5
      vertex 38.1349 191.828 -26.5
    endloop
  endfacet
  facet normal 0 0 -1
    outer loop
      vertex 37.5904 192.643 -26.5
      vertex 41.5 198.75 -26.5
      vertex 37.8427 192.222 -26.5
    endloop
  endfacet
  facet normal -0 0 -1
    outer loop
      vertex 41.5 198.75 -26.5
      vertex 37.5904 192.643 -26.5
      vertex 41.3775 198.756 -26.5
    endloop
  endfacet
  facet normal 0 0 -1
    outer loop
      vertex 37.3806 193.087 -26.5
      vertex 41.3775 198.756 -26.5
      vertex 37.5904 192.643 -26.5
    endloop
  endfacet
  facet normal 0 0 -1
    outer loop
      vertex 37.2153 193.549 -26.5
      vertex 41.3775 198.756 -26.5
      vertex 37.3806 193.087 -26.5
    endloop
  endfacet
  facet normal 0 0 -1
    outer loop
      vertex 37.0961 194.025 -26.5
      vertex 41.3775 198.756 -26.5
      vertex 37.2153 193.549 -26.5
    endloop
  endfacet
  facet normal 0 0 -1
    outer loop
      vertex 37.0241 194.51 -26.5
      vertex 41.3775 198.756 -26.5
      vertex 37.0961 194.025 -26.5
    endloop
  endfacet
  facet normal -0 0 -1
    outer loop
      vertex 40.3451 199.522 -26.5
      vertex 37 195 -26.5
      vertex 40.3038 199.637 -26.5
    endloop
  endfacet
  facet normal -0 0 -1
    outer loop
      vertex 40.3038 199.637 -26.5
      vertex 37 195 -26.5
      vertex 40.274 199.756 -26.5
    endloop
  endfacet
  facet normal -0 0 -1
    outer loop
      vertex 40.274 199.756 -26.5
      vertex 37 195 -26.5
      vertex 40.256 199.877 -26.5
    endloop
  endfacet
  facet normal 0 0 -1
    outer loop
      vertex 37 195 -26.5
      vertex 41.3775 198.756 -26.5
      vertex 37.0241 194.51 -26.5
    endloop
  endfacet
  facet normal 0 0 -1
    outer loop
      vertex 53.5 205 -26.5
      vertex 75.1 210 -26.5
      vertex 53.5 195 -26.5
    endloop
  endfacet
  facet normal 0 0 -1
    outer loop
      vertex 53.4904 205.196 -26.5
      vertex 75.1 210 -26.5
      vertex 53.5 205 -26.5
    endloop
  endfacet
  facet normal 0 0 -1
    outer loop
      vertex 53.4616 205.39 -26.5
      vertex 75.1 210 -26.5
      vertex 53.4904 205.196 -26.5
    endloop
  endfacet
  facet normal 0 0 -1
    outer loop
      vertex 53.4139 205.581 -26.5
      vertex 75.1 210 -26.5
      vertex 53.4616 205.39 -26.5
    endloop
  endfacet
  facet normal 0 0 -1
    outer loop
      vertex 53.3477 205.765 -26.5
      vertex 75.1 210 -26.5
      vertex 53.4139 205.581 -26.5
    endloop
  endfacet
  facet normal 0 0 -1
    outer loop
      vertex 53.2638 205.943 -26.5
      vertex 75.1 210 -26.5
      vertex 53.3477 205.765 -26.5
    endloop
  endfacet
  facet normal 0 0 -1
    outer loop
      vertex 53.1629 206.111 -26.5
      vertex 75.1 210 -26.5
      vertex 53.2638 205.943 -26.5
    endloop
  endfacet
  facet normal 0 0 -1
    outer loop
      vertex 53.046 206.269 -26.5
      vertex 75.1 210 -26.5
      vertex 53.1629 206.111 -26.5
    endloop
  endfacet
  facet normal 0 0 -1
    outer loop
      vertex 52.9142 206.414 -26.5
      vertex 75.1 210 -26.5
      vertex 53.046 206.269 -26.5
    endloop
  endfacet
  facet normal 0 0 -1
    outer loop
      vertex 52.7688 206.546 -26.5
      vertex 75.1 210 -26.5
      vertex 52.9142 206.414 -26.5
    endloop
  endfacet
  facet normal 0 0 -1
    outer loop
      vertex 52.6111 206.663 -26.5
      vertex 75.1 210 -26.5
      vertex 52.7688 206.546 -26.5
    endloop
  endfacet
  facet normal 0 0 -1
    outer loop
      vertex 52.4428 206.764 -26.5
      vertex 75.1 210 -26.5
      vertex 52.6111 206.663 -26.5
    endloop
  endfacet
  facet normal 0 0 -1
    outer loop
      vertex 52.2654 206.848 -26.5
      vertex 75.1 210 -26.5
      vertex 52.4428 206.764 -26.5
    endloop
  endfacet
  facet normal 0 0 -1
    outer loop
      vertex 52.0806 206.914 -26.5
      vertex 75.1 210 -26.5
      vertex 52.2654 206.848 -26.5
    endloop
  endfacet
  facet normal 0 0 -1
    outer loop
      vertex 51.8902 206.962 -26.5
      vertex 75.1 210 -26.5
      vertex 52.0806 206.914 -26.5
    endloop
  endfacet
  facet normal 0 0 -1
    outer loop
      vertex 42 210 -26.5
      vertex 51.8902 206.962 -26.5
      vertex 51.696 206.99 -26.5
    endloop
  endfacet
  facet normal 0 0 -1
    outer loop
      vertex 42 210 -26.5
      vertex 51.696 206.99 -26.5
      vertex 51.5 207 -26.5
    endloop
  endfacet
  facet normal 0 0 -1
    outer loop
      vertex 42 210 -26.5
      vertex 51.5 207 -26.5
      vertex 48.5 207 -26.5
    endloop
  endfacet
  facet normal 0 0 -1
    outer loop
      vertex 42 210 -26.5
      vertex 48.5 207 -26.5
      vertex 48.304 206.99 -26.5
    endloop
  endfacet
  facet normal 0 0 -1
    outer loop
      vertex 42.744 200.123 -26.5
      vertex 46.5 205 -26.5
      vertex 42.75 200 -26.5
    endloop
  endfacet
  facet normal 0 0 -1
    outer loop
      vertex 42.726 200.244 -26.5
      vertex 46.5 205 -26.5
      vertex 42.744 200.123 -26.5
    endloop
  endfacet
  facet normal 0 0 -1
    outer loop
      vertex 42.6962 200.363 -26.5
      vertex 46.5 205 -26.5
      vertex 42.726 200.244 -26.5
    endloop
  endfacet
  facet normal 0 0 -1
    outer loop
      vertex 42.6549 200.478 -26.5
      vertex 46.5 205 -26.5
      vertex 42.6962 200.363 -26.5
    endloop
  endfacet
  facet normal 0 0 -1
    outer loop
      vertex 42.6024 200.589 -26.5
      vertex 46.5 205 -26.5
      vertex 42.6549 200.478 -26.5
    endloop
  endfacet
  facet normal 0 0 -1
    outer loop
      vertex 42.5393 200.694 -26.5
      vertex 46.5 205 -26.5
      vertex 42.6024 200.589 -26.5
    endloop
  endfacet
  facet normal 0 0 -1
    outer loop
      vertex 42.4663 200.793 -26.5
      vertex 46.5 205 -26.5
      vertex 42.5393 200.694 -26.5
    endloop
  endfacet
  facet normal 0 0 -1
    outer loop
      vertex 42.3839 200.884 -26.5
      vertex 46.5 205 -26.5
      vertex 42.4663 200.793 -26.5
    endloop
  endfacet
  facet normal 0 0 -1
    outer loop
      vertex 42.293 200.966 -26.5
      vertex 46.5 205 -26.5
      vertex 42.3839 200.884 -26.5
    endloop
  endfacet
  facet normal 0 0 -1
    outer loop
      vertex 42.1945 201.039 -26.5
      vertex 46.5 205 -26.5
      vertex 42.293 200.966 -26.5
    endloop
  endfacet
  facet normal 0 0 -1
    outer loop
      vertex 42.0892 201.102 -26.5
      vertex 46.5 205 -26.5
      vertex 42.1945 201.039 -26.5
    endloop
  endfacet
  facet normal 0 0 -1
    outer loop
      vertex 41.9784 201.155 -26.5
      vertex 46.5 205 -26.5
      vertex 42.0892 201.102 -26.5
    endloop
  endfacet
  facet normal 0 0 -1
    outer loop
      vertex 41.8629 201.196 -26.5
      vertex 46.5 205 -26.5
      vertex 41.9784 201.155 -26.5
    endloop
  endfacet
  facet normal 0 0 -1
    outer loop
      vertex 41.7439 201.226 -26.5
      vertex 46.5 205 -26.5
      vertex 41.8629 201.196 -26.5
    endloop
  endfacet
  facet normal -0 0 -1
    outer loop
      vertex 46.5 205 -26.5
      vertex 41.7439 201.226 -26.5
      vertex 46.5096 205.196 -26.5
    endloop
  endfacet
  facet normal 0 0 -1
    outer loop
      vertex 41.6225 201.244 -26.5
      vertex 46.5096 205.196 -26.5
      vertex 41.7439 201.226 -26.5
    endloop
  endfacet
  facet normal 0 -0 -1
    outer loop
      vertex 42 210 -26.5
      vertex 46.5096 205.196 -26.5
      vertex 41.6225 201.244 -26.5
    endloop
  endfacet
  facet normal 0 0 -1
    outer loop
      vertex 46.5096 205.196 -26.5
      vertex 42 210 -26.5
      vertex 46.5384 205.39 -26.5
    endloop
  endfacet
  facet normal 0 0 -1
    outer loop
      vertex 46.5384 205.39 -26.5
      vertex 42 210 -26.5
      vertex 46.5861 205.581 -26.5
    endloop
  endfacet
  facet normal 0 0 -1
    outer loop
      vertex 51.8902 206.962 -26.5
      vertex 42 210 -26.5
      vertex 75.1 210 -26.5
    endloop
  endfacet
  facet normal 0 0 -1
    outer loop
      vertex 48.1098 206.962 -26.5
      vertex 42 210 -26.5
      vertex 48.304 206.99 -26.5
    endloop
  endfacet
  facet normal 0 0 -1
    outer loop
      vertex 47.9194 206.914 -26.5
      vertex 42 210 -26.5
      vertex 48.1098 206.962 -26.5
    endloop
  endfacet
  facet normal 0 0 -1
    outer loop
      vertex 47.7346 206.848 -26.5
      vertex 42 210 -26.5
      vertex 47.9194 206.914 -26.5
    endloop
  endfacet
  facet normal 0 0 -1
    outer loop
      vertex 47.5572 206.764 -26.5
      vertex 42 210 -26.5
      vertex 47.7346 206.848 -26.5
    endloop
  endfacet
  facet normal 0 0 -1
    outer loop
      vertex 47.3889 206.663 -26.5
      vertex 42 210 -26.5
      vertex 47.5572 206.764 -26.5
    endloop
  endfacet
  facet normal 0 0 -1
    outer loop
      vertex 47.2312 206.546 -26.5
      vertex 42 210 -26.5
      vertex 47.3889 206.663 -26.5
    endloop
  endfacet
  facet normal 0 0 -1
    outer loop
      vertex 47.0858 206.414 -26.5
      vertex 42 210 -26.5
      vertex 47.2312 206.546 -26.5
    endloop
  endfacet
  facet normal 0 0 -1
    outer loop
      vertex 46.6523 205.765 -26.5
      vertex 42 210 -26.5
      vertex 46.7362 205.943 -26.5
    endloop
  endfacet
  facet normal 0 0 -1
    outer loop
      vertex 46.7362 205.943 -26.5
      vertex 42 210 -26.5
      vertex 46.8371 206.111 -26.5
    endloop
  endfacet
  facet normal 0 0 -1
    outer loop
      vertex 46.8371 206.111 -26.5
      vertex 42 210 -26.5
      vertex 46.954 206.269 -26.5
    endloop
  endfacet
  facet normal 0 0 -1
    outer loop
      vertex 46.954 206.269 -26.5
      vertex 42 210 -26.5
      vertex 47.0858 206.414 -26.5
    endloop
  endfacet
  facet normal 0 0 -1
    outer loop
      vertex 46.5861 205.581 -26.5
      vertex 42 210 -26.5
      vertex 46.6523 205.765 -26.5
    endloop
  endfacet
  facet normal 0 0 -1
    outer loop
      vertex 41.6225 201.244 -26.5
      vertex 41.5099 209.976 -26.5
      vertex 42 210 -26.5
    endloop
  endfacet
  facet normal 0 0 -1
    outer loop
      vertex 40.5486 209.785 -26.5
      vertex 41.6225 201.244 -26.5
      vertex 41.5 201.25 -26.5
    endloop
  endfacet
  facet normal 0 0 -1
    outer loop
      vertex 37.5904 207.357 -26.5
      vertex 41.5 201.25 -26.5
      vertex 41.3775 201.244 -26.5
    endloop
  endfacet
  facet normal 0 0 -1
    outer loop
      vertex 37 205 -26.5
      vertex 41.3775 201.244 -26.5
      vertex 41.2561 201.226 -26.5
    endloop
  endfacet
  facet normal 0 0 -1
    outer loop
      vertex 37 205 -26.5
      vertex 41.2561 201.226 -26.5
      vertex 41.1371 201.196 -26.5
    endloop
  endfacet
  facet normal 0 0 -1
    outer loop
      vertex 41.6225 201.244 -26.5
      vertex 41.0246 209.904 -26.5
      vertex 41.5099 209.976 -26.5
    endloop
  endfacet
  facet normal 0 0 -1
    outer loop
      vertex 37 205 -26.5
      vertex 41.1371 201.196 -26.5
      vertex 41.0216 201.155 -26.5
    endloop
  endfacet
  facet normal 0 0 -1
    outer loop
      vertex 37 205 -26.5
      vertex 41.0216 201.155 -26.5
      vertex 40.9108 201.102 -26.5
    endloop
  endfacet
  facet normal 0 0 -1
    outer loop
      vertex 37 205 -26.5
      vertex 40.9108 201.102 -26.5
      vertex 40.8055 201.039 -26.5
    endloop
  endfacet
  facet normal 0 0 -1
    outer loop
      vertex 37 205 -26.5
      vertex 40.8055 201.039 -26.5
      vertex 40.707 200.966 -26.5
    endloop
  endfacet
  facet normal 0 0 -1
    outer loop
      vertex 37 205 -26.5
      vertex 40.707 200.966 -26.5
      vertex 40.6161 200.884 -26.5
    endloop
  endfacet
  facet normal 0 0 -1
    outer loop
      vertex 41.6225 201.244 -26.5
      vertex 40.5486 209.785 -26.5
      vertex 41.0246 209.904 -26.5
    endloop
  endfacet
  facet normal 0 0 -1
    outer loop
      vertex 37 205 -26.5
      vertex 40.6161 200.884 -26.5
      vertex 40.5337 200.793 -26.5
    endloop
  endfacet
  facet normal 0 0 -1
    outer loop
      vertex 37 205 -26.5
      vertex 40.5337 200.793 -26.5
      vertex 40.4607 200.694 -26.5
    endloop
  endfacet
  facet normal 0 0 -1
    outer loop
      vertex 37 205 -26.5
      vertex 40.4607 200.694 -26.5
      vertex 40.3976 200.589 -26.5
    endloop
  endfacet
  facet normal 0 0 -1
    outer loop
      vertex 37 205 -26.5
      vertex 40.3976 200.589 -26.5
      vertex 40.3451 200.478 -26.5
    endloop
  endfacet
  facet normal 0 0 -1
    outer loop
      vertex 37 205 -26.5
      vertex 40.3451 200.478 -26.5
      vertex 40.3038 200.363 -26.5
    endloop
  endfacet
  facet normal 0 0 -1
    outer loop
      vertex 37 205 -26.5
      vertex 40.3038 200.363 -26.5
      vertex 40.274 200.244 -26.5
    endloop
  endfacet
  facet normal 0 0 -1
    outer loop
      vertex 37 205 -26.5
      vertex 40.274 200.244 -26.5
      vertex 40.256 200.123 -26.5
    endloop
  endfacet
  facet normal 0 0 -1
    outer loop
      vertex 37 205 -26.5
      vertex 40.256 200.123 -26.5
      vertex 40.25 200 -26.5
    endloop
  endfacet
  facet normal 0 0 -1
    outer loop
      vertex 41.3775 201.244 -26.5
      vertex 37 205 -26.5
      vertex 37.0241 205.49 -26.5
    endloop
  endfacet
  facet normal -0 0 -1
    outer loop
      vertex 40.256 199.877 -26.5
      vertex 37 195 -26.5
      vertex 40.25 200 -26.5
    endloop
  endfacet
  facet normal -0 0 -1
    outer loop
      vertex 41.3775 198.756 -26.5
      vertex 37 195 -26.5
      vertex 41.2561 198.774 -26.5
    endloop
  endfacet
  facet normal 0 0 -1
    outer loop
      vertex 37 205 -26.5
      vertex 40.25 200 -26.5
      vertex 37 195 -26.5
    endloop
  endfacet
  facet normal -0 0 -1
    outer loop
      vertex 41.2561 198.774 -26.5
      vertex 37 195 -26.5
      vertex 41.1371 198.804 -26.5
    endloop
  endfacet
  facet normal 0 0 -1
    outer loop
      vertex 41.5 201.25 -26.5
      vertex 40.0866 209.619 -26.5
      vertex 40.5486 209.785 -26.5
    endloop
  endfacet
  facet normal -0 0 -1
    outer loop
      vertex 41.1371 198.804 -26.5
      vertex 37 195 -26.5
      vertex 41.0216 198.845 -26.5
    endloop
  endfacet
  facet normal 0 0 -1
    outer loop
      vertex 41.5 201.25 -26.5
      vertex 39.643 209.41 -26.5
      vertex 40.0866 209.619 -26.5
    endloop
  endfacet
  facet normal -0 0 -1
    outer loop
      vertex 41.0216 198.845 -26.5
      vertex 37 195 -26.5
      vertex 40.9108 198.898 -26.5
    endloop
  endfacet
  facet normal 0 0 -1
    outer loop
      vertex 41.5 201.25 -26.5
      vertex 39.2222 209.157 -26.5
      vertex 39.643 209.41 -26.5
    endloop
  endfacet
  facet normal -0 0 -1
    outer loop
      vertex 40.9108 198.898 -26.5
      vertex 37 195 -26.5
      vertex 40.8055 198.961 -26.5
    endloop
  endfacet
  facet normal 0 0 -1
    outer loop
      vertex 41.5 201.25 -26.5
      vertex 38.828 208.865 -26.5
      vertex 39.2222 209.157 -26.5
    endloop
  endfacet
  facet normal -0 0 -1
    outer loop
      vertex 40.8055 198.961 -26.5
      vertex 37 195 -26.5
      vertex 40.707 199.034 -26.5
    endloop
  endfacet
  facet normal 0 0 -1
    outer loop
      vertex 41.5 201.25 -26.5
      vertex 38.4645 208.536 -26.5
      vertex 38.828 208.865 -26.5
    endloop
  endfacet
  facet normal -0 0 -1
    outer loop
      vertex 40.707 199.034 -26.5
      vertex 37 195 -26.5
      vertex 40.6161 199.116 -26.5
    endloop
  endfacet
  facet normal 0 0 -1
    outer loop
      vertex 41.5 201.25 -26.5
      vertex 38.1349 208.172 -26.5
      vertex 38.4645 208.536 -26.5
    endloop
  endfacet
  facet normal -0 0 -1
    outer loop
      vertex 40.3976 199.411 -26.5
      vertex 37 195 -26.5
      vertex 40.3451 199.522 -26.5
    endloop
  endfacet
  facet normal 0 0 -1
    outer loop
      vertex 41.5 201.25 -26.5
      vertex 37.8427 207.778 -26.5
      vertex 38.1349 208.172 -26.5
    endloop
  endfacet
  facet normal -0 0 -1
    outer loop
      vertex 40.6161 199.116 -26.5
      vertex 37 195 -26.5
      vertex 40.5337 199.207 -26.5
    endloop
  endfacet
  facet normal 0 0 -1
    outer loop
      vertex 41.5 201.25 -26.5
      vertex 37.5904 207.357 -26.5
      vertex 37.8427 207.778 -26.5
    endloop
  endfacet
  facet normal -0 0 -1
    outer loop
      vertex 40.4607 199.306 -26.5
      vertex 37 195 -26.5
      vertex 40.3976 199.411 -26.5
    endloop
  endfacet
  facet normal 0 0 -1
    outer loop
      vertex 41.3775 201.244 -26.5
      vertex 37.3806 206.913 -26.5
      vertex 37.5904 207.357 -26.5
    endloop
  endfacet
  facet normal -0 0 -1
    outer loop
      vertex 40.5337 199.207 -26.5
      vertex 37 195 -26.5
      vertex 40.4607 199.306 -26.5
    endloop
  endfacet
  facet normal 0 0 -1
    outer loop
      vertex 41.3775 201.244 -26.5
      vertex 37.2153 206.451 -26.5
      vertex 37.3806 206.913 -26.5
    endloop
  endfacet
  facet normal 0 0 -1
    outer loop
      vertex 41.3775 201.244 -26.5
      vertex 37.0961 205.975 -26.5
      vertex 37.2153 206.451 -26.5
    endloop
  endfacet
  facet normal 0 0 -1
    outer loop
      vertex 41.3775 201.244 -26.5
      vertex 37.0241 205.49 -26.5
      vertex 37.0961 205.975 -26.5
    endloop
  endfacet
  facet normal -0.904144 -0.427228 0
    outer loop
      vertex 37.5904 192.643 -26.5
      vertex 37.3806 193.087 -23
      vertex 37.3806 193.087 -26.5
    endloop
  endfacet
  facet normal -0.904144 -0.427228 0
    outer loop
      vertex 37.3806 193.087 -23
      vertex 37.5904 192.643 -26.5
      vertex 37.5904 192.643 -23
    endloop
  endfacet
  facet normal -0.242536 0.970143 0
    outer loop
      vertex 41.0246 209.904 -26.5
      vertex 40.5486 209.785 -23
      vertex 41.0246 209.904 -23
    endloop
  endfacet
  facet normal -0.242536 0.970143 0
    outer loop
      vertex 40.5486 209.785 -23
      vertex 41.0246 209.904 -26.5
      vertex 40.5486 209.785 -26.5
    endloop
  endfacet
  facet normal -0.904144 0.427228 0
    outer loop
      vertex 37.3806 206.913 -26.5
      vertex 37.5904 207.357 -23
      vertex 37.5904 207.357 -26.5
    endloop
  endfacet
  facet normal -0.904144 0.427228 0
    outer loop
      vertex 37.5904 207.357 -23
      vertex 37.3806 206.913 -26.5
      vertex 37.3806 206.913 -23
    endloop
  endfacet
  facet normal -0.941548 -0.336879 0
    outer loop
      vertex 37.3806 193.087 -26.5
      vertex 37.2153 193.549 -23
      vertex 37.2153 193.549 -26.5
    endloop
  endfacet
  facet normal -0.941548 -0.336879 0
    outer loop
      vertex 37.2153 193.549 -23
      vertex 37.3806 193.087 -26.5
      vertex 37.3806 193.087 -23
    endloop
  endfacet
  facet normal -0.803218 0.595686 0
    outer loop
      vertex 37.8427 207.778 -26.5
      vertex 38.1349 208.172 -23
      vertex 38.1349 208.172 -26.5
    endloop
  endfacet
  facet normal -0.803218 0.595686 0
    outer loop
      vertex 38.1349 208.172 -23
      vertex 37.8427 207.778 -26.5
      vertex 37.8427 207.778 -23
    endloop
  endfacet
  facet normal -0.146755 0.989173 0
    outer loop
      vertex 41.5099 209.976 -26.5
      vertex 41.0246 209.904 -23
      vertex 41.5099 209.976 -23
    endloop
  endfacet
  facet normal -0.146755 0.989173 0
    outer loop
      vertex 41.0246 209.904 -23
      vertex 41.5099 209.976 -26.5
      vertex 41.0246 209.904 -26.5
    endloop
  endfacet
  facet normal -0.857762 0.514046 0
    outer loop
      vertex 37.5904 207.357 -26.5
      vertex 37.8427 207.778 -23
      vertex 37.8427 207.778 -26.5
    endloop
  endfacet
  facet normal -0.857762 0.514046 0
    outer loop
      vertex 37.8427 207.778 -23
      vertex 37.5904 207.357 -26.5
      vertex 37.5904 207.357 -23
    endloop
  endfacet
  facet normal -0.941548 0.336879 0
    outer loop
      vertex 37.2153 206.451 -26.5
      vertex 37.3806 206.913 -23
      vertex 37.3806 206.913 -26.5
    endloop
  endfacet
  facet normal -0.941548 0.336879 0
    outer loop
      vertex 37.3806 206.913 -23
      vertex 37.2153 206.451 -26.5
      vertex 37.2153 206.451 -23
    endloop
  endfacet
  facet normal -0.048911 0.998803 0
    outer loop
      vertex 42 210 -26.5
      vertex 41.5099 209.976 -23
      vertex 42 210 -23
    endloop
  endfacet
  facet normal -0.048911 0.998803 0
    outer loop
      vertex 41.5099 209.976 -23
      vertex 42 210 -26.5
      vertex 41.5099 209.976 -26.5
    endloop
  endfacet
  facet normal -0.426209 0.904625 0
    outer loop
      vertex 40.0866 209.619 -26.5
      vertex 39.643 209.41 -23
      vertex 40.0866 209.619 -23
    endloop
  endfacet
  facet normal -0.426209 0.904625 0
    outer loop
      vertex 39.643 209.41 -23
      vertex 40.0866 209.619 -26.5
      vertex 39.643 209.41 -26.5
    endloop
  endfacet
  facet normal -0.515274 0.857025 0
    outer loop
      vertex 39.643 209.41 -26.5
      vertex 39.2222 209.157 -23
      vertex 39.643 209.41 -23
    endloop
  endfacet
  facet normal -0.515274 0.857025 0
    outer loop
      vertex 39.2222 209.157 -23
      vertex 39.643 209.41 -26.5
      vertex 39.2222 209.157 -26.5
    endloop
  endfacet
  facet normal -0.338142 0.941095 0
    outer loop
      vertex 40.5486 209.785 -26.5
      vertex 40.0866 209.619 -23
      vertex 40.5486 209.785 -23
    endloop
  endfacet
  facet normal -0.338142 0.941095 0
    outer loop
      vertex 40.0866 209.619 -23
      vertex 40.5486 209.785 -26.5
      vertex 40.0866 209.619 -26.5
    endloop
  endfacet
  facet normal 1 -0 0
    outer loop
      vertex 61.5 192 -23
      vertex 61.5 207 -25
      vertex 61.5 207 -23
    endloop
  endfacet
  facet normal 1 0 0
    outer loop
      vertex 61.5 207 -25
      vertex 61.5 192 -23
      vertex 61.5 192 -25
    endloop
  endfacet
  facet normal 0 -1 0
    outer loop
      vertex 127.9 207 -25
      vertex 61.5 207 -23
      vertex 61.5 207 -25
    endloop
  endfacet
  facet normal 0 -1 0
    outer loop
      vertex 61.5 207 -23
      vertex 127.9 207 -25
      vertex 130 207 -23
    endloop
  endfacet
  facet normal 0 -1 -0
    outer loop
      vertex 130 207 -23
      vertex 127.9 207 -25
      vertex 130 207 -25
    endloop
  endfacet
  facet normal 0 1 0
    outer loop
      vertex 127.9 192 -25
      vertex 130 192 -23
      vertex 130 192 -25
    endloop
  endfacet
  facet normal 0 1 0
    outer loop
      vertex 130 192 -23
      vertex 127.9 192 -25
      vertex 61.5 192 -23
    endloop
  endfacet
  facet normal 0 1 0
    outer loop
      vertex 61.5 192 -23
      vertex 127.9 192 -25
      vertex 61.5 192 -25
    endloop
  endfacet
  facet normal 0.970202 -0.242297 0
    outer loop
      vertex 46.5384 205.39 -23
      vertex 46.5861 205.581 -26.5
      vertex 46.5861 205.581 -23
    endloop
  endfacet
  facet normal 0.970202 -0.242297 0
    outer loop
      vertex 46.5861 205.581 -26.5
      vertex 46.5384 205.39 -23
      vertex 46.5384 205.39 -26.5
    endloop
  endfacet
  facet normal 0.244452 0.969661 -0
    outer loop
      vertex 48.1098 193.038 -26.5
      vertex 47.9194 193.086 -23
      vertex 48.1098 193.038 -23
    endloop
  endfacet
  facet normal 0.244452 0.969661 0
    outer loop
      vertex 47.9194 193.086 -23
      vertex 48.1098 193.038 -26.5
      vertex 47.9194 193.086 -26.5
    endloop
  endfacet
  facet normal -0.142706 0.989765 0
    outer loop
      vertex 51.8902 193.038 -26.5
      vertex 51.696 193.01 -23
      vertex 51.8902 193.038 -23
    endloop
  endfacet
  facet normal -0.142706 0.989765 0
    outer loop
      vertex 51.696 193.01 -23
      vertex 51.8902 193.038 -26.5
      vertex 51.696 193.01 -26.5
    endloop
  endfacet
  facet normal -0.98916 0.146844 0
    outer loop
      vertex 53.4616 194.61 -26.5
      vertex 53.4904 194.804 -23
      vertex 53.4904 194.804 -26.5
    endloop
  endfacet
  facet normal -0.98916 0.146844 0
    outer loop
      vertex 53.4904 194.804 -23
      vertex 53.4616 194.61 -26.5
      vertex 53.4616 194.61 -23
    endloop
  endfacet
  facet normal 0.514571 -0.857448 0
    outer loop
      vertex 47.3889 206.663 -26.5
      vertex 47.5572 206.764 -23
      vertex 47.3889 206.663 -23
    endloop
  endfacet
  facet normal 0.514571 -0.857448 0
    outer loop
      vertex 47.5572 206.764 -23
      vertex 47.3889 206.663 -26.5
      vertex 47.5572 206.764 -26.5
    endloop
  endfacet
  facet normal -0.595836 -0.803106 0
    outer loop
      vertex 52.6111 206.663 -26.5
      vertex 52.7688 206.546 -23
      vertex 52.6111 206.663 -23
    endloop
  endfacet
  facet normal -0.595836 -0.803106 -0
    outer loop
      vertex 52.7688 206.546 -23
      vertex 52.6111 206.663 -26.5
      vertex 52.7688 206.546 -26.5
    endloop
  endfacet
  facet normal -0.244452 -0.969661 0
    outer loop
      vertex 51.8902 206.962 -26.5
      vertex 52.0806 206.914 -23
      vertex 51.8902 206.962 -23
    endloop
  endfacet
  facet normal -0.244452 -0.969661 -0
    outer loop
      vertex 52.0806 206.914 -23
      vertex 51.8902 206.962 -26.5
      vertex 52.0806 206.914 -26.5
    endloop
  endfacet
  facet normal -0.0509541 0.998701 0
    outer loop
      vertex 51.696 193.01 -26.5
      vertex 51.5 193 -23
      vertex 51.696 193.01 -23
    endloop
  endfacet
  facet normal -0.0509541 0.998701 0
    outer loop
      vertex 51.5 193 -23
      vertex 51.696 193.01 -26.5
      vertex 51.5 193 -26.5
    endloop
  endfacet
  facet normal 0.904554 0.42636 0
    outer loop
      vertex 46.7362 194.057 -23
      vertex 46.6523 194.235 -26.5
      vertex 46.6523 194.235 -23
    endloop
  endfacet
  facet normal 0.904554 0.42636 0
    outer loop
      vertex 46.6523 194.235 -26.5
      vertex 46.7362 194.057 -23
      vertex 46.7362 194.057 -26.5
    endloop
  endfacet
  facet normal 0.739986 0.672622 0
    outer loop
      vertex 47.0858 193.586 -23
      vertex 46.954 193.731 -26.5
      vertex 46.954 193.731 -23
    endloop
  endfacet
  facet normal 0.739986 0.672622 0
    outer loop
      vertex 46.954 193.731 -26.5
      vertex 47.0858 193.586 -23
      vertex 47.0858 193.586 -26.5
    endloop
  endfacet
  facet normal 0.739986 -0.672622 0
    outer loop
      vertex 46.954 206.269 -23
      vertex 47.0858 206.414 -26.5
      vertex 47.0858 206.414 -23
    endloop
  endfacet
  facet normal 0.739986 -0.672622 0
    outer loop
      vertex 47.0858 206.414 -26.5
      vertex 46.954 206.269 -23
      vertex 46.954 206.269 -26.5
    endloop
  endfacet
  facet normal -0.739986 -0.672622 0
    outer loop
      vertex 53.046 206.269 -26.5
      vertex 52.9142 206.414 -23
      vertex 52.9142 206.414 -26.5
    endloop
  endfacet
  facet normal -0.739986 -0.672622 0
    outer loop
      vertex 52.9142 206.414 -23
      vertex 53.046 206.269 -26.5
      vertex 53.046 206.269 -23
    endloop
  endfacet
  facet normal 1 -0 0
    outer loop
      vertex 46.5 195 -23
      vertex 46.5 205 -26.5
      vertex 46.5 205 -23
    endloop
  endfacet
  facet normal 1 0 0
    outer loop
      vertex 46.5 205 -26.5
      vertex 46.5 195 -23
      vertex 46.5 195 -26.5
    endloop
  endfacet
  facet normal -0.940953 0.338538 0
    outer loop
      vertex 53.3477 194.235 -26.5
      vertex 53.4139 194.419 -23
      vertex 53.4139 194.419 -26.5
    endloop
  endfacet
  facet normal -0.940953 0.338538 0
    outer loop
      vertex 53.4139 194.419 -23
      vertex 53.3477 194.235 -26.5
      vertex 53.3477 194.235 -23
    endloop
  endfacet
  facet normal 0.672166 0.740401 -0
    outer loop
      vertex 47.2312 193.454 -26.5
      vertex 47.0858 193.586 -23
      vertex 47.2312 193.454 -23
    endloop
  endfacet
  facet normal 0.672166 0.740401 0
    outer loop
      vertex 47.0858 193.586 -23
      vertex 47.2312 193.454 -26.5
      vertex 47.0858 193.586 -26.5
    endloop
  endfacet
  facet normal 0.998803 -0.0489209 0
    outer loop
      vertex 46.5 205 -23
      vertex 46.5096 205.196 -26.5
      vertex 46.5096 205.196 -23
    endloop
  endfacet
  facet normal 0.998803 -0.0489209 0
    outer loop
      vertex 46.5096 205.196 -26.5
      vertex 46.5 205 -23
      vertex 46.5 205 -26.5
    endloop
  endfacet
  facet normal 0.98916 -0.146844 0
    outer loop
      vertex 46.5096 205.196 -23
      vertex 46.5384 205.39 -26.5
      vertex 46.5384 205.39 -23
    endloop
  endfacet
  facet normal 0.98916 -0.146844 0
    outer loop
      vertex 46.5384 205.39 -26.5
      vertex 46.5096 205.196 -23
      vertex 46.5096 205.196 -26.5
    endloop
  endfacet
  facet normal -0.595836 0.803106 0
    outer loop
      vertex 52.7688 193.454 -26.5
      vertex 52.6111 193.337 -23
      vertex 52.7688 193.454 -23
    endloop
  endfacet
  facet normal -0.595836 0.803106 0
    outer loop
      vertex 52.6111 193.337 -23
      vertex 52.7688 193.454 -26.5
      vertex 52.6111 193.337 -26.5
    endloop
  endfacet
  facet normal 0.857268 0.514871 0
    outer loop
      vertex 46.8371 193.889 -23
      vertex 46.7362 194.057 -26.5
      vertex 46.7362 194.057 -23
    endloop
  endfacet
  facet normal 0.857268 0.514871 0
    outer loop
      vertex 46.7362 194.057 -26.5
      vertex 46.8371 193.889 -23
      vertex 46.8371 193.889 -26.5
    endloop
  endfacet
  facet normal -0.970202 0.242297 0
    outer loop
      vertex 53.4139 194.419 -26.5
      vertex 53.4616 194.61 -23
      vertex 53.4616 194.61 -26.5
    endloop
  endfacet
  facet normal -0.970202 0.242297 0
    outer loop
      vertex 53.4616 194.61 -23
      vertex 53.4139 194.419 -26.5
      vertex 53.4139 194.419 -23
    endloop
  endfacet
  facet normal 0.0509541 -0.998701 0
    outer loop
      vertex 48.304 206.99 -26.5
      vertex 48.5 207 -23
      vertex 48.304 206.99 -23
    endloop
  endfacet
  facet normal 0.0509541 -0.998701 0
    outer loop
      vertex 48.5 207 -23
      vertex 48.304 206.99 -26.5
      vertex 48.5 207 -26.5
    endloop
  endfacet
  facet normal -0.244452 0.969661 0
    outer loop
      vertex 52.0806 193.086 -26.5
      vertex 51.8902 193.038 -23
      vertex 52.0806 193.086 -23
    endloop
  endfacet
  facet normal -0.244452 0.969661 0
    outer loop
      vertex 51.8902 193.038 -23
      vertex 52.0806 193.086 -26.5
      vertex 51.8902 193.038 -26.5
    endloop
  endfacet
  facet normal -1 0 0
    outer loop
      vertex 53.5 195 -26.5
      vertex 53.5 205 -23
      vertex 53.5 205 -26.5
    endloop
  endfacet
  facet normal -1 -0 0
    outer loop
      vertex 53.5 205 -23
      vertex 53.5 195 -26.5
      vertex 53.5 195 -23
    endloop
  endfacet
  facet normal -0.427955 0.9038 0
    outer loop
      vertex 52.4428 193.236 -26.5
      vertex 52.2654 193.152 -23
      vertex 52.4428 193.236 -23
    endloop
  endfacet
  facet normal -0.427955 0.9038 0
    outer loop
      vertex 52.2654 193.152 -23
      vertex 52.4428 193.236 -26.5
      vertex 52.2654 193.152 -26.5
    endloop
  endfacet
  facet normal 0.595836 -0.803106 0
    outer loop
      vertex 47.2312 206.546 -26.5
      vertex 47.3889 206.663 -23
      vertex 47.2312 206.546 -23
    endloop
  endfacet
  facet normal 0.595836 -0.803106 0
    outer loop
      vertex 47.3889 206.663 -23
      vertex 47.2312 206.546 -26.5
      vertex 47.3889 206.663 -26.5
    endloop
  endfacet
  facet normal -0.857268 -0.514871 0
    outer loop
      vertex 53.2638 205.943 -26.5
      vertex 53.1629 206.111 -23
      vertex 53.1629 206.111 -26.5
    endloop
  endfacet
  facet normal -0.857268 -0.514871 0
    outer loop
      vertex 53.1629 206.111 -23
      vertex 53.2638 205.943 -26.5
      vertex 53.2638 205.943 -23
    endloop
  endfacet
  facet normal -0.998803 0.0489209 0
    outer loop
      vertex 53.4904 194.804 -26.5
      vertex 53.5 195 -23
      vertex 53.5 195 -26.5
    endloop
  endfacet
  facet normal -0.998803 0.0489209 0
    outer loop
      vertex 53.5 195 -23
      vertex 53.4904 194.804 -26.5
      vertex 53.4904 194.804 -23
    endloop
  endfacet
  facet normal -0.672166 0.740401 0
    outer loop
      vertex 52.9142 193.586 -26.5
      vertex 52.7688 193.454 -23
      vertex 52.9142 193.586 -23
    endloop
  endfacet
  facet normal -0.672166 0.740401 0
    outer loop
      vertex 52.7688 193.454 -23
      vertex 52.9142 193.586 -26.5
      vertex 52.7688 193.454 -26.5
    endloop
  endfacet
  facet normal -0.803891 0.594777 0
    outer loop
      vertex 53.046 193.731 -26.5
      vertex 53.1629 193.889 -23
      vertex 53.1629 193.889 -26.5
    endloop
  endfacet
  facet normal -0.803891 0.594777 0
    outer loop
      vertex 53.1629 193.889 -23
      vertex 53.046 193.731 -26.5
      vertex 53.046 193.731 -23
    endloop
  endfacet
  facet normal 0 -1 0
    outer loop
      vertex 48.5 207 -26.5
      vertex 51.5 207 -23
      vertex 48.5 207 -23
    endloop
  endfacet
  facet normal 0 -1 -0
    outer loop
      vertex 51.5 207 -23
      vertex 48.5 207 -26.5
      vertex 51.5 207 -26.5
    endloop
  endfacet
  facet normal 0.0509541 0.998701 -0
    outer loop
      vertex 48.5 193 -26.5
      vertex 48.304 193.01 -23
      vertex 48.5 193 -23
    endloop
  endfacet
  facet normal 0.0509541 0.998701 0
    outer loop
      vertex 48.304 193.01 -23
      vertex 48.5 193 -26.5
      vertex 48.304 193.01 -26.5
    endloop
  endfacet
  facet normal -0.904554 0.42636 0
    outer loop
      vertex 53.2638 194.057 -26.5
      vertex 53.3477 194.235 -23
      vertex 53.3477 194.235 -26.5
    endloop
  endfacet
  facet normal -0.904554 0.42636 0
    outer loop
      vertex 53.3477 194.235 -23
      vertex 53.2638 194.057 -26.5
      vertex 53.2638 194.057 -23
    endloop
  endfacet
  facet normal -0.998803 -0.0489209 0
    outer loop
      vertex 53.5 205 -26.5
      vertex 53.4904 205.196 -23
      vertex 53.4904 205.196 -26.5
    endloop
  endfacet
  facet normal -0.998803 -0.0489209 0
    outer loop
      vertex 53.4904 205.196 -23
      vertex 53.5 205 -26.5
      vertex 53.5 205 -23
    endloop
  endfacet
  facet normal 0.970202 0.242297 0
    outer loop
      vertex 46.5861 194.419 -23
      vertex 46.5384 194.61 -26.5
      vertex 46.5384 194.61 -23
    endloop
  endfacet
  facet normal 0.970202 0.242297 0
    outer loop
      vertex 46.5384 194.61 -26.5
      vertex 46.5861 194.419 -23
      vertex 46.5861 194.419 -26.5
    endloop
  endfacet
  facet normal -0.336336 0.941742 0
    outer loop
      vertex 52.2654 193.152 -26.5
      vertex 52.0806 193.086 -23
      vertex 52.2654 193.152 -23
    endloop
  endfacet
  facet normal -0.336336 0.941742 0
    outer loop
      vertex 52.0806 193.086 -23
      vertex 52.2654 193.152 -26.5
      vertex 52.0806 193.086 -26.5
    endloop
  endfacet
  facet normal 0.998803 0.0489209 0
    outer loop
      vertex 46.5096 194.804 -23
      vertex 46.5 195 -26.5
      vertex 46.5 195 -23
    endloop
  endfacet
  facet normal 0.998803 0.0489209 0
    outer loop
      vertex 46.5 195 -26.5
      vertex 46.5096 194.804 -23
      vertex 46.5096 194.804 -26.5
    endloop
  endfacet
  facet normal -0.336336 -0.941742 0
    outer loop
      vertex 52.0806 206.914 -26.5
      vertex 52.2654 206.848 -23
      vertex 52.0806 206.914 -23
    endloop
  endfacet
  facet normal -0.336336 -0.941742 -0
    outer loop
      vertex 52.2654 206.848 -23
      vertex 52.0806 206.914 -26.5
      vertex 52.2654 206.848 -26.5
    endloop
  endfacet
  facet normal -0.940953 -0.338538 0
    outer loop
      vertex 53.4139 205.581 -26.5
      vertex 53.3477 205.765 -23
      vertex 53.3477 205.765 -26.5
    endloop
  endfacet
  facet normal -0.940953 -0.338538 0
    outer loop
      vertex 53.3477 205.765 -23
      vertex 53.4139 205.581 -26.5
      vertex 53.4139 205.581 -23
    endloop
  endfacet
  facet normal 0 1 -0
    outer loop
      vertex 51.5 193 -26.5
      vertex 48.5 193 -23
      vertex 51.5 193 -23
    endloop
  endfacet
  facet normal 0 1 0
    outer loop
      vertex 48.5 193 -23
      vertex 51.5 193 -26.5
      vertex 48.5 193 -26.5
    endloop
  endfacet
  facet normal 0.98916 0.146844 0
    outer loop
      vertex 46.5384 194.61 -23
      vertex 46.5096 194.804 -26.5
      vertex 46.5096 194.804 -23
    endloop
  endfacet
  facet normal 0.98916 0.146844 0
    outer loop
      vertex 46.5096 194.804 -26.5
      vertex 46.5384 194.61 -23
      vertex 46.5384 194.61 -26.5
    endloop
  endfacet
  facet normal 0.142706 -0.989765 0
    outer loop
      vertex 48.1098 206.962 -26.5
      vertex 48.304 206.99 -23
      vertex 48.1098 206.962 -23
    endloop
  endfacet
  facet normal 0.142706 -0.989765 0
    outer loop
      vertex 48.304 206.99 -23
      vertex 48.1098 206.962 -26.5
      vertex 48.304 206.99 -26.5
    endloop
  endfacet
  facet normal -0.904554 -0.42636 0
    outer loop
      vertex 53.3477 205.765 -26.5
      vertex 53.2638 205.943 -23
      vertex 53.2638 205.943 -26.5
    endloop
  endfacet
  facet normal -0.904554 -0.42636 0
    outer loop
      vertex 53.2638 205.943 -23
      vertex 53.3477 205.765 -26.5
      vertex 53.3477 205.765 -23
    endloop
  endfacet
  facet normal -0.0509541 -0.998701 0
    outer loop
      vertex 51.5 207 -26.5
      vertex 51.696 206.99 -23
      vertex 51.5 207 -23
    endloop
  endfacet
  facet normal -0.0509541 -0.998701 -0
    outer loop
      vertex 51.696 206.99 -23
      vertex 51.5 207 -26.5
      vertex 51.696 206.99 -26.5
    endloop
  endfacet
  facet normal 0.427955 0.9038 -0
    outer loop
      vertex 47.7346 193.152 -26.5
      vertex 47.5572 193.236 -23
      vertex 47.7346 193.152 -23
    endloop
  endfacet
  facet normal 0.427955 0.9038 0
    outer loop
      vertex 47.5572 193.236 -23
      vertex 47.7346 193.152 -26.5
      vertex 47.5572 193.236 -26.5
    endloop
  endfacet
  facet normal -0.803891 -0.594777 0
    outer loop
      vertex 53.1629 206.111 -26.5
      vertex 53.046 206.269 -23
      vertex 53.046 206.269 -26.5
    endloop
  endfacet
  facet normal -0.803891 -0.594777 0
    outer loop
      vertex 53.046 206.269 -23
      vertex 53.1629 206.111 -26.5
      vertex 53.1629 206.111 -23
    endloop
  endfacet
  facet normal -0.857268 0.514871 0
    outer loop
      vertex 53.1629 193.889 -26.5
      vertex 53.2638 194.057 -23
      vertex 53.2638 194.057 -26.5
    endloop
  endfacet
  facet normal -0.857268 0.514871 0
    outer loop
      vertex 53.2638 194.057 -23
      vertex 53.1629 193.889 -26.5
      vertex 53.1629 193.889 -23
    endloop
  endfacet
  facet normal -0.970202 -0.242297 0
    outer loop
      vertex 53.4616 205.39 -26.5
      vertex 53.4139 205.581 -23
      vertex 53.4139 205.581 -26.5
    endloop
  endfacet
  facet normal -0.970202 -0.242297 0
    outer loop
      vertex 53.4139 205.581 -23
      vertex 53.4616 205.39 -26.5
      vertex 53.4616 205.39 -23
    endloop
  endfacet
  facet normal 0.595836 0.803106 -0
    outer loop
      vertex 47.3889 193.337 -26.5
      vertex 47.2312 193.454 -23
      vertex 47.3889 193.337 -23
    endloop
  endfacet
  facet normal 0.595836 0.803106 0
    outer loop
      vertex 47.2312 193.454 -23
      vertex 47.3889 193.337 -26.5
      vertex 47.2312 193.454 -26.5
    endloop
  endfacet
  facet normal 0.940953 0.338538 0
    outer loop
      vertex 46.6523 194.235 -23
      vertex 46.5861 194.419 -26.5
      vertex 46.5861 194.419 -23
    endloop
  endfacet
  facet normal 0.940953 0.338538 0
    outer loop
      vertex 46.5861 194.419 -26.5
      vertex 46.6523 194.235 -23
      vertex 46.6523 194.235 -26.5
    endloop
  endfacet
  facet normal 0.336336 0.941742 -0
    outer loop
      vertex 47.9194 193.086 -26.5
      vertex 47.7346 193.152 -23
      vertex 47.9194 193.086 -23
    endloop
  endfacet
  facet normal 0.336336 0.941742 0
    outer loop
      vertex 47.7346 193.152 -23
      vertex 47.9194 193.086 -26.5
      vertex 47.7346 193.152 -26.5
    endloop
  endfacet
  facet normal -0.739986 0.672622 0
    outer loop
      vertex 52.9142 193.586 -26.5
      vertex 53.046 193.731 -23
      vertex 53.046 193.731 -26.5
    endloop
  endfacet
  facet normal -0.739986 0.672622 0
    outer loop
      vertex 53.046 193.731 -23
      vertex 52.9142 193.586 -26.5
      vertex 52.9142 193.586 -23
    endloop
  endfacet
  facet normal 0.142706 0.989765 -0
    outer loop
      vertex 48.304 193.01 -26.5
      vertex 48.1098 193.038 -23
      vertex 48.304 193.01 -23
    endloop
  endfacet
  facet normal 0.142706 0.989765 0
    outer loop
      vertex 48.1098 193.038 -23
      vertex 48.304 193.01 -26.5
      vertex 48.1098 193.038 -26.5
    endloop
  endfacet
  facet normal -0.427955 -0.9038 0
    outer loop
      vertex 52.2654 206.848 -26.5
      vertex 52.4428 206.764 -23
      vertex 52.2654 206.848 -23
    endloop
  endfacet
  facet normal -0.427955 -0.9038 -0
    outer loop
      vertex 52.4428 206.764 -23
      vertex 52.2654 206.848 -26.5
      vertex 52.4428 206.764 -26.5
    endloop
  endfacet
  facet normal 0.514571 0.857448 -0
    outer loop
      vertex 47.5572 193.236 -26.5
      vertex 47.3889 193.337 -23
      vertex 47.5572 193.236 -23
    endloop
  endfacet
  facet normal 0.514571 0.857448 0
    outer loop
      vertex 47.3889 193.337 -23
      vertex 47.5572 193.236 -26.5
      vertex 47.3889 193.337 -26.5
    endloop
  endfacet
  facet normal -0.514571 0.857448 0
    outer loop
      vertex 52.6111 193.337 -26.5
      vertex 52.4428 193.236 -23
      vertex 52.6111 193.337 -23
    endloop
  endfacet
  facet normal -0.514571 0.857448 0
    outer loop
      vertex 52.4428 193.236 -23
      vertex 52.6111 193.337 -26.5
      vertex 52.4428 193.236 -26.5
    endloop
  endfacet
  facet normal 0.803891 -0.594777 0
    outer loop
      vertex 46.8371 206.111 -23
      vertex 46.954 206.269 -26.5
      vertex 46.954 206.269 -23
    endloop
  endfacet
  facet normal 0.803891 -0.594777 0
    outer loop
      vertex 46.954 206.269 -26.5
      vertex 46.8371 206.111 -23
      vertex 46.8371 206.111 -26.5
    endloop
  endfacet
  facet normal 0.803891 0.594777 0
    outer loop
      vertex 46.954 193.731 -23
      vertex 46.8371 193.889 -26.5
      vertex 46.8371 193.889 -23
    endloop
  endfacet
  facet normal 0.803891 0.594777 0
    outer loop
      vertex 46.8371 193.889 -26.5
      vertex 46.954 193.731 -23
      vertex 46.954 193.731 -26.5
    endloop
  endfacet
  facet normal 0.427955 -0.9038 0
    outer loop
      vertex 47.5572 206.764 -26.5
      vertex 47.7346 206.848 -23
      vertex 47.5572 206.764 -23
    endloop
  endfacet
  facet normal 0.427955 -0.9038 0
    outer loop
      vertex 47.7346 206.848 -23
      vertex 47.5572 206.764 -26.5
      vertex 47.7346 206.848 -26.5
    endloop
  endfacet
  facet normal -0.98916 -0.146844 0
    outer loop
      vertex 53.4904 205.196 -26.5
      vertex 53.4616 205.39 -23
      vertex 53.4616 205.39 -26.5
    endloop
  endfacet
  facet normal -0.98916 -0.146844 0
    outer loop
      vertex 53.4616 205.39 -23
      vertex 53.4904 205.196 -26.5
      vertex 53.4904 205.196 -23
    endloop
  endfacet
  facet normal -0.672166 -0.740401 0
    outer loop
      vertex 52.7688 206.546 -26.5
      vertex 52.9142 206.414 -23
      vertex 52.7688 206.546 -23
    endloop
  endfacet
  facet normal -0.672166 -0.740401 -0
    outer loop
      vertex 52.9142 206.414 -23
      vertex 52.7688 206.546 -26.5
      vertex 52.9142 206.414 -26.5
    endloop
  endfacet
  facet normal -0.514571 -0.857448 0
    outer loop
      vertex 52.4428 206.764 -26.5
      vertex 52.6111 206.663 -23
      vertex 52.4428 206.764 -23
    endloop
  endfacet
  facet normal -0.514571 -0.857448 -0
    outer loop
      vertex 52.6111 206.663 -23
      vertex 52.4428 206.764 -26.5
      vertex 52.6111 206.663 -26.5
    endloop
  endfacet
  facet normal 0.336336 -0.941742 0
    outer loop
      vertex 47.7346 206.848 -26.5
      vertex 47.9194 206.914 -23
      vertex 47.7346 206.848 -23
    endloop
  endfacet
  facet normal 0.336336 -0.941742 0
    outer loop
      vertex 47.9194 206.914 -23
      vertex 47.7346 206.848 -26.5
      vertex 47.9194 206.914 -26.5
    endloop
  endfacet
  facet normal 0.244452 -0.969661 0
    outer loop
      vertex 47.9194 206.914 -26.5
      vertex 48.1098 206.962 -23
      vertex 47.9194 206.914 -23
    endloop
  endfacet
  facet normal 0.244452 -0.969661 0
    outer loop
      vertex 48.1098 206.962 -23
      vertex 47.9194 206.914 -26.5
      vertex 48.1098 206.962 -26.5
    endloop
  endfacet
  facet normal -0.142706 -0.989765 0
    outer loop
      vertex 51.696 206.99 -26.5
      vertex 51.8902 206.962 -23
      vertex 51.696 206.99 -23
    endloop
  endfacet
  facet normal -0.142706 -0.989765 -0
    outer loop
      vertex 51.8902 206.962 -23
      vertex 51.696 206.99 -26.5
      vertex 51.8902 206.962 -26.5
    endloop
  endfacet
  facet normal 0.857268 -0.514871 0
    outer loop
      vertex 46.7362 205.943 -23
      vertex 46.8371 206.111 -26.5
      vertex 46.8371 206.111 -23
    endloop
  endfacet
  facet normal 0.857268 -0.514871 0
    outer loop
      vertex 46.8371 206.111 -26.5
      vertex 46.7362 205.943 -23
      vertex 46.7362 205.943 -26.5
    endloop
  endfacet
  facet normal 0.672166 -0.740401 0
    outer loop
      vertex 47.0858 206.414 -26.5
      vertex 47.2312 206.546 -23
      vertex 47.0858 206.414 -23
    endloop
  endfacet
  facet normal 0.672166 -0.740401 0
    outer loop
      vertex 47.2312 206.546 -23
      vertex 47.0858 206.414 -26.5
      vertex 47.2312 206.546 -26.5
    endloop
  endfacet
  facet normal 0.904554 -0.42636 0
    outer loop
      vertex 46.6523 205.765 -23
      vertex 46.7362 205.943 -26.5
      vertex 46.7362 205.943 -23
    endloop
  endfacet
  facet normal 0.904554 -0.42636 0
    outer loop
      vertex 46.7362 205.943 -26.5
      vertex 46.6523 205.765 -23
      vertex 46.6523 205.765 -26.5
    endloop
  endfacet
  facet normal 0.940953 -0.338538 0
    outer loop
      vertex 46.5861 205.581 -23
      vertex 46.6523 205.765 -26.5
      vertex 46.6523 205.765 -23
    endloop
  endfacet
  facet normal 0.940953 -0.338538 0
    outer loop
      vertex 46.6523 205.765 -26.5
      vertex 46.5861 205.581 -23
      vertex 46.5861 205.581 -26.5
    endloop
  endfacet
  facet normal -0.334527 0.942386 0
    outer loop
      vertex 41.9784 198.845 -26.5
      vertex 41.8629 198.804 -23
      vertex 41.9784 198.845 -23
    endloop
  endfacet
  facet normal -0.334527 0.942386 0
    outer loop
      vertex 41.8629 198.804 -23
      vertex 41.9784 198.845 -26.5
      vertex 41.8629 198.804 -26.5
    endloop
  endfacet
  facet normal 0.989116 -0.147141 0
    outer loop
      vertex 40.256 200.123 -23
      vertex 40.274 200.244 -26.5
      vertex 40.274 200.244 -23
    endloop
  endfacet
  facet normal 0.989116 -0.147141 0
    outer loop
      vertex 40.274 200.244 -26.5
      vertex 40.256 200.123 -23
      vertex 40.256 200.123 -26.5
    endloop
  endfacet
  facet normal 0.998812 -0.0487226 0
    outer loop
      vertex 40.25 200 -23
      vertex 40.256 200.123 -26.5
      vertex 40.256 200.123 -23
    endloop
  endfacet
  facet normal 0.998812 -0.0487226 0
    outer loop
      vertex 40.256 200.123 -26.5
      vertex 40.25 200 -23
      vertex 40.25 200 -26.5
    endloop
  endfacet
  facet normal 0.970047 -0.242919 0
    outer loop
      vertex 40.274 200.244 -23
      vertex 40.3038 200.363 -26.5
      vertex 40.3038 200.363 -23
    endloop
  endfacet
  facet normal 0.970047 -0.242919 0
    outer loop
      vertex 40.3038 200.363 -26.5
      vertex 40.274 200.244 -23
      vertex 40.274 200.244 -26.5
    endloop
  endfacet
  facet normal -0.989116 -0.147141 0
    outer loop
      vertex 42.744 200.123 -26.5
      vertex 42.726 200.244 -23
      vertex 42.726 200.244 -26.5
    endloop
  endfacet
  facet normal -0.989116 -0.147141 0
    outer loop
      vertex 42.726 200.244 -23
      vertex 42.744 200.123 -26.5
      vertex 42.744 200.123 -23
    endloop
  endfacet
  facet normal -0.244452 0.969661 0
    outer loop
      vertex 41.8629 198.804 -26.5
      vertex 41.7439 198.774 -23
      vertex 41.8629 198.804 -23
    endloop
  endfacet
  facet normal -0.244452 0.969661 0
    outer loop
      vertex 41.7439 198.774 -23
      vertex 41.8629 198.804 -26.5
      vertex 41.7439 198.774 -26.5
    endloop
  endfacet
  facet normal 0.334527 -0.942386 0
    outer loop
      vertex 41.0216 201.155 -26.5
      vertex 41.1371 201.196 -23
      vertex 41.0216 201.155 -23
    endloop
  endfacet
  facet normal 0.334527 -0.942386 0
    outer loop
      vertex 41.1371 201.196 -23
      vertex 41.0216 201.155 -26.5
      vertex 41.1371 201.196 -26.5
    endloop
  endfacet
  facet normal -0.513417 -0.858139 0
    outer loop
      vertex 42.0892 201.102 -26.5
      vertex 42.1945 201.039 -23
      vertex 42.0892 201.102 -23
    endloop
  endfacet
  facet normal -0.513417 -0.858139 -0
    outer loop
      vertex 42.1945 201.039 -23
      vertex 42.0892 201.102 -26.5
      vertex 42.1945 201.039 -26.5
    endloop
  endfacet
  facet normal -0.903986 0.427561 0
    outer loop
      vertex 42.6024 199.411 -26.5
      vertex 42.6549 199.522 -23
      vertex 42.6549 199.522 -26.5
    endloop
  endfacet
  facet normal -0.903986 0.427561 0
    outer loop
      vertex 42.6549 199.522 -23
      vertex 42.6024 199.411 -26.5
      vertex 42.6024 199.411 -23
    endloop
  endfacet
  facet normal -0.244452 -0.969661 0
    outer loop
      vertex 41.7439 201.226 -26.5
      vertex 41.8629 201.196 -23
      vertex 41.7439 201.226 -23
    endloop
  endfacet
  facet normal -0.244452 -0.969661 -0
    outer loop
      vertex 41.8629 201.196 -23
      vertex 41.7439 201.226 -26.5
      vertex 41.8629 201.196 -26.5
    endloop
  endfacet
  facet normal -0.857133 0.515096 0
    outer loop
      vertex 42.5393 199.306 -26.5
      vertex 42.6024 199.411 -23
      vertex 42.6024 199.411 -26.5
    endloop
  endfacet
  facet normal -0.857133 0.515096 0
    outer loop
      vertex 42.6024 199.411 -23
      vertex 42.5393 199.306 -26.5
      vertex 42.5393 199.306 -23
    endloop
  endfacet
  facet normal 0.244452 0.969661 -0
    outer loop
      vertex 41.2561 198.774 -26.5
      vertex 41.1371 198.804 -23
      vertex 41.2561 198.774 -23
    endloop
  endfacet
  facet normal 0.244452 0.969661 0
    outer loop
      vertex 41.1371 198.804 -23
      vertex 41.2561 198.774 -26.5
      vertex 41.1371 198.804 -26.5
    endloop
  endfacet
  facet normal -0.595423 0.803413 0
    outer loop
      vertex 42.293 199.034 -26.5
      vertex 42.1945 198.961 -23
      vertex 42.293 199.034 -23
    endloop
  endfacet
  facet normal -0.595423 0.803413 0
    outer loop
      vertex 42.1945 198.961 -23
      vertex 42.293 199.034 -26.5
      vertex 42.1945 198.961 -26.5
    endloop
  endfacet
  facet normal 0.513417 0.858139 -0
    outer loop
      vertex 40.9108 198.898 -26.5
      vertex 40.8055 198.961 -23
      vertex 40.9108 198.898 -23
    endloop
  endfacet
  facet normal 0.513417 0.858139 0
    outer loop
      vertex 40.8055 198.961 -23
      vertex 40.9108 198.898 -26.5
      vertex 40.8055 198.961 -26.5
    endloop
  endfacet
  facet normal 0.804851 0.593476 0
    outer loop
      vertex 40.5337 199.207 -23
      vertex 40.4607 199.306 -26.5
      vertex 40.4607 199.306 -23
    endloop
  endfacet
  facet normal 0.804851 0.593476 0
    outer loop
      vertex 40.4607 199.306 -26.5
      vertex 40.5337 199.207 -23
      vertex 40.5337 199.207 -26.5
    endloop
  endfacet
  facet normal 0.146667 -0.989186 0
    outer loop
      vertex 41.2561 201.226 -26.5
      vertex 41.3775 201.244 -23
      vertex 41.2561 201.226 -23
    endloop
  endfacet
  facet normal 0.146667 -0.989186 0
    outer loop
      vertex 41.3775 201.244 -23
      vertex 41.2561 201.226 -26.5
      vertex 41.3775 201.244 -26.5
    endloop
  endfacet
  facet normal -0.595423 -0.803413 0
    outer loop
      vertex 42.1945 201.039 -26.5
      vertex 42.293 200.966 -23
      vertex 42.1945 201.039 -23
    endloop
  endfacet
  facet normal -0.595423 -0.803413 -0
    outer loop
      vertex 42.293 200.966 -23
      vertex 42.1945 201.039 -26.5
      vertex 42.293 200.966 -26.5
    endloop
  endfacet
  facet normal -0.804851 -0.593476 0
    outer loop
      vertex 42.5393 200.694 -26.5
      vertex 42.4663 200.793 -23
      vertex 42.4663 200.793 -26.5
    endloop
  endfacet
  facet normal -0.804851 -0.593476 0
    outer loop
      vertex 42.4663 200.793 -23
      vertex 42.5393 200.694 -26.5
      vertex 42.5393 200.694 -23
    endloop
  endfacet
  facet normal 0.989116 0.147141 0
    outer loop
      vertex 40.274 199.756 -23
      vertex 40.256 199.877 -26.5
      vertex 40.256 199.877 -23
    endloop
  endfacet
  facet normal 0.989116 0.147141 0
    outer loop
      vertex 40.256 199.877 -26.5
      vertex 40.274 199.756 -23
      vertex 40.274 199.756 -26.5
    endloop
  endfacet
  facet normal -0.941148 -0.337995 0
    outer loop
      vertex 42.6962 200.363 -26.5
      vertex 42.6549 200.478 -23
      vertex 42.6549 200.478 -26.5
    endloop
  endfacet
  facet normal -0.941148 -0.337995 0
    outer loop
      vertex 42.6549 200.478 -23
      vertex 42.6962 200.363 -26.5
      vertex 42.6962 200.363 -23
    endloop
  endfacet
  facet normal 0.431513 -0.902107 0
    outer loop
      vertex 40.9108 201.102 -26.5
      vertex 41.0216 201.155 -23
      vertex 40.9108 201.102 -23
    endloop
  endfacet
  facet normal 0.431513 -0.902107 0
    outer loop
      vertex 41.0216 201.155 -23
      vertex 40.9108 201.102 -26.5
      vertex 41.0216 201.155 -26.5
    endloop
  endfacet
  facet normal -0.941148 0.337995 0
    outer loop
      vertex 42.6549 199.522 -26.5
      vertex 42.6962 199.637 -23
      vertex 42.6962 199.637 -26.5
    endloop
  endfacet
  facet normal -0.941148 0.337995 0
    outer loop
      vertex 42.6962 199.637 -23
      vertex 42.6549 199.522 -26.5
      vertex 42.6549 199.522 -23
    endloop
  endfacet
  facet normal 0.970047 0.242919 0
    outer loop
      vertex 40.3038 199.637 -23
      vertex 40.274 199.756 -26.5
      vertex 40.274 199.756 -23
    endloop
  endfacet
  facet normal 0.970047 0.242919 0
    outer loop
      vertex 40.274 199.756 -26.5
      vertex 40.3038 199.637 -23
      vertex 40.3038 199.637 -26.5
    endloop
  endfacet
  facet normal -0.0489209 -0.998803 0
    outer loop
      vertex 41.5 201.25 -26.5
      vertex 41.6225 201.244 -23
      vertex 41.5 201.25 -23
    endloop
  endfacet
  facet normal -0.0489209 -0.998803 -0
    outer loop
      vertex 41.6225 201.244 -23
      vertex 41.5 201.25 -26.5
      vertex 41.6225 201.244 -26.5
    endloop
  endfacet
  facet normal 0.669822 -0.742522 0
    outer loop
      vertex 40.6161 200.884 -26.5
      vertex 40.707 200.966 -23
      vertex 40.6161 200.884 -23
    endloop
  endfacet
  facet normal 0.669822 -0.742522 0
    outer loop
      vertex 40.707 200.966 -23
      vertex 40.6161 200.884 -26.5
      vertex 40.707 200.966 -26.5
    endloop
  endfacet
  facet normal -0.431513 -0.902107 0
    outer loop
      vertex 41.9784 201.155 -26.5
      vertex 42.0892 201.102 -23
      vertex 41.9784 201.155 -23
    endloop
  endfacet
  facet normal -0.431513 -0.902107 -0
    outer loop
      vertex 42.0892 201.102 -23
      vertex 41.9784 201.155 -26.5
      vertex 42.0892 201.102 -26.5
    endloop
  endfacet
  facet normal -0.669822 -0.742522 0
    outer loop
      vertex 42.293 200.966 -26.5
      vertex 42.3839 200.884 -23
      vertex 42.293 200.966 -23
    endloop
  endfacet
  facet normal -0.669822 -0.742522 -0
    outer loop
      vertex 42.3839 200.884 -23
      vertex 42.293 200.966 -26.5
      vertex 42.3839 200.884 -26.5
    endloop
  endfacet
  facet normal 0.334527 0.942386 -0
    outer loop
      vertex 41.1371 198.804 -26.5
      vertex 41.0216 198.845 -23
      vertex 41.1371 198.804 -23
    endloop
  endfacet
  facet normal 0.334527 0.942386 0
    outer loop
      vertex 41.0216 198.845 -23
      vertex 41.1371 198.804 -26.5
      vertex 41.0216 198.845 -26.5
    endloop
  endfacet
  facet normal -0.334527 -0.942386 0
    outer loop
      vertex 41.8629 201.196 -26.5
      vertex 41.9784 201.155 -23
      vertex 41.8629 201.196 -23
    endloop
  endfacet
  facet normal -0.334527 -0.942386 -0
    outer loop
      vertex 41.9784 201.155 -23
      vertex 41.8629 201.196 -26.5
      vertex 41.9784 201.155 -26.5
    endloop
  endfacet
  facet normal 0.804851 -0.593476 0
    outer loop
      vertex 40.4607 200.694 -23
      vertex 40.5337 200.793 -26.5
      vertex 40.5337 200.793 -23
    endloop
  endfacet
  facet normal 0.804851 -0.593476 0
    outer loop
      vertex 40.5337 200.793 -26.5
      vertex 40.4607 200.694 -23
      vertex 40.4607 200.694 -26.5
    endloop
  endfacet
  facet normal -0.857133 -0.515096 0
    outer loop
      vertex 42.6024 200.589 -26.5
      vertex 42.5393 200.694 -23
      vertex 42.5393 200.694 -26.5
    endloop
  endfacet
  facet normal -0.857133 -0.515096 0
    outer loop
      vertex 42.5393 200.694 -23
      vertex 42.6024 200.589 -26.5
      vertex 42.6024 200.589 -23
    endloop
  endfacet
  facet normal 0.998812 0.0487226 0
    outer loop
      vertex 40.256 199.877 -23
      vertex 40.25 200 -26.5
      vertex 40.25 200 -23
    endloop
  endfacet
  facet normal 0.998812 0.0487226 0
    outer loop
      vertex 40.25 200 -26.5
      vertex 40.256 199.877 -23
      vertex 40.256 199.877 -26.5
    endloop
  endfacet
  facet normal 0.903986 0.427561 0
    outer loop
      vertex 40.3976 199.411 -23
      vertex 40.3451 199.522 -26.5
      vertex 40.3451 199.522 -23
    endloop
  endfacet
  facet normal 0.903986 0.427561 0
    outer loop
      vertex 40.3451 199.522 -26.5
      vertex 40.3976 199.411 -23
      vertex 40.3976 199.411 -26.5
    endloop
  endfacet
  facet normal -0.669822 0.742522 0
    outer loop
      vertex 42.3839 199.116 -26.5
      vertex 42.293 199.034 -23
      vertex 42.3839 199.116 -23
    endloop
  endfacet
  facet normal -0.669822 0.742522 0
    outer loop
      vertex 42.293 199.034 -23
      vertex 42.3839 199.116 -26.5
      vertex 42.293 199.034 -26.5
    endloop
  endfacet
  facet normal 0.595423 -0.803413 0
    outer loop
      vertex 40.707 200.966 -26.5
      vertex 40.8055 201.039 -23
      vertex 40.707 200.966 -23
    endloop
  endfacet
  facet normal 0.595423 -0.803413 0
    outer loop
      vertex 40.8055 201.039 -23
      vertex 40.707 200.966 -26.5
      vertex 40.8055 201.039 -26.5
    endloop
  endfacet
  facet normal -0.513417 0.858139 0
    outer loop
      vertex 42.1945 198.961 -26.5
      vertex 42.0892 198.898 -23
      vertex 42.1945 198.961 -23
    endloop
  endfacet
  facet normal -0.513417 0.858139 0
    outer loop
      vertex 42.0892 198.898 -23
      vertex 42.1945 198.961 -26.5
      vertex 42.0892 198.898 -26.5
    endloop
  endfacet
  facet normal 0.513417 -0.858139 0
    outer loop
      vertex 40.8055 201.039 -26.5
      vertex 40.9108 201.102 -23
      vertex 40.8055 201.039 -23
    endloop
  endfacet
  facet normal 0.513417 -0.858139 0
    outer loop
      vertex 40.9108 201.102 -23
      vertex 40.8055 201.039 -26.5
      vertex 40.9108 201.102 -26.5
    endloop
  endfacet
  facet normal 0.146667 0.989186 -0
    outer loop
      vertex 41.3775 198.756 -26.5
      vertex 41.2561 198.774 -23
      vertex 41.3775 198.756 -23
    endloop
  endfacet
  facet normal 0.146667 0.989186 0
    outer loop
      vertex 41.2561 198.774 -23
      vertex 41.3775 198.756 -26.5
      vertex 41.2561 198.774 -26.5
    endloop
  endfacet
  facet normal 0.941148 -0.337995 0
    outer loop
      vertex 40.3038 200.363 -23
      vertex 40.3451 200.478 -26.5
      vertex 40.3451 200.478 -23
    endloop
  endfacet
  facet normal 0.941148 -0.337995 0
    outer loop
      vertex 40.3451 200.478 -26.5
      vertex 40.3038 200.363 -23
      vertex 40.3038 200.363 -26.5
    endloop
  endfacet
  facet normal 0.857133 0.515096 0
    outer loop
      vertex 40.4607 199.306 -23
      vertex 40.3976 199.411 -26.5
      vertex 40.3976 199.411 -23
    endloop
  endfacet
  facet normal 0.857133 0.515096 0
    outer loop
      vertex 40.3976 199.411 -26.5
      vertex 40.4607 199.306 -23
      vertex 40.4607 199.306 -26.5
    endloop
  endfacet
  facet normal -0.998812 0.0487226 0
    outer loop
      vertex 42.744 199.877 -26.5
      vertex 42.75 200 -23
      vertex 42.75 200 -26.5
    endloop
  endfacet
  facet normal -0.998812 0.0487226 0
    outer loop
      vertex 42.75 200 -23
      vertex 42.744 199.877 -26.5
      vertex 42.744 199.877 -23
    endloop
  endfacet
  facet normal 0.941148 0.337995 0
    outer loop
      vertex 40.3451 199.522 -23
      vertex 40.3038 199.637 -26.5
      vertex 40.3038 199.637 -23
    endloop
  endfacet
  facet normal 0.941148 0.337995 0
    outer loop
      vertex 40.3038 199.637 -26.5
      vertex 40.3451 199.522 -23
      vertex 40.3451 199.522 -26.5
    endloop
  endfacet
  facet normal -0.146667 -0.989186 0
    outer loop
      vertex 41.6225 201.244 -26.5
      vertex 41.7439 201.226 -23
      vertex 41.6225 201.244 -23
    endloop
  endfacet
  facet normal -0.146667 -0.989186 -0
    outer loop
      vertex 41.7439 201.226 -23
      vertex 41.6225 201.244 -26.5
      vertex 41.7439 201.226 -26.5
    endloop
  endfacet
  facet normal 0.741266 -0.671212 0
    outer loop
      vertex 40.5337 200.793 -23
      vertex 40.6161 200.884 -26.5
      vertex 40.6161 200.884 -23
    endloop
  endfacet
  facet normal 0.741266 -0.671212 0
    outer loop
      vertex 40.6161 200.884 -26.5
      vertex 40.5337 200.793 -23
      vertex 40.5337 200.793 -26.5
    endloop
  endfacet
  facet normal 0.0489209 -0.998803 0
    outer loop
      vertex 41.3775 201.244 -26.5
      vertex 41.5 201.25 -23
      vertex 41.3775 201.244 -23
    endloop
  endfacet
  facet normal 0.0489209 -0.998803 0
    outer loop
      vertex 41.5 201.25 -23
      vertex 41.3775 201.244 -26.5
      vertex 41.5 201.25 -26.5
    endloop
  endfacet
  facet normal 0.903986 -0.427561 0
    outer loop
      vertex 40.3451 200.478 -23
      vertex 40.3976 200.589 -26.5
      vertex 40.3976 200.589 -23
    endloop
  endfacet
  facet normal 0.903986 -0.427561 0
    outer loop
      vertex 40.3976 200.589 -26.5
      vertex 40.3451 200.478 -23
      vertex 40.3451 200.478 -26.5
    endloop
  endfacet
  facet normal -0.146667 0.989186 0
    outer loop
      vertex 41.7439 198.774 -26.5
      vertex 41.6225 198.756 -23
      vertex 41.7439 198.774 -23
    endloop
  endfacet
  facet normal -0.146667 0.989186 0
    outer loop
      vertex 41.6225 198.756 -23
      vertex 41.7439 198.774 -26.5
      vertex 41.6225 198.756 -26.5
    endloop
  endfacet
  facet normal 0.669822 0.742522 -0
    outer loop
      vertex 40.707 199.034 -26.5
      vertex 40.6161 199.116 -23
      vertex 40.707 199.034 -23
    endloop
  endfacet
  facet normal 0.669822 0.742522 0
    outer loop
      vertex 40.6161 199.116 -23
      vertex 40.707 199.034 -26.5
      vertex 40.6161 199.116 -26.5
    endloop
  endfacet
  facet normal 0.857133 -0.515096 0
    outer loop
      vertex 40.3976 200.589 -23
      vertex 40.4607 200.694 -26.5
      vertex 40.4607 200.694 -23
    endloop
  endfacet
  facet normal 0.857133 -0.515096 0
    outer loop
      vertex 40.4607 200.694 -26.5
      vertex 40.3976 200.589 -23
      vertex 40.3976 200.589 -26.5
    endloop
  endfacet
  facet normal -0.0489209 0.998803 0
    outer loop
      vertex 41.6225 198.756 -26.5
      vertex 41.5 198.75 -23
      vertex 41.6225 198.756 -23
    endloop
  endfacet
  facet normal -0.0489209 0.998803 0
    outer loop
      vertex 41.5 198.75 -23
      vertex 41.6225 198.756 -26.5
      vertex 41.5 198.75 -26.5
    endloop
  endfacet
  facet normal -0.741266 -0.671212 0
    outer loop
      vertex 42.4663 200.793 -26.5
      vertex 42.3839 200.884 -23
      vertex 42.3839 200.884 -26.5
    endloop
  endfacet
  facet normal -0.741266 -0.671212 0
    outer loop
      vertex 42.3839 200.884 -23
      vertex 42.4663 200.793 -26.5
      vertex 42.4663 200.793 -23
    endloop
  endfacet
  facet normal -0.903986 -0.427561 0
    outer loop
      vertex 42.6549 200.478 -26.5
      vertex 42.6024 200.589 -23
      vertex 42.6024 200.589 -26.5
    endloop
  endfacet
  facet normal -0.903986 -0.427561 0
    outer loop
      vertex 42.6024 200.589 -23
      vertex 42.6549 200.478 -26.5
      vertex 42.6549 200.478 -23
    endloop
  endfacet
  facet normal -0.970047 -0.242919 0
    outer loop
      vertex 42.726 200.244 -26.5
      vertex 42.6962 200.363 -23
      vertex 42.6962 200.363 -26.5
    endloop
  endfacet
  facet normal -0.970047 -0.242919 0
    outer loop
      vertex 42.6962 200.363 -23
      vertex 42.726 200.244 -26.5
      vertex 42.726 200.244 -23
    endloop
  endfacet
  facet normal 0.244452 -0.969661 0
    outer loop
      vertex 41.1371 201.196 -26.5
      vertex 41.2561 201.226 -23
      vertex 41.1371 201.196 -23
    endloop
  endfacet
  facet normal 0.244452 -0.969661 0
    outer loop
      vertex 41.2561 201.226 -23
      vertex 41.1371 201.196 -26.5
      vertex 41.2561 201.226 -26.5
    endloop
  endfacet
  facet normal -0.970047 0.242919 0
    outer loop
      vertex 42.6962 199.637 -26.5
      vertex 42.726 199.756 -23
      vertex 42.726 199.756 -26.5
    endloop
  endfacet
  facet normal -0.970047 0.242919 0
    outer loop
      vertex 42.726 199.756 -23
      vertex 42.6962 199.637 -26.5
      vertex 42.6962 199.637 -23
    endloop
  endfacet
  facet normal -0.431513 0.902107 0
    outer loop
      vertex 42.0892 198.898 -26.5
      vertex 41.9784 198.845 -23
      vertex 42.0892 198.898 -23
    endloop
  endfacet
  facet normal -0.431513 0.902107 0
    outer loop
      vertex 41.9784 198.845 -23
      vertex 42.0892 198.898 -26.5
      vertex 41.9784 198.845 -26.5
    endloop
  endfacet
  facet normal -0.741266 0.671212 0
    outer loop
      vertex 42.3839 199.116 -26.5
      vertex 42.4663 199.207 -23
      vertex 42.4663 199.207 -26.5
    endloop
  endfacet
  facet normal -0.741266 0.671212 0
    outer loop
      vertex 42.4663 199.207 -23
      vertex 42.3839 199.116 -26.5
      vertex 42.3839 199.116 -23
    endloop
  endfacet
  facet normal 0.431513 0.902107 -0
    outer loop
      vertex 41.0216 198.845 -26.5
      vertex 40.9108 198.898 -23
      vertex 41.0216 198.845 -23
    endloop
  endfacet
  facet normal 0.431513 0.902107 0
    outer loop
      vertex 40.9108 198.898 -23
      vertex 41.0216 198.845 -26.5
      vertex 40.9108 198.898 -26.5
    endloop
  endfacet
  facet normal 0.0489209 0.998803 -0
    outer loop
      vertex 41.5 198.75 -26.5
      vertex 41.3775 198.756 -23
      vertex 41.5 198.75 -23
    endloop
  endfacet
  facet normal 0.0489209 0.998803 0
    outer loop
      vertex 41.3775 198.756 -23
      vertex 41.5 198.75 -26.5
      vertex 41.3775 198.756 -26.5
    endloop
  endfacet
  facet normal -0.989116 0.147141 0
    outer loop
      vertex 42.726 199.756 -26.5
      vertex 42.744 199.877 -23
      vertex 42.744 199.877 -26.5
    endloop
  endfacet
  facet normal -0.989116 0.147141 0
    outer loop
      vertex 42.744 199.877 -23
      vertex 42.726 199.756 -26.5
      vertex 42.726 199.756 -23
    endloop
  endfacet
  facet normal 0.595423 0.803413 -0
    outer loop
      vertex 40.8055 198.961 -26.5
      vertex 40.707 199.034 -23
      vertex 40.8055 198.961 -23
    endloop
  endfacet
  facet normal 0.595423 0.803413 0
    outer loop
      vertex 40.707 199.034 -23
      vertex 40.8055 198.961 -26.5
      vertex 40.707 199.034 -26.5
    endloop
  endfacet
  facet normal -0.804851 0.593476 0
    outer loop
      vertex 42.4663 199.207 -26.5
      vertex 42.5393 199.306 -23
      vertex 42.5393 199.306 -26.5
    endloop
  endfacet
  facet normal -0.804851 0.593476 0
    outer loop
      vertex 42.5393 199.306 -23
      vertex 42.4663 199.207 -26.5
      vertex 42.4663 199.207 -23
    endloop
  endfacet
  facet normal -0.998812 -0.0487226 0
    outer loop
      vertex 42.75 200 -26.5
      vertex 42.744 200.123 -23
      vertex 42.744 200.123 -26.5
    endloop
  endfacet
  facet normal -0.998812 -0.0487226 0
    outer loop
      vertex 42.744 200.123 -23
      vertex 42.75 200 -26.5
      vertex 42.75 200 -23
    endloop
  endfacet
  facet normal 0.741266 0.671212 0
    outer loop
      vertex 40.6161 199.116 -23
      vertex 40.5337 199.207 -26.5
      vertex 40.5337 199.207 -23
    endloop
  endfacet
  facet normal 0.741266 0.671212 0
    outer loop
      vertex 40.5337 199.207 -26.5
      vertex 40.6161 199.116 -23
      vertex 40.6161 199.116 -26.5
    endloop
  endfacet
  facet normal -1 0 0
    outer loop
      vertex 104 219.2 -25
      vertex 104 228 -27
      vertex 104 219.2 -27
    endloop
  endfacet
  facet normal -1 0 0
    outer loop
      vertex 104 228 -27
      vertex 104 219.2 -25
      vertex 104 228 -23
    endloop
  endfacet
  facet normal -1 0 0
    outer loop
      vertex 104 219 -23
      vertex 104 219.2 -25
      vertex 104 219 -25
    endloop
  endfacet
  facet normal -1 0 0
    outer loop
      vertex 104 219.2 -25
      vertex 104 219 -23
      vertex 104 228 -23
    endloop
  endfacet
  facet normal 1 0 0
    outer loop
      vertex 118 228 -23
      vertex 118 219.2 -25
      vertex 118 228 -27
    endloop
  endfacet
  facet normal 1 -0 0
    outer loop
      vertex 118 219 -23
      vertex 118 219.2 -25
      vertex 118 228 -23
    endloop
  endfacet
  facet normal 1 0 0
    outer loop
      vertex 118 219.2 -25
      vertex 118 219 -23
      vertex 118 219 -25
    endloop
  endfacet
  facet normal 1 0 0
    outer loop
      vertex 118 228 -27
      vertex 118 219.2 -25
      vertex 118 219.2 -27
    endloop
  endfacet
  facet normal 0 1 -0
    outer loop
      vertex 118 228 -27
      vertex 104 228 -23
      vertex 118 228 -23
    endloop
  endfacet
  facet normal 0 1 0
    outer loop
      vertex 104 228 -23
      vertex 118 228 -27
      vertex 104 228 -27
    endloop
  endfacet
  facet normal 0 0 -1
    outer loop
      vertex 106 219.2 -27
      vertex 104 219.2 -27
      vertex 106 225.5 -27
    endloop
  endfacet
  facet normal 0 0 -1
    outer loop
      vertex 116 225.5 -27
      vertex 118 219.2 -27
      vertex 116 219.2 -27
    endloop
  endfacet
  facet normal 0 0 -1
    outer loop
      vertex 118 219.2 -27
      vertex 116 225.5 -27
      vertex 118 228 -27
    endloop
  endfacet
  facet normal 0 0 -1
    outer loop
      vertex 106 225.5 -27
      vertex 118 228 -27
      vertex 116 225.5 -27
    endloop
  endfacet
  facet normal 0 0 -1
    outer loop
      vertex 106 225.5 -27
      vertex 104 228 -27
      vertex 118 228 -27
    endloop
  endfacet
  facet normal 0 0 -1
    outer loop
      vertex 104 228 -27
      vertex 106 225.5 -27
      vertex 104 219.2 -27
    endloop
  endfacet
  facet normal 0 -1 0
    outer loop
      vertex 116 219.2 -27
      vertex 118 219.2 -25
      vertex 116 219.2 -25
    endloop
  endfacet
  facet normal 0 -1 -0
    outer loop
      vertex 118 219.2 -25
      vertex 116 219.2 -27
      vertex 118 219.2 -27
    endloop
  endfacet
  facet normal 0 -1 0
    outer loop
      vertex 104 219.2 -27
      vertex 106 219.2 -25
      vertex 104 219.2 -25
    endloop
  endfacet
  facet normal 0 -1 -0
    outer loop
      vertex 106 219.2 -25
      vertex 104 219.2 -27
      vertex 106 219.2 -27
    endloop
  endfacet
  facet normal 1 0 0
    outer loop
      vertex 106 225.5 -23
      vertex 106 219.2 -25
      vertex 106 225.5 -27
    endloop
  endfacet
  facet normal 1 -0 0
    outer loop
      vertex 106 219 -23
      vertex 106 219.2 -25
      vertex 106 225.5 -23
    endloop
  endfacet
  facet normal 1 0 0
    outer loop
      vertex 106 219.2 -25
      vertex 106 219 -23
      vertex 106 219 -25
    endloop
  endfacet
  facet normal 1 0 0
    outer loop
      vertex 106 225.5 -27
      vertex 106 219.2 -25
      vertex 106 219.2 -27
    endloop
  endfacet
  facet normal -1 0 0
    outer loop
      vertex 116 219.2 -25
      vertex 116 225.5 -27
      vertex 116 219.2 -27
    endloop
  endfacet
  facet normal -1 0 0
    outer loop
      vertex 116 225.5 -27
      vertex 116 219.2 -25
      vertex 116 225.5 -23
    endloop
  endfacet
  facet normal -1 0 0
    outer loop
      vertex 116 219 -23
      vertex 116 219.2 -25
      vertex 116 219 -25
    endloop
  endfacet
  facet normal -1 0 0
    outer loop
      vertex 116 219.2 -25
      vertex 116 219 -23
      vertex 116 225.5 -23
    endloop
  endfacet
  facet normal 0 -1 0
    outer loop
      vertex 106 225.5 -27
      vertex 116 225.5 -23
      vertex 106 225.5 -23
    endloop
  endfacet
  facet normal 0 -1 -0
    outer loop
      vertex 116 225.5 -23
      vertex 106 225.5 -27
      vertex 116 225.5 -27
    endloop
  endfacet
  facet normal -0.941847 0.336042 0
    outer loop
      vertex 85.1168 184.33 -27
      vertex 85.1746 184.492 -23
      vertex 85.1746 184.492 -27
    endloop
  endfacet
  facet normal -0.941847 0.336042 0
    outer loop
      vertex 85.1746 184.492 -23
      vertex 85.1168 184.33 -27
      vertex 85.1168 184.33 -23
    endloop
  endfacet
  facet normal 0.857236 -0.514924 0
    outer loop
      vertex 81.9566 185.825 -23
      vertex 82.0449 185.972 -27
      vertex 82.0449 185.972 -23
    endloop
  endfacet
  facet normal 0.857236 -0.514924 0
    outer loop
      vertex 82.0449 185.972 -27
      vertex 81.9566 185.825 -23
      vertex 81.9566 185.825 -27
    endloop
  endfacet
  facet normal 0.594391 -0.804176 0
    outer loop
      vertex 82.3898 186.353 -27
      vertex 82.5278 186.455 -23
      vertex 82.3898 186.353 -23
    endloop
  endfacet
  facet normal 0.594391 -0.804176 0
    outer loop
      vertex 82.5278 186.455 -23
      vertex 82.3898 186.353 -27
      vertex 82.5278 186.455 -27
    endloop
  endfacet
  facet normal -0.0465966 -0.998914 0
    outer loop
      vertex 83.5 186.75 -27
      vertex 83.6715 186.742 -23
      vertex 83.5 186.75 -23
    endloop
  endfacet
  facet normal -0.0465966 -0.998914 -0
    outer loop
      vertex 83.6715 186.742 -23
      vertex 83.5 186.75 -27
      vertex 83.6715 186.742 -27
    endloop
  endfacet
  facet normal 0.941847 0.336042 0
    outer loop
      vertex 81.8832 184.33 -23
      vertex 81.8254 184.492 -27
      vertex 81.8254 184.492 -23
    endloop
  endfacet
  facet normal 0.941847 0.336042 0
    outer loop
      vertex 81.8254 184.492 -27
      vertex 81.8832 184.33 -23
      vertex 81.8832 184.33 -27
    endloop
  endfacet
  facet normal -0.970074 0.242809 0
    outer loop
      vertex 85.1746 184.492 -27
      vertex 85.2164 184.659 -23
      vertex 85.2164 184.659 -27
    endloop
  endfacet
  facet normal -0.970074 0.242809 0
    outer loop
      vertex 85.2164 184.659 -23
      vertex 85.1746 184.492 -27
      vertex 85.1746 184.492 -23
    endloop
  endfacet
  facet normal 0.989065 -0.147482 0
    outer loop
      vertex 81.7584 185.172 -23
      vertex 81.7836 185.341 -27
      vertex 81.7836 185.341 -23
    endloop
  endfacet
  facet normal 0.989065 -0.147482 0
    outer loop
      vertex 81.7836 185.341 -27
      vertex 81.7584 185.172 -23
      vertex 81.7584 185.172 -27
    endloop
  endfacet
  facet normal -0.15127 -0.988492 0
    outer loop
      vertex 83.6715 186.742 -27
      vertex 83.8414 186.716 -23
      vertex 83.6715 186.742 -23
    endloop
  endfacet
  facet normal -0.15127 -0.988492 -0
    outer loop
      vertex 83.8414 186.716 -23
      vertex 83.6715 186.742 -27
      vertex 83.8414 186.716 -27
    endloop
  endfacet
  facet normal 0.803341 -0.59552 0
    outer loop
      vertex 82.0449 185.972 -23
      vertex 82.1472 186.11 -27
      vertex 82.1472 186.11 -23
    endloop
  endfacet
  facet normal 0.803341 -0.59552 0
    outer loop
      vertex 82.1472 186.11 -27
      vertex 82.0449 185.972 -23
      vertex 82.0449 185.972 -27
    endloop
  endfacet
  facet normal 0.941847 -0.336042 0
    outer loop
      vertex 81.8254 185.508 -23
      vertex 81.8832 185.67 -27
      vertex 81.8832 185.67 -23
    endloop
  endfacet
  facet normal 0.941847 -0.336042 0
    outer loop
      vertex 81.8832 185.67 -27
      vertex 81.8254 185.508 -23
      vertex 81.8254 185.508 -27
    endloop
  endfacet
  facet normal 0.970074 0.242809 0
    outer loop
      vertex 81.8254 184.492 -23
      vertex 81.7836 184.659 -27
      vertex 81.7836 184.659 -23
    endloop
  endfacet
  facet normal 0.970074 0.242809 0
    outer loop
      vertex 81.7836 184.659 -27
      vertex 81.8254 184.492 -23
      vertex 81.8254 184.492 -27
    endloop
  endfacet
  facet normal 0.337627 -0.94128 0
    outer loop
      vertex 82.8303 186.617 -27
      vertex 82.992 186.675 -23
      vertex 82.8303 186.617 -23
    endloop
  endfacet
  facet normal 0.337627 -0.94128 0
    outer loop
      vertex 82.992 186.675 -23
      vertex 82.8303 186.617 -27
      vertex 82.992 186.675 -27
    endloop
  endfacet
  facet normal 0.99881 -0.0487791 0
    outer loop
      vertex 81.75 185 -23
      vertex 81.7584 185.172 -27
      vertex 81.7584 185.172 -23
    endloop
  endfacet
  facet normal 0.99881 -0.0487791 0
    outer loop
      vertex 81.7584 185.172 -27
      vertex 81.75 185 -23
      vertex 81.75 185 -27
    endloop
  endfacet
  facet normal 0.594391 0.804176 -0
    outer loop
      vertex 82.5278 183.545 -27
      vertex 82.3898 183.647 -23
      vertex 82.5278 183.545 -23
    endloop
  endfacet
  facet normal 0.594391 0.804176 0
    outer loop
      vertex 82.3898 183.647 -23
      vertex 82.5278 183.545 -27
      vertex 82.3898 183.647 -27
    endloop
  endfacet
  facet normal -0.803341 -0.59552 0
    outer loop
      vertex 84.9551 185.972 -27
      vertex 84.8528 186.11 -23
      vertex 84.8528 186.11 -27
    endloop
  endfacet
  facet normal -0.803341 -0.59552 0
    outer loop
      vertex 84.8528 186.11 -23
      vertex 84.9551 185.972 -27
      vertex 84.9551 185.972 -23
    endloop
  endfacet
  facet normal 0.673828 -0.738888 0
    outer loop
      vertex 82.2626 186.237 -27
      vertex 82.3898 186.353 -23
      vertex 82.2626 186.237 -23
    endloop
  endfacet
  facet normal 0.673828 -0.738888 0
    outer loop
      vertex 82.3898 186.353 -23
      vertex 82.2626 186.237 -27
      vertex 82.3898 186.353 -27
    endloop
  endfacet
  facet normal 0.99881 0.0487791 0
    outer loop
      vertex 81.7584 184.828 -23
      vertex 81.75 185 -27
      vertex 81.75 185 -23
    endloop
  endfacet
  facet normal 0.99881 0.0487791 0
    outer loop
      vertex 81.75 185 -27
      vertex 81.7584 184.828 -23
      vertex 81.7584 184.828 -27
    endloop
  endfacet
  facet normal 0.0465966 -0.998914 0
    outer loop
      vertex 83.3285 186.742 -27
      vertex 83.5 186.75 -23
      vertex 83.3285 186.742 -23
    endloop
  endfacet
  facet normal 0.0465966 -0.998914 0
    outer loop
      vertex 83.5 186.75 -23
      vertex 83.3285 186.742 -27
      vertex 83.5 186.75 -27
    endloop
  endfacet
  facet normal -0.238968 -0.971027 0
    outer loop
      vertex 83.8414 186.716 -27
      vertex 84.008 186.675 -23
      vertex 83.8414 186.716 -23
    endloop
  endfacet
  facet normal -0.238968 -0.971027 -0
    outer loop
      vertex 84.008 186.675 -23
      vertex 83.8414 186.716 -27
      vertex 84.008 186.675 -27
    endloop
  endfacet
  facet normal 0.970074 -0.242809 0
    outer loop
      vertex 81.7836 185.341 -23
      vertex 81.8254 185.508 -27
      vertex 81.8254 185.508 -23
    endloop
  endfacet
  facet normal 0.970074 -0.242809 0
    outer loop
      vertex 81.8254 185.508 -27
      vertex 81.7836 185.341 -23
      vertex 81.7836 185.341 -27
    endloop
  endfacet
  facet normal -0.803341 0.59552 0
    outer loop
      vertex 84.8528 183.89 -27
      vertex 84.9551 184.028 -23
      vertex 84.9551 184.028 -27
    endloop
  endfacet
  facet normal -0.803341 0.59552 0
    outer loop
      vertex 84.9551 184.028 -23
      vertex 84.8528 183.89 -27
      vertex 84.8528 183.89 -23
    endloop
  endfacet
  facet normal 0.238968 0.971027 -0
    outer loop
      vertex 83.1586 183.284 -27
      vertex 82.992 183.325 -23
      vertex 83.1586 183.284 -23
    endloop
  endfacet
  facet normal 0.238968 0.971027 0
    outer loop
      vertex 82.992 183.325 -23
      vertex 83.1586 183.284 -27
      vertex 82.992 183.325 -27
    endloop
  endfacet
  facet normal -0.238968 0.971027 0
    outer loop
      vertex 84.008 183.325 -27
      vertex 83.8414 183.284 -23
      vertex 84.008 183.325 -23
    endloop
  endfacet
  facet normal -0.238968 0.971027 0
    outer loop
      vertex 83.8414 183.284 -23
      vertex 84.008 183.325 -27
      vertex 83.8414 183.284 -27
    endloop
  endfacet
  facet normal -0.673828 -0.738888 0
    outer loop
      vertex 84.6102 186.353 -27
      vertex 84.7374 186.237 -23
      vertex 84.6102 186.353 -23
    endloop
  endfacet
  facet normal -0.673828 -0.738888 -0
    outer loop
      vertex 84.7374 186.237 -23
      vertex 84.6102 186.353 -27
      vertex 84.7374 186.237 -27
    endloop
  endfacet
  facet normal -0.15127 0.988492 0
    outer loop
      vertex 83.8414 183.284 -27
      vertex 83.6715 183.258 -23
      vertex 83.8414 183.284 -23
    endloop
  endfacet
  facet normal -0.15127 0.988492 0
    outer loop
      vertex 83.6715 183.258 -23
      vertex 83.8414 183.284 -27
      vertex 83.6715 183.258 -27
    endloop
  endfacet
  facet normal -0.430385 -0.902645 0
    outer loop
      vertex 84.1697 186.617 -27
      vertex 84.3249 186.543 -23
      vertex 84.1697 186.617 -23
    endloop
  endfacet
  facet normal -0.430385 -0.902645 -0
    outer loop
      vertex 84.3249 186.543 -23
      vertex 84.1697 186.617 -27
      vertex 84.3249 186.543 -27
    endloop
  endfacet
  facet normal 0.903785 0.427986 0
    outer loop
      vertex 81.9566 184.175 -23
      vertex 81.8832 184.33 -27
      vertex 81.8832 184.33 -23
    endloop
  endfacet
  facet normal 0.903785 0.427986 0
    outer loop
      vertex 81.8832 184.33 -27
      vertex 81.9566 184.175 -23
      vertex 81.9566 184.175 -27
    endloop
  endfacet
  facet normal -0.594391 0.804176 0
    outer loop
      vertex 84.6102 183.647 -27
      vertex 84.4722 183.545 -23
      vertex 84.6102 183.647 -23
    endloop
  endfacet
  facet normal -0.594391 0.804176 0
    outer loop
      vertex 84.4722 183.545 -23
      vertex 84.6102 183.647 -27
      vertex 84.4722 183.545 -27
    endloop
  endfacet
  facet normal 0.740098 -0.672499 0
    outer loop
      vertex 82.1472 186.11 -23
      vertex 82.2626 186.237 -27
      vertex 82.2626 186.237 -23
    endloop
  endfacet
  facet normal 0.740098 -0.672499 0
    outer loop
      vertex 82.2626 186.237 -27
      vertex 82.1472 186.11 -23
      vertex 82.1472 186.11 -27
    endloop
  endfacet
  facet normal -0.989065 -0.147482 0
    outer loop
      vertex 85.2416 185.172 -27
      vertex 85.2164 185.341 -23
      vertex 85.2164 185.341 -27
    endloop
  endfacet
  facet normal -0.989065 -0.147482 0
    outer loop
      vertex 85.2164 185.341 -23
      vertex 85.2416 185.172 -27
      vertex 85.2416 185.172 -23
    endloop
  endfacet
  facet normal 0.803341 0.59552 0
    outer loop
      vertex 82.1472 183.89 -23
      vertex 82.0449 184.028 -27
      vertex 82.0449 184.028 -23
    endloop
  endfacet
  facet normal 0.803341 0.59552 0
    outer loop
      vertex 82.0449 184.028 -27
      vertex 82.1472 183.89 -23
      vertex 82.1472 183.89 -27
    endloop
  endfacet
  facet normal -0.903785 -0.427986 0
    outer loop
      vertex 85.1168 185.67 -27
      vertex 85.0434 185.825 -23
      vertex 85.0434 185.825 -27
    endloop
  endfacet
  facet normal -0.903785 -0.427986 0
    outer loop
      vertex 85.0434 185.825 -23
      vertex 85.1168 185.67 -27
      vertex 85.1168 185.67 -23
    endloop
  endfacet
  facet normal -0.512866 -0.858468 0
    outer loop
      vertex 84.3249 186.543 -27
      vertex 84.4722 186.455 -23
      vertex 84.3249 186.543 -23
    endloop
  endfacet
  facet normal -0.512866 -0.858468 -0
    outer loop
      vertex 84.4722 186.455 -23
      vertex 84.3249 186.543 -27
      vertex 84.4722 186.455 -27
    endloop
  endfacet
  facet normal -0.99881 -0.0487791 0
    outer loop
      vertex 85.25 185 -27
      vertex 85.2416 185.172 -23
      vertex 85.2416 185.172 -27
    endloop
  endfacet
  facet normal -0.99881 -0.0487791 0
    outer loop
      vertex 85.2416 185.172 -23
      vertex 85.25 185 -27
      vertex 85.25 185 -23
    endloop
  endfacet
  facet normal -0.337627 -0.94128 0
    outer loop
      vertex 84.008 186.675 -27
      vertex 84.1697 186.617 -23
      vertex 84.008 186.675 -23
    endloop
  endfacet
  facet normal -0.337627 -0.94128 -0
    outer loop
      vertex 84.1697 186.617 -23
      vertex 84.008 186.675 -27
      vertex 84.1697 186.617 -27
    endloop
  endfacet
  facet normal 0.430385 -0.902645 0
    outer loop
      vertex 82.6751 186.543 -27
      vertex 82.8303 186.617 -23
      vertex 82.6751 186.543 -23
    endloop
  endfacet
  facet normal 0.430385 -0.902645 0
    outer loop
      vertex 82.8303 186.617 -23
      vertex 82.6751 186.543 -27
      vertex 82.8303 186.617 -27
    endloop
  endfacet
  facet normal 0.903785 -0.427986 0
    outer loop
      vertex 81.8832 185.67 -23
      vertex 81.9566 185.825 -27
      vertex 81.9566 185.825 -23
    endloop
  endfacet
  facet normal 0.903785 -0.427986 0
    outer loop
      vertex 81.9566 185.825 -27
      vertex 81.8832 185.67 -23
      vertex 81.8832 185.67 -27
    endloop
  endfacet
  facet normal -0.941847 -0.336042 0
    outer loop
      vertex 85.1746 185.508 -27
      vertex 85.1168 185.67 -23
      vertex 85.1168 185.67 -27
    endloop
  endfacet
  facet normal -0.941847 -0.336042 0
    outer loop
      vertex 85.1168 185.67 -23
      vertex 85.1746 185.508 -27
      vertex 85.1746 185.508 -23
    endloop
  endfacet
  facet normal -0.903785 0.427986 0
    outer loop
      vertex 85.0434 184.175 -27
      vertex 85.1168 184.33 -23
      vertex 85.1168 184.33 -27
    endloop
  endfacet
  facet normal -0.903785 0.427986 0
    outer loop
      vertex 85.1168 184.33 -23
      vertex 85.0434 184.175 -27
      vertex 85.0434 184.175 -23
    endloop
  endfacet
  facet normal 0.15127 0.988492 -0
    outer loop
      vertex 83.3285 183.258 -27
      vertex 83.1586 183.284 -23
      vertex 83.3285 183.258 -23
    endloop
  endfacet
  facet normal 0.15127 0.988492 0
    outer loop
      vertex 83.1586 183.284 -23
      vertex 83.3285 183.258 -27
      vertex 83.1586 183.284 -27
    endloop
  endfacet
  facet normal 0.673828 0.738888 -0
    outer loop
      vertex 82.3898 183.647 -27
      vertex 82.2626 183.763 -23
      vertex 82.3898 183.647 -23
    endloop
  endfacet
  facet normal 0.673828 0.738888 0
    outer loop
      vertex 82.2626 183.763 -23
      vertex 82.3898 183.647 -27
      vertex 82.2626 183.763 -27
    endloop
  endfacet
  facet normal 0.512866 -0.858468 0
    outer loop
      vertex 82.5278 186.455 -27
      vertex 82.6751 186.543 -23
      vertex 82.5278 186.455 -23
    endloop
  endfacet
  facet normal 0.512866 -0.858468 0
    outer loop
      vertex 82.6751 186.543 -23
      vertex 82.5278 186.455 -27
      vertex 82.6751 186.543 -27
    endloop
  endfacet
  facet normal -0.740098 -0.672499 0
    outer loop
      vertex 84.8528 186.11 -27
      vertex 84.7374 186.237 -23
      vertex 84.7374 186.237 -27
    endloop
  endfacet
  facet normal -0.740098 -0.672499 0
    outer loop
      vertex 84.7374 186.237 -23
      vertex 84.8528 186.11 -27
      vertex 84.8528 186.11 -23
    endloop
  endfacet
  facet normal -0.99881 0.0487791 0
    outer loop
      vertex 85.2416 184.828 -27
      vertex 85.25 185 -23
      vertex 85.25 185 -27
    endloop
  endfacet
  facet normal -0.99881 0.0487791 0
    outer loop
      vertex 85.25 185 -23
      vertex 85.2416 184.828 -27
      vertex 85.2416 184.828 -23
    endloop
  endfacet
  facet normal -0.0465966 0.998914 0
    outer loop
      vertex 83.6715 183.258 -27
      vertex 83.5 183.25 -23
      vertex 83.6715 183.258 -23
    endloop
  endfacet
  facet normal -0.0465966 0.998914 0
    outer loop
      vertex 83.5 183.25 -23
      vertex 83.6715 183.258 -27
      vertex 83.5 183.25 -27
    endloop
  endfacet
  facet normal 0.989065 0.147482 0
    outer loop
      vertex 81.7836 184.659 -23
      vertex 81.7584 184.828 -27
      vertex 81.7584 184.828 -23
    endloop
  endfacet
  facet normal 0.989065 0.147482 0
    outer loop
      vertex 81.7584 184.828 -27
      vertex 81.7836 184.659 -23
      vertex 81.7836 184.659 -27
    endloop
  endfacet
  facet normal 0.0465966 0.998914 -0
    outer loop
      vertex 83.5 183.25 -27
      vertex 83.3285 183.258 -23
      vertex 83.5 183.25 -23
    endloop
  endfacet
  facet normal 0.0465966 0.998914 0
    outer loop
      vertex 83.3285 183.258 -23
      vertex 83.5 183.25 -27
      vertex 83.3285 183.258 -27
    endloop
  endfacet
  facet normal -0.594391 -0.804176 0
    outer loop
      vertex 84.4722 186.455 -27
      vertex 84.6102 186.353 -23
      vertex 84.4722 186.455 -23
    endloop
  endfacet
  facet normal -0.594391 -0.804176 -0
    outer loop
      vertex 84.6102 186.353 -23
      vertex 84.4722 186.455 -27
      vertex 84.6102 186.353 -27
    endloop
  endfacet
  facet normal -0.740098 0.672499 0
    outer loop
      vertex 84.7374 183.763 -27
      vertex 84.8528 183.89 -23
      vertex 84.8528 183.89 -27
    endloop
  endfacet
  facet normal -0.740098 0.672499 0
    outer loop
      vertex 84.8528 183.89 -23
      vertex 84.7374 183.763 -27
      vertex 84.7374 183.763 -23
    endloop
  endfacet
  facet normal -0.673828 0.738888 0
    outer loop
      vertex 84.7374 183.763 -27
      vertex 84.6102 183.647 -23
      vertex 84.7374 183.763 -23
    endloop
  endfacet
  facet normal -0.673828 0.738888 0
    outer loop
      vertex 84.6102 183.647 -23
      vertex 84.7374 183.763 -27
      vertex 84.6102 183.647 -27
    endloop
  endfacet
  facet normal -0.512866 0.858468 0
    outer loop
      vertex 84.4722 183.545 -27
      vertex 84.3249 183.457 -23
      vertex 84.4722 183.545 -23
    endloop
  endfacet
  facet normal -0.512866 0.858468 0
    outer loop
      vertex 84.3249 183.457 -23
      vertex 84.4722 183.545 -27
      vertex 84.3249 183.457 -27
    endloop
  endfacet
  facet normal -0.989065 0.147482 0
    outer loop
      vertex 85.2164 184.659 -27
      vertex 85.2416 184.828 -23
      vertex 85.2416 184.828 -27
    endloop
  endfacet
  facet normal -0.989065 0.147482 0
    outer loop
      vertex 85.2416 184.828 -23
      vertex 85.2164 184.659 -27
      vertex 85.2164 184.659 -23
    endloop
  endfacet
  facet normal 0.512866 0.858468 -0
    outer loop
      vertex 82.6751 183.457 -27
      vertex 82.5278 183.545 -23
      vertex 82.6751 183.457 -23
    endloop
  endfacet
  facet normal 0.512866 0.858468 0
    outer loop
      vertex 82.5278 183.545 -23
      vertex 82.6751 183.457 -27
      vertex 82.5278 183.545 -27
    endloop
  endfacet
  facet normal -0.970074 -0.242809 0
    outer loop
      vertex 85.2164 185.341 -27
      vertex 85.1746 185.508 -23
      vertex 85.1746 185.508 -27
    endloop
  endfacet
  facet normal -0.970074 -0.242809 0
    outer loop
      vertex 85.1746 185.508 -23
      vertex 85.2164 185.341 -27
      vertex 85.2164 185.341 -23
    endloop
  endfacet
  facet normal 0.15127 -0.988492 0
    outer loop
      vertex 83.1586 186.716 -27
      vertex 83.3285 186.742 -23
      vertex 83.1586 186.716 -23
    endloop
  endfacet
  facet normal 0.15127 -0.988492 0
    outer loop
      vertex 83.3285 186.742 -23
      vertex 83.1586 186.716 -27
      vertex 83.3285 186.742 -27
    endloop
  endfacet
  facet normal 0.857236 0.514924 0
    outer loop
      vertex 82.0449 184.028 -23
      vertex 81.9566 184.175 -27
      vertex 81.9566 184.175 -23
    endloop
  endfacet
  facet normal 0.857236 0.514924 0
    outer loop
      vertex 81.9566 184.175 -27
      vertex 82.0449 184.028 -23
      vertex 82.0449 184.028 -27
    endloop
  endfacet
  facet normal 0.430385 0.902645 -0
    outer loop
      vertex 82.8303 183.383 -27
      vertex 82.6751 183.457 -23
      vertex 82.8303 183.383 -23
    endloop
  endfacet
  facet normal 0.430385 0.902645 0
    outer loop
      vertex 82.6751 183.457 -23
      vertex 82.8303 183.383 -27
      vertex 82.6751 183.457 -27
    endloop
  endfacet
  facet normal 0.337627 0.94128 -0
    outer loop
      vertex 82.992 183.325 -27
      vertex 82.8303 183.383 -23
      vertex 82.992 183.325 -23
    endloop
  endfacet
  facet normal 0.337627 0.94128 0
    outer loop
      vertex 82.8303 183.383 -23
      vertex 82.992 183.325 -27
      vertex 82.8303 183.383 -27
    endloop
  endfacet
  facet normal 0.238968 -0.971027 0
    outer loop
      vertex 82.992 186.675 -27
      vertex 83.1586 186.716 -23
      vertex 82.992 186.675 -23
    endloop
  endfacet
  facet normal 0.238968 -0.971027 0
    outer loop
      vertex 83.1586 186.716 -23
      vertex 82.992 186.675 -27
      vertex 83.1586 186.716 -27
    endloop
  endfacet
  facet normal -0.430385 0.902645 0
    outer loop
      vertex 84.3249 183.457 -27
      vertex 84.1697 183.383 -23
      vertex 84.3249 183.457 -23
    endloop
  endfacet
  facet normal -0.430385 0.902645 0
    outer loop
      vertex 84.1697 183.383 -23
      vertex 84.3249 183.457 -27
      vertex 84.1697 183.383 -27
    endloop
  endfacet
  facet normal -0.337627 0.94128 0
    outer loop
      vertex 84.1697 183.383 -27
      vertex 84.008 183.325 -23
      vertex 84.1697 183.383 -23
    endloop
  endfacet
  facet normal -0.337627 0.94128 0
    outer loop
      vertex 84.008 183.325 -23
      vertex 84.1697 183.383 -27
      vertex 84.008 183.325 -27
    endloop
  endfacet
  facet normal -0.857236 0.514924 0
    outer loop
      vertex 84.9551 184.028 -27
      vertex 85.0434 184.175 -23
      vertex 85.0434 184.175 -27
    endloop
  endfacet
  facet normal -0.857236 0.514924 0
    outer loop
      vertex 85.0434 184.175 -23
      vertex 84.9551 184.028 -27
      vertex 84.9551 184.028 -23
    endloop
  endfacet
  facet normal -0.857236 -0.514924 0
    outer loop
      vertex 85.0434 185.825 -27
      vertex 84.9551 185.972 -23
      vertex 84.9551 185.972 -27
    endloop
  endfacet
  facet normal -0.857236 -0.514924 0
    outer loop
      vertex 84.9551 185.972 -23
      vertex 85.0434 185.825 -27
      vertex 85.0434 185.825 -23
    endloop
  endfacet
  facet normal 0.740098 0.672499 0
    outer loop
      vertex 82.2626 183.763 -23
      vertex 82.1472 183.89 -27
      vertex 82.1472 183.89 -23
    endloop
  endfacet
  facet normal 0.740098 0.672499 0
    outer loop
      vertex 82.1472 183.89 -27
      vertex 82.2626 183.763 -23
      vertex 82.2626 183.763 -27
    endloop
  endfacet
  facet normal 0.988372 -0.152057 0
    outer loop
      vertex 111.758 185.172 -23
      vertex 111.784 185.341 -27
      vertex 111.784 185.341 -23
    endloop
  endfacet
  facet normal 0.988372 -0.152057 0
    outer loop
      vertex 111.784 185.341 -27
      vertex 111.758 185.172 -23
      vertex 111.758 185.172 -27
    endloop
  endfacet
  facet normal 0.99892 -0.0464614 0
    outer loop
      vertex 111.75 185 -23
      vertex 111.758 185.172 -27
      vertex 111.758 185.172 -23
    endloop
  endfacet
  facet normal 0.99892 -0.0464614 0
    outer loop
      vertex 111.758 185.172 -27
      vertex 111.75 185 -23
      vertex 111.75 185 -27
    endloop
  endfacet
  facet normal 0.97116 -0.238429 0
    outer loop
      vertex 111.784 185.341 -23
      vertex 111.825 185.508 -27
      vertex 111.825 185.508 -23
    endloop
  endfacet
  facet normal 0.97116 -0.238429 0
    outer loop
      vertex 111.825 185.508 -27
      vertex 111.784 185.341 -23
      vertex 111.784 185.341 -27
    endloop
  endfacet
  facet normal -0.674407 0.73836 0
    outer loop
      vertex 114.737 183.763 -27
      vertex 114.61 183.647 -23
      vertex 114.737 183.763 -23
    endloop
  endfacet
  facet normal -0.674407 0.73836 0
    outer loop
      vertex 114.61 183.647 -23
      vertex 114.737 183.763 -27
      vertex 114.61 183.647 -27
    endloop
  endfacet
  facet normal 0.941479 -0.337073 0
    outer loop
      vertex 111.825 185.508 -23
      vertex 111.883 185.67 -27
      vertex 111.883 185.67 -23
    endloop
  endfacet
  facet normal 0.941479 -0.337073 0
    outer loop
      vertex 111.883 185.67 -27
      vertex 111.825 185.508 -23
      vertex 111.825 185.508 -27
    endloop
  endfacet
  facet normal 0.337073 -0.941479 0
    outer loop
      vertex 112.83 186.617 -27
      vertex 112.992 186.675 -23
      vertex 112.83 186.617 -23
    endloop
  endfacet
  facet normal 0.337073 -0.941479 0
    outer loop
      vertex 112.992 186.675 -23
      vertex 112.83 186.617 -27
      vertex 112.992 186.675 -27
    endloop
  endfacet
  facet normal -0.0464614 0.99892 0
    outer loop
      vertex 113.672 183.258 -27
      vertex 113.5 183.25 -23
      vertex 113.672 183.258 -23
    endloop
  endfacet
  facet normal -0.0464614 0.99892 0
    outer loop
      vertex 113.5 183.25 -23
      vertex 113.672 183.258 -27
      vertex 113.5 183.25 -27
    endloop
  endfacet
  facet normal 0.941479 0.337073 0
    outer loop
      vertex 111.883 184.33 -23
      vertex 111.825 184.492 -27
      vertex 111.825 184.492 -23
    endloop
  endfacet
  facet normal 0.941479 0.337073 0
    outer loop
      vertex 111.825 184.492 -27
      vertex 111.883 184.33 -23
      vertex 111.883 184.33 -27
    endloop
  endfacet
  facet normal -0.430837 -0.90243 0
    outer loop
      vertex 114.17 186.617 -27
      vertex 114.325 186.543 -23
      vertex 114.17 186.617 -23
    endloop
  endfacet
  facet normal -0.430837 -0.90243 -0
    outer loop
      vertex 114.325 186.543 -23
      vertex 114.17 186.617 -27
      vertex 114.325 186.543 -27
    endloop
  endfacet
  facet normal 0.674407 -0.73836 0
    outer loop
      vertex 112.263 186.237 -27
      vertex 112.39 186.353 -23
      vertex 112.263 186.237 -23
    endloop
  endfacet
  facet normal 0.674407 -0.73836 0
    outer loop
      vertex 112.39 186.353 -23
      vertex 112.263 186.237 -27
      vertex 112.39 186.353 -27
    endloop
  endfacet
  facet normal 0.238429 0.97116 -0
    outer loop
      vertex 113.159 183.284 -27
      vertex 112.992 183.325 -23
      vertex 113.159 183.284 -23
    endloop
  endfacet
  facet normal 0.238429 0.97116 0
    outer loop
      vertex 112.992 183.325 -23
      vertex 113.159 183.284 -27
      vertex 112.992 183.325 -27
    endloop
  endfacet
  facet normal 0.152057 -0.988372 0
    outer loop
      vertex 113.159 186.716 -27
      vertex 113.328 186.742 -23
      vertex 113.159 186.716 -23
    endloop
  endfacet
  facet normal 0.152057 -0.988372 0
    outer loop
      vertex 113.328 186.742 -23
      vertex 113.159 186.716 -27
      vertex 113.328 186.742 -27
    endloop
  endfacet
  facet normal -0.97116 -0.238429 0
    outer loop
      vertex 115.216 185.341 -27
      vertex 115.175 185.508 -23
      vertex 115.175 185.508 -27
    endloop
  endfacet
  facet normal -0.97116 -0.238429 0
    outer loop
      vertex 115.175 185.508 -23
      vertex 115.216 185.341 -27
      vertex 115.216 185.341 -23
    endloop
  endfacet
  facet normal -0.90243 0.430837 0
    outer loop
      vertex 115.043 184.175 -27
      vertex 115.117 184.33 -23
      vertex 115.117 184.33 -27
    endloop
  endfacet
  facet normal -0.90243 0.430837 0
    outer loop
      vertex 115.117 184.33 -23
      vertex 115.043 184.175 -27
      vertex 115.043 184.175 -23
    endloop
  endfacet
  facet normal 0.804176 0.594391 0
    outer loop
      vertex 112.147 183.89 -23
      vertex 112.045 184.028 -27
      vertex 112.045 184.028 -23
    endloop
  endfacet
  facet normal 0.804176 0.594391 0
    outer loop
      vertex 112.045 184.028 -27
      vertex 112.147 183.89 -23
      vertex 112.147 183.89 -27
    endloop
  endfacet
  facet normal -0.804176 0.594391 0
    outer loop
      vertex 114.853 183.89 -27
      vertex 114.955 184.028 -23
      vertex 114.955 184.028 -27
    endloop
  endfacet
  facet normal -0.804176 0.594391 0
    outer loop
      vertex 114.955 184.028 -23
      vertex 114.853 183.89 -27
      vertex 114.853 183.89 -23
    endloop
  endfacet
  facet normal 0.988372 0.152057 0
    outer loop
      vertex 111.784 184.659 -23
      vertex 111.758 184.828 -27
      vertex 111.758 184.828 -23
    endloop
  endfacet
  facet normal 0.988372 0.152057 0
    outer loop
      vertex 111.758 184.828 -27
      vertex 111.784 184.659 -23
      vertex 111.784 184.659 -27
    endloop
  endfacet
  facet normal -0.152057 -0.988372 0
    outer loop
      vertex 113.672 186.742 -27
      vertex 113.841 186.716 -23
      vertex 113.672 186.742 -23
    endloop
  endfacet
  facet normal -0.152057 -0.988372 -0
    outer loop
      vertex 113.841 186.716 -23
      vertex 113.672 186.742 -27
      vertex 113.841 186.716 -27
    endloop
  endfacet
  facet normal 0.0464614 -0.99892 0
    outer loop
      vertex 113.328 186.742 -27
      vertex 113.5 186.75 -23
      vertex 113.328 186.742 -23
    endloop
  endfacet
  facet normal 0.0464614 -0.99892 0
    outer loop
      vertex 113.5 186.75 -23
      vertex 113.328 186.742 -27
      vertex 113.5 186.75 -27
    endloop
  endfacet
  facet normal -0.941479 0.337073 0
    outer loop
      vertex 115.117 184.33 -27
      vertex 115.175 184.492 -23
      vertex 115.175 184.492 -27
    endloop
  endfacet
  facet normal -0.941479 0.337073 0
    outer loop
      vertex 115.175 184.492 -23
      vertex 115.117 184.33 -27
      vertex 115.117 184.33 -23
    endloop
  endfacet
  facet normal 0.430837 -0.90243 0
    outer loop
      vertex 112.675 186.543 -27
      vertex 112.83 186.617 -23
      vertex 112.675 186.543 -23
    endloop
  endfacet
  facet normal 0.430837 -0.90243 0
    outer loop
      vertex 112.83 186.617 -23
      vertex 112.675 186.543 -27
      vertex 112.83 186.617 -27
    endloop
  endfacet
  facet normal -0.858008 0.513637 0
    outer loop
      vertex 114.955 184.028 -27
      vertex 115.043 184.175 -23
      vertex 115.043 184.175 -27
    endloop
  endfacet
  facet normal -0.858008 0.513637 0
    outer loop
      vertex 115.043 184.175 -23
      vertex 114.955 184.028 -27
      vertex 114.955 184.028 -23
    endloop
  endfacet
  facet normal -0.152057 0.988372 0
    outer loop
      vertex 113.841 183.284 -27
      vertex 113.672 183.258 -23
      vertex 113.841 183.284 -23
    endloop
  endfacet
  facet normal -0.152057 0.988372 0
    outer loop
      vertex 113.672 183.258 -23
      vertex 113.841 183.284 -27
      vertex 113.672 183.258 -27
    endloop
  endfacet
  facet normal 0.674407 0.73836 -0
    outer loop
      vertex 112.39 183.647 -27
      vertex 112.263 183.763 -23
      vertex 112.39 183.647 -23
    endloop
  endfacet
  facet normal 0.674407 0.73836 0
    outer loop
      vertex 112.263 183.763 -23
      vertex 112.39 183.647 -27
      vertex 112.263 183.763 -27
    endloop
  endfacet
  facet normal -0.337073 -0.941479 0
    outer loop
      vertex 114.008 186.675 -27
      vertex 114.17 186.617 -23
      vertex 114.008 186.675 -23
    endloop
  endfacet
  facet normal -0.337073 -0.941479 -0
    outer loop
      vertex 114.17 186.617 -23
      vertex 114.008 186.675 -27
      vertex 114.17 186.617 -27
    endloop
  endfacet
  facet normal 0.97116 0.238429 0
    outer loop
      vertex 111.825 184.492 -23
      vertex 111.784 184.659 -27
      vertex 111.784 184.659 -23
    endloop
  endfacet
  facet normal 0.97116 0.238429 0
    outer loop
      vertex 111.784 184.659 -27
      vertex 111.825 184.492 -23
      vertex 111.825 184.492 -27
    endloop
  endfacet
  facet normal -0.674407 -0.73836 0
    outer loop
      vertex 114.61 186.353 -27
      vertex 114.737 186.237 -23
      vertex 114.61 186.353 -23
    endloop
  endfacet
  facet normal -0.674407 -0.73836 -0
    outer loop
      vertex 114.737 186.237 -23
      vertex 114.61 186.353 -27
      vertex 114.737 186.237 -27
    endloop
  endfacet
  facet normal -0.594391 0.804176 0
    outer loop
      vertex 114.61 183.647 -27
      vertex 114.472 183.545 -23
      vertex 114.61 183.647 -23
    endloop
  endfacet
  facet normal -0.594391 0.804176 0
    outer loop
      vertex 114.472 183.545 -23
      vertex 114.61 183.647 -27
      vertex 114.472 183.545 -27
    endloop
  endfacet
  facet normal 0.804176 -0.594391 0
    outer loop
      vertex 112.045 185.972 -23
      vertex 112.147 186.11 -27
      vertex 112.147 186.11 -23
    endloop
  endfacet
  facet normal 0.804176 -0.594391 0
    outer loop
      vertex 112.147 186.11 -27
      vertex 112.045 185.972 -23
      vertex 112.045 185.972 -27
    endloop
  endfacet
  facet normal -0.97116 0.238429 0
    outer loop
      vertex 115.175 184.492 -27
      vertex 115.216 184.659 -23
      vertex 115.216 184.659 -27
    endloop
  endfacet
  facet normal -0.97116 0.238429 0
    outer loop
      vertex 115.216 184.659 -23
      vertex 115.175 184.492 -27
      vertex 115.175 184.492 -23
    endloop
  endfacet
  facet normal -0.858008 -0.513637 0
    outer loop
      vertex 115.043 185.825 -27
      vertex 114.955 185.972 -23
      vertex 114.955 185.972 -27
    endloop
  endfacet
  facet normal -0.858008 -0.513637 0
    outer loop
      vertex 114.955 185.972 -23
      vertex 115.043 185.825 -27
      vertex 115.043 185.825 -23
    endloop
  endfacet
  facet normal 0.99892 0.0464614 0
    outer loop
      vertex 111.758 184.828 -23
      vertex 111.75 185 -27
      vertex 111.75 185 -23
    endloop
  endfacet
  facet normal 0.99892 0.0464614 0
    outer loop
      vertex 111.75 185 -27
      vertex 111.758 184.828 -23
      vertex 111.758 184.828 -27
    endloop
  endfacet
  facet normal 0.337073 0.941479 -0
    outer loop
      vertex 112.992 183.325 -27
      vertex 112.83 183.383 -23
      vertex 112.992 183.325 -23
    endloop
  endfacet
  facet normal 0.337073 0.941479 0
    outer loop
      vertex 112.83 183.383 -23
      vertex 112.992 183.325 -27
      vertex 112.83 183.383 -27
    endloop
  endfacet
  facet normal -0.941479 -0.337073 0
    outer loop
      vertex 115.175 185.508 -27
      vertex 115.117 185.67 -23
      vertex 115.117 185.67 -27
    endloop
  endfacet
  facet normal -0.941479 -0.337073 0
    outer loop
      vertex 115.117 185.67 -23
      vertex 115.175 185.508 -27
      vertex 115.175 185.508 -23
    endloop
  endfacet
  facet normal 0.594391 -0.804176 0
    outer loop
      vertex 112.39 186.353 -27
      vertex 112.528 186.455 -23
      vertex 112.39 186.353 -23
    endloop
  endfacet
  facet normal 0.594391 -0.804176 0
    outer loop
      vertex 112.528 186.455 -23
      vertex 112.39 186.353 -27
      vertex 112.528 186.455 -27
    endloop
  endfacet
  facet normal 0.513637 -0.858008 0
    outer loop
      vertex 112.528 186.455 -27
      vertex 112.675 186.543 -23
      vertex 112.528 186.455 -23
    endloop
  endfacet
  facet normal 0.513637 -0.858008 0
    outer loop
      vertex 112.675 186.543 -23
      vertex 112.528 186.455 -27
      vertex 112.675 186.543 -27
    endloop
  endfacet
  facet normal 0.152057 0.988372 -0
    outer loop
      vertex 113.328 183.258 -27
      vertex 113.159 183.284 -23
      vertex 113.328 183.258 -23
    endloop
  endfacet
  facet normal 0.152057 0.988372 0
    outer loop
      vertex 113.159 183.284 -23
      vertex 113.328 183.258 -27
      vertex 113.159 183.284 -27
    endloop
  endfacet
  facet normal 0.858008 0.513637 0
    outer loop
      vertex 112.045 184.028 -23
      vertex 111.957 184.175 -27
      vertex 111.957 184.175 -23
    endloop
  endfacet
  facet normal 0.858008 0.513637 0
    outer loop
      vertex 111.957 184.175 -27
      vertex 112.045 184.028 -23
      vertex 112.045 184.028 -27
    endloop
  endfacet
  facet normal -0.99892 0.0464614 0
    outer loop
      vertex 115.242 184.828 -27
      vertex 115.25 185 -23
      vertex 115.25 185 -27
    endloop
  endfacet
  facet normal -0.99892 0.0464614 0
    outer loop
      vertex 115.25 185 -23
      vertex 115.242 184.828 -27
      vertex 115.242 184.828 -23
    endloop
  endfacet
  facet normal 0.238429 -0.97116 0
    outer loop
      vertex 112.992 186.675 -27
      vertex 113.159 186.716 -23
      vertex 112.992 186.675 -23
    endloop
  endfacet
  facet normal 0.238429 -0.97116 0
    outer loop
      vertex 113.159 186.716 -23
      vertex 112.992 186.675 -27
      vertex 113.159 186.716 -27
    endloop
  endfacet
  facet normal -0.99892 -0.0464614 0
    outer loop
      vertex 115.25 185 -27
      vertex 115.242 185.172 -23
      vertex 115.242 185.172 -27
    endloop
  endfacet
  facet normal -0.99892 -0.0464614 0
    outer loop
      vertex 115.242 185.172 -23
      vertex 115.25 185 -27
      vertex 115.25 185 -23
    endloop
  endfacet
  facet normal -0.513637 -0.858008 0
    outer loop
      vertex 114.325 186.543 -27
      vertex 114.472 186.455 -23
      vertex 114.325 186.543 -23
    endloop
  endfacet
  facet normal -0.513637 -0.858008 -0
    outer loop
      vertex 114.472 186.455 -23
      vertex 114.325 186.543 -27
      vertex 114.472 186.455 -27
    endloop
  endfacet
  facet normal -0.238429 0.97116 0
    outer loop
      vertex 114.008 183.325 -27
      vertex 113.841 183.284 -23
      vertex 114.008 183.325 -23
    endloop
  endfacet
  facet normal -0.238429 0.97116 0
    outer loop
      vertex 113.841 183.284 -23
      vertex 114.008 183.325 -27
      vertex 113.841 183.284 -27
    endloop
  endfacet
  facet normal 0.90243 -0.430837 0
    outer loop
      vertex 111.883 185.67 -23
      vertex 111.957 185.825 -27
      vertex 111.957 185.825 -23
    endloop
  endfacet
  facet normal 0.90243 -0.430837 0
    outer loop
      vertex 111.957 185.825 -27
      vertex 111.883 185.67 -23
      vertex 111.883 185.67 -27
    endloop
  endfacet
  facet normal 0.858008 -0.513637 0
    outer loop
      vertex 111.957 185.825 -23
      vertex 112.045 185.972 -27
      vertex 112.045 185.972 -23
    endloop
  endfacet
  facet normal 0.858008 -0.513637 0
    outer loop
      vertex 112.045 185.972 -27
      vertex 111.957 185.825 -23
      vertex 111.957 185.825 -27
    endloop
  endfacet
  facet normal -0.73836 -0.674407 0
    outer loop
      vertex 114.853 186.11 -27
      vertex 114.737 186.237 -23
      vertex 114.737 186.237 -27
    endloop
  endfacet
  facet normal -0.73836 -0.674407 0
    outer loop
      vertex 114.737 186.237 -23
      vertex 114.853 186.11 -27
      vertex 114.853 186.11 -23
    endloop
  endfacet
  facet normal -0.988372 0.152057 0
    outer loop
      vertex 115.216 184.659 -27
      vertex 115.242 184.828 -23
      vertex 115.242 184.828 -27
    endloop
  endfacet
  facet normal -0.988372 0.152057 0
    outer loop
      vertex 115.242 184.828 -23
      vertex 115.216 184.659 -27
      vertex 115.216 184.659 -23
    endloop
  endfacet
  facet normal -0.73836 0.674407 0
    outer loop
      vertex 114.737 183.763 -27
      vertex 114.853 183.89 -23
      vertex 114.853 183.89 -27
    endloop
  endfacet
  facet normal -0.73836 0.674407 0
    outer loop
      vertex 114.853 183.89 -23
      vertex 114.737 183.763 -27
      vertex 114.737 183.763 -23
    endloop
  endfacet
  facet normal -0.0464614 -0.99892 0
    outer loop
      vertex 113.5 186.75 -27
      vertex 113.672 186.742 -23
      vertex 113.5 186.75 -23
    endloop
  endfacet
  facet normal -0.0464614 -0.99892 -0
    outer loop
      vertex 113.672 186.742 -23
      vertex 113.5 186.75 -27
      vertex 113.672 186.742 -27
    endloop
  endfacet
  facet normal -0.238429 -0.97116 0
    outer loop
      vertex 113.841 186.716 -27
      vertex 114.008 186.675 -23
      vertex 113.841 186.716 -23
    endloop
  endfacet
  facet normal -0.238429 -0.97116 -0
    outer loop
      vertex 114.008 186.675 -23
      vertex 113.841 186.716 -27
      vertex 114.008 186.675 -27
    endloop
  endfacet
  facet normal -0.513637 0.858008 0
    outer loop
      vertex 114.472 183.545 -27
      vertex 114.325 183.457 -23
      vertex 114.472 183.545 -23
    endloop
  endfacet
  facet normal -0.513637 0.858008 0
    outer loop
      vertex 114.325 183.457 -23
      vertex 114.472 183.545 -27
      vertex 114.325 183.457 -27
    endloop
  endfacet
  facet normal -0.90243 -0.430837 0
    outer loop
      vertex 115.117 185.67 -27
      vertex 115.043 185.825 -23
      vertex 115.043 185.825 -27
    endloop
  endfacet
  facet normal -0.90243 -0.430837 0
    outer loop
      vertex 115.043 185.825 -23
      vertex 115.117 185.67 -27
      vertex 115.117 185.67 -23
    endloop
  endfacet
  facet normal 0.430837 0.90243 -0
    outer loop
      vertex 112.83 183.383 -27
      vertex 112.675 183.457 -23
      vertex 112.83 183.383 -23
    endloop
  endfacet
  facet normal 0.430837 0.90243 0
    outer loop
      vertex 112.675 183.457 -23
      vertex 112.83 183.383 -27
      vertex 112.675 183.457 -27
    endloop
  endfacet
  facet normal 0.594391 0.804176 -0
    outer loop
      vertex 112.528 183.545 -27
      vertex 112.39 183.647 -23
      vertex 112.528 183.545 -23
    endloop
  endfacet
  facet normal 0.594391 0.804176 0
    outer loop
      vertex 112.39 183.647 -23
      vertex 112.528 183.545 -27
      vertex 112.39 183.647 -27
    endloop
  endfacet
  facet normal 0.73836 -0.674407 0
    outer loop
      vertex 112.147 186.11 -23
      vertex 112.263 186.237 -27
      vertex 112.263 186.237 -23
    endloop
  endfacet
  facet normal 0.73836 -0.674407 0
    outer loop
      vertex 112.263 186.237 -27
      vertex 112.147 186.11 -23
      vertex 112.147 186.11 -27
    endloop
  endfacet
  facet normal 0.513637 0.858008 -0
    outer loop
      vertex 112.675 183.457 -27
      vertex 112.528 183.545 -23
      vertex 112.675 183.457 -23
    endloop
  endfacet
  facet normal 0.513637 0.858008 0
    outer loop
      vertex 112.528 183.545 -23
      vertex 112.675 183.457 -27
      vertex 112.528 183.545 -27
    endloop
  endfacet
  facet normal 0.90243 0.430837 0
    outer loop
      vertex 111.957 184.175 -23
      vertex 111.883 184.33 -27
      vertex 111.883 184.33 -23
    endloop
  endfacet
  facet normal 0.90243 0.430837 0
    outer loop
      vertex 111.883 184.33 -27
      vertex 111.957 184.175 -23
      vertex 111.957 184.175 -27
    endloop
  endfacet
  facet normal -0.804176 -0.594391 0
    outer loop
      vertex 114.955 185.972 -27
      vertex 114.853 186.11 -23
      vertex 114.853 186.11 -27
    endloop
  endfacet
  facet normal -0.804176 -0.594391 0
    outer loop
      vertex 114.853 186.11 -23
      vertex 114.955 185.972 -27
      vertex 114.955 185.972 -23
    endloop
  endfacet
  facet normal 0.0464614 0.99892 -0
    outer loop
      vertex 113.5 183.25 -27
      vertex 113.328 183.258 -23
      vertex 113.5 183.25 -23
    endloop
  endfacet
  facet normal 0.0464614 0.99892 0
    outer loop
      vertex 113.328 183.258 -23
      vertex 113.5 183.25 -27
      vertex 113.328 183.258 -27
    endloop
  endfacet
  facet normal -0.594391 -0.804176 0
    outer loop
      vertex 114.472 186.455 -27
      vertex 114.61 186.353 -23
      vertex 114.472 186.455 -23
    endloop
  endfacet
  facet normal -0.594391 -0.804176 -0
    outer loop
      vertex 114.61 186.353 -23
      vertex 114.472 186.455 -27
      vertex 114.61 186.353 -27
    endloop
  endfacet
  facet normal 0.73836 0.674407 0
    outer loop
      vertex 112.263 183.763 -23
      vertex 112.147 183.89 -27
      vertex 112.147 183.89 -23
    endloop
  endfacet
  facet normal 0.73836 0.674407 0
    outer loop
      vertex 112.147 183.89 -27
      vertex 112.263 183.763 -23
      vertex 112.263 183.763 -27
    endloop
  endfacet
  facet normal -0.988372 -0.152057 0
    outer loop
      vertex 115.242 185.172 -27
      vertex 115.216 185.341 -23
      vertex 115.216 185.341 -27
    endloop
  endfacet
  facet normal -0.988372 -0.152057 0
    outer loop
      vertex 115.216 185.341 -23
      vertex 115.242 185.172 -27
      vertex 115.242 185.172 -23
    endloop
  endfacet
  facet normal -0.337073 0.941479 0
    outer loop
      vertex 114.17 183.383 -27
      vertex 114.008 183.325 -23
      vertex 114.17 183.383 -23
    endloop
  endfacet
  facet normal -0.337073 0.941479 0
    outer loop
      vertex 114.008 183.325 -23
      vertex 114.17 183.383 -27
      vertex 114.008 183.325 -27
    endloop
  endfacet
  facet normal -0.430837 0.90243 0
    outer loop
      vertex 114.325 183.457 -27
      vertex 114.17 183.383 -23
      vertex 114.325 183.457 -23
    endloop
  endfacet
  facet normal -0.430837 0.90243 0
    outer loop
      vertex 114.17 183.383 -23
      vertex 114.325 183.457 -27
      vertex 114.17 183.383 -27
    endloop
  endfacet
  facet normal 1 -0 0
    outer loop
      vertex 89 193.75 -25
      vertex 89 205.75 -27
      vertex 89 205.75 -25
    endloop
  endfacet
  facet normal 1 0 0
    outer loop
      vertex 89 205.75 -27
      vertex 89 193.75 -25
      vertex 89 193.75 -27
    endloop
  endfacet
  facet normal -1 0 0
    outer loop
      vertex 94 193.75 -27
      vertex 94 205.75 -25
      vertex 94 205.75 -27
    endloop
  endfacet
  facet normal -1 -0 0
    outer loop
      vertex 94 205.75 -25
      vertex 94 193.75 -27
      vertex 94 193.75 -25
    endloop
  endfacet
  facet normal 0 -1 0
    outer loop
      vertex 89 205.75 -27
      vertex 94 205.75 -25
      vertex 89 205.75 -25
    endloop
  endfacet
  facet normal 0 -1 -0
    outer loop
      vertex 94 205.75 -25
      vertex 89 205.75 -27
      vertex 94 205.75 -27
    endloop
  endfacet
  facet normal 0 1 -0
    outer loop
      vertex 94 193.75 -27
      vertex 89 193.75 -25
      vertex 94 193.75 -25
    endloop
  endfacet
  facet normal 0 1 0
    outer loop
      vertex 89 193.75 -25
      vertex 94 193.75 -27
      vertex 89 193.75 -27
    endloop
  endfacet
  facet normal 0.904385 0.426717 0
    outer loop
      vertex 121.978 187.612 -27
      vertex 121.911 187.754 -28.75
      vertex 121.911 187.754 -27
    endloop
  endfacet
  facet normal 0.904385 0.426717 0
    outer loop
      vertex 121.911 187.754 -28.75
      vertex 121.978 187.612 -27
      vertex 121.978 187.612 -28.75
    endloop
  endfacet
  facet normal -0.242536 0.970143 0
    outer loop
      vertex 120.188 188.569 -28.75
      vertex 120.036 188.531 -27
      vertex 120.188 188.569 -27
    endloop
  endfacet
  facet normal -0.242536 0.970143 0
    outer loop
      vertex 120.036 188.531 -27
      vertex 120.188 188.569 -28.75
      vertex 120.036 188.531 -28.75
    endloop
  endfacet
  facet normal 0.941454 -0.337142 0
    outer loop
      vertex 121.978 186.388 -27
      vertex 122.031 186.536 -28.75
      vertex 122.031 186.536 -27
    endloop
  endfacet
  facet normal 0.941454 -0.337142 0
    outer loop
      vertex 122.031 186.536 -28.75
      vertex 121.978 186.388 -27
      vertex 121.978 186.388 -28.75
    endloop
  endfacet
  facet normal 0.73821 0.674571 0
    outer loop
      vertex 121.737 188.015 -27
      vertex 121.631 188.131 -28.75
      vertex 121.631 188.131 -27
    endloop
  endfacet
  facet normal 0.73821 0.674571 0
    outer loop
      vertex 121.631 188.131 -28.75
      vertex 121.737 188.015 -27
      vertex 121.737 188.015 -28.75
    endloop
  endfacet
  facet normal -0.857493 -0.514496 0
    outer loop
      vertex 119.17 186.111 -28.75
      vertex 119.089 186.246 -27
      vertex 119.089 186.246 -28.75
    endloop
  endfacet
  facet normal -0.857493 -0.514496 0
    outer loop
      vertex 119.089 186.246 -27
      vertex 119.17 186.111 -28.75
      vertex 119.17 186.111 -27
    endloop
  endfacet
  facet normal 0.970143 0.242536 0
    outer loop
      vertex 122.069 187.312 -27
      vertex 122.031 187.464 -28.75
      vertex 122.031 187.464 -27
    endloop
  endfacet
  facet normal 0.970143 0.242536 0
    outer loop
      vertex 122.031 187.464 -28.75
      vertex 122.069 187.312 -27
      vertex 122.069 187.312 -28.75
    endloop
  endfacet
  facet normal 0.0508894 0.998704 -0
    outer loop
      vertex 120.657 188.592 -28.75
      vertex 120.5 188.6 -27
      vertex 120.657 188.592 -27
    endloop
  endfacet
  facet normal 0.0508894 0.998704 0
    outer loop
      vertex 120.5 188.6 -27
      vertex 120.657 188.592 -28.75
      vertex 120.5 188.6 -28.75
    endloop
  endfacet
  facet normal 0.904385 -0.426717 0
    outer loop
      vertex 121.911 186.246 -27
      vertex 121.978 186.388 -28.75
      vertex 121.978 186.388 -27
    endloop
  endfacet
  facet normal 0.904385 -0.426717 0
    outer loop
      vertex 121.978 186.388 -28.75
      vertex 121.911 186.246 -27
      vertex 121.911 186.246 -28.75
    endloop
  endfacet
  facet normal -0.73821 0.674571 0
    outer loop
      vertex 119.263 188.015 -28.75
      vertex 119.369 188.131 -27
      vertex 119.369 188.131 -28.75
    endloop
  endfacet
  facet normal -0.73821 0.674571 0
    outer loop
      vertex 119.369 188.131 -27
      vertex 119.263 188.015 -28.75
      vertex 119.263 188.015 -27
    endloop
  endfacet
  facet normal 0.998704 0.0508894 0
    outer loop
      vertex 122.1 187 -27
      vertex 122.092 187.157 -28.75
      vertex 122.092 187.157 -27
    endloop
  endfacet
  facet normal 0.998704 0.0508894 0
    outer loop
      vertex 122.092 187.157 -28.75
      vertex 122.1 187 -27
      vertex 122.1 187 -28.75
    endloop
  endfacet
  facet normal -0.514496 0.857493 0
    outer loop
      vertex 119.746 188.411 -28.75
      vertex 119.611 188.33 -27
      vertex 119.746 188.411 -27
    endloop
  endfacet
  facet normal -0.514496 0.857493 0
    outer loop
      vertex 119.611 188.33 -27
      vertex 119.746 188.411 -28.75
      vertex 119.611 188.33 -28.75
    endloop
  endfacet
  facet normal -0.989169 0.14678 0
    outer loop
      vertex 118.908 187.157 -28.75
      vertex 118.931 187.312 -27
      vertex 118.931 187.312 -28.75
    endloop
  endfacet
  facet normal -0.989169 0.14678 0
    outer loop
      vertex 118.931 187.312 -27
      vertex 118.908 187.157 -28.75
      vertex 118.908 187.157 -27
    endloop
  endfacet
  facet normal 0.970143 -0.242536 0
    outer loop
      vertex 122.031 186.536 -27
      vertex 122.069 186.688 -28.75
      vertex 122.069 186.688 -27
    endloop
  endfacet
  facet normal 0.970143 -0.242536 0
    outer loop
      vertex 122.069 186.688 -28.75
      vertex 122.031 186.536 -27
      vertex 122.031 186.536 -28.75
    endloop
  endfacet
  facet normal 0.14678 0.989169 -0
    outer loop
      vertex 120.812 188.569 -28.75
      vertex 120.657 188.592 -27
      vertex 120.812 188.569 -27
    endloop
  endfacet
  facet normal 0.14678 0.989169 0
    outer loop
      vertex 120.657 188.592 -27
      vertex 120.812 188.569 -28.75
      vertex 120.657 188.592 -28.75
    endloop
  endfacet
  facet normal -0.970143 -0.242536 0
    outer loop
      vertex 118.969 186.536 -28.75
      vertex 118.931 186.688 -27
      vertex 118.931 186.688 -28.75
    endloop
  endfacet
  facet normal -0.970143 -0.242536 0
    outer loop
      vertex 118.931 186.688 -27
      vertex 118.969 186.536 -28.75
      vertex 118.969 186.536 -27
    endloop
  endfacet
  facet normal -0.0508894 -0.998704 0
    outer loop
      vertex 120.343 185.408 -28.75
      vertex 120.5 185.4 -27
      vertex 120.343 185.408 -27
    endloop
  endfacet
  facet normal -0.0508894 -0.998704 -0
    outer loop
      vertex 120.5 185.4 -27
      vertex 120.343 185.408 -28.75
      vertex 120.5 185.4 -28.75
    endloop
  endfacet
  facet normal -0.998704 0.0508894 0
    outer loop
      vertex 118.9 187 -28.75
      vertex 118.908 187.157 -27
      vertex 118.908 187.157 -28.75
    endloop
  endfacet
  facet normal -0.998704 0.0508894 0
    outer loop
      vertex 118.908 187.157 -27
      vertex 118.9 187 -28.75
      vertex 118.9 187 -27
    endloop
  endfacet
  facet normal 0.426717 0.904385 -0
    outer loop
      vertex 121.254 188.411 -28.75
      vertex 121.112 188.478 -27
      vertex 121.254 188.411 -27
    endloop
  endfacet
  facet normal 0.426717 0.904385 0
    outer loop
      vertex 121.112 188.478 -27
      vertex 121.254 188.411 -28.75
      vertex 121.112 188.478 -28.75
    endloop
  endfacet
  facet normal -0.970143 0.242536 0
    outer loop
      vertex 118.931 187.312 -28.75
      vertex 118.969 187.464 -27
      vertex 118.969 187.464 -28.75
    endloop
  endfacet
  facet normal -0.970143 0.242536 0
    outer loop
      vertex 118.969 187.464 -27
      vertex 118.931 187.312 -28.75
      vertex 118.931 187.312 -27
    endloop
  endfacet
  facet normal -0.804574 0.593852 0
    outer loop
      vertex 119.17 187.889 -28.75
      vertex 119.263 188.015 -27
      vertex 119.263 188.015 -28.75
    endloop
  endfacet
  facet normal -0.804574 0.593852 0
    outer loop
      vertex 119.263 188.015 -27
      vertex 119.17 187.889 -28.75
      vertex 119.17 187.889 -27
    endloop
  endfacet
  facet normal -0.998704 -0.0508894 0
    outer loop
      vertex 118.908 186.843 -28.75
      vertex 118.9 187 -27
      vertex 118.9 187 -28.75
    endloop
  endfacet
  facet normal -0.998704 -0.0508894 0
    outer loop
      vertex 118.9 187 -27
      vertex 118.908 186.843 -28.75
      vertex 118.908 186.843 -27
    endloop
  endfacet
  facet normal -0.337142 -0.941454 0
    outer loop
      vertex 119.888 185.522 -28.75
      vertex 120.036 185.469 -27
      vertex 119.888 185.522 -27
    endloop
  endfacet
  facet normal -0.337142 -0.941454 -0
    outer loop
      vertex 120.036 185.469 -27
      vertex 119.888 185.522 -28.75
      vertex 120.036 185.469 -28.75
    endloop
  endfacet
  facet normal -0.904385 0.426717 0
    outer loop
      vertex 119.022 187.612 -28.75
      vertex 119.089 187.754 -27
      vertex 119.089 187.754 -28.75
    endloop
  endfacet
  facet normal -0.904385 0.426717 0
    outer loop
      vertex 119.089 187.754 -27
      vertex 119.022 187.612 -28.75
      vertex 119.022 187.612 -27
    endloop
  endfacet
  facet normal 0.989169 -0.14678 0
    outer loop
      vertex 122.069 186.688 -27
      vertex 122.092 186.843 -28.75
      vertex 122.092 186.843 -27
    endloop
  endfacet
  facet normal 0.989169 -0.14678 0
    outer loop
      vertex 122.092 186.843 -28.75
      vertex 122.069 186.688 -27
      vertex 122.069 186.688 -28.75
    endloop
  endfacet
  facet normal -0.426717 0.904385 0
    outer loop
      vertex 119.888 188.478 -28.75
      vertex 119.746 188.411 -27
      vertex 119.888 188.478 -27
    endloop
  endfacet
  facet normal -0.426717 0.904385 0
    outer loop
      vertex 119.746 188.411 -27
      vertex 119.888 188.478 -28.75
      vertex 119.746 188.411 -28.75
    endloop
  endfacet
  facet normal -0.73821 -0.674571 0
    outer loop
      vertex 119.369 185.869 -28.75
      vertex 119.263 185.985 -27
      vertex 119.263 185.985 -28.75
    endloop
  endfacet
  facet normal -0.73821 -0.674571 0
    outer loop
      vertex 119.263 185.985 -27
      vertex 119.369 185.869 -28.75
      vertex 119.369 185.869 -27
    endloop
  endfacet
  facet normal -0.593852 -0.804574 0
    outer loop
      vertex 119.485 185.763 -28.75
      vertex 119.611 185.67 -27
      vertex 119.485 185.763 -27
    endloop
  endfacet
  facet normal -0.593852 -0.804574 -0
    outer loop
      vertex 119.611 185.67 -27
      vertex 119.485 185.763 -28.75
      vertex 119.611 185.67 -28.75
    endloop
  endfacet
  facet normal 0.989169 0.14678 0
    outer loop
      vertex 122.092 187.157 -27
      vertex 122.069 187.312 -28.75
      vertex 122.069 187.312 -27
    endloop
  endfacet
  facet normal 0.989169 0.14678 0
    outer loop
      vertex 122.069 187.312 -28.75
      vertex 122.092 187.157 -27
      vertex 122.092 187.157 -28.75
    endloop
  endfacet
  facet normal -0.14678 -0.989169 0
    outer loop
      vertex 120.188 185.431 -28.75
      vertex 120.343 185.408 -27
      vertex 120.188 185.431 -27
    endloop
  endfacet
  facet normal -0.14678 -0.989169 -0
    outer loop
      vertex 120.343 185.408 -27
      vertex 120.188 185.431 -28.75
      vertex 120.343 185.408 -28.75
    endloop
  endfacet
  facet normal -0.941454 -0.337142 0
    outer loop
      vertex 119.022 186.388 -28.75
      vertex 118.969 186.536 -27
      vertex 118.969 186.536 -28.75
    endloop
  endfacet
  facet normal -0.941454 -0.337142 0
    outer loop
      vertex 118.969 186.536 -27
      vertex 119.022 186.388 -28.75
      vertex 119.022 186.388 -27
    endloop
  endfacet
  facet normal -0.14678 0.989169 0
    outer loop
      vertex 120.343 188.592 -28.75
      vertex 120.188 188.569 -27
      vertex 120.343 188.592 -27
    endloop
  endfacet
  facet normal -0.14678 0.989169 0
    outer loop
      vertex 120.188 188.569 -27
      vertex 120.343 188.592 -28.75
      vertex 120.188 188.569 -28.75
    endloop
  endfacet
  facet normal -0.242536 -0.970143 0
    outer loop
      vertex 120.036 185.469 -28.75
      vertex 120.188 185.431 -27
      vertex 120.036 185.469 -27
    endloop
  endfacet
  facet normal -0.242536 -0.970143 -0
    outer loop
      vertex 120.188 185.431 -27
      vertex 120.036 185.469 -28.75
      vertex 120.188 185.431 -28.75
    endloop
  endfacet
  facet normal 0.674571 -0.73821 0
    outer loop
      vertex 121.515 185.763 -28.75
      vertex 121.631 185.869 -27
      vertex 121.515 185.763 -27
    endloop
  endfacet
  facet normal 0.674571 -0.73821 0
    outer loop
      vertex 121.631 185.869 -27
      vertex 121.515 185.763 -28.75
      vertex 121.631 185.869 -28.75
    endloop
  endfacet
  facet normal 0.426717 -0.904385 0
    outer loop
      vertex 121.112 185.522 -28.75
      vertex 121.254 185.589 -27
      vertex 121.112 185.522 -27
    endloop
  endfacet
  facet normal 0.426717 -0.904385 0
    outer loop
      vertex 121.254 185.589 -27
      vertex 121.112 185.522 -28.75
      vertex 121.254 185.589 -28.75
    endloop
  endfacet
  facet normal -0.941454 0.337142 0
    outer loop
      vertex 118.969 187.464 -28.75
      vertex 119.022 187.612 -27
      vertex 119.022 187.612 -28.75
    endloop
  endfacet
  facet normal -0.941454 0.337142 0
    outer loop
      vertex 119.022 187.612 -27
      vertex 118.969 187.464 -28.75
      vertex 118.969 187.464 -27
    endloop
  endfacet
  facet normal 0.242536 -0.970143 0
    outer loop
      vertex 120.812 185.431 -28.75
      vertex 120.964 185.469 -27
      vertex 120.812 185.431 -27
    endloop
  endfacet
  facet normal 0.242536 -0.970143 0
    outer loop
      vertex 120.964 185.469 -27
      vertex 120.812 185.431 -28.75
      vertex 120.964 185.469 -28.75
    endloop
  endfacet
  facet normal -0.857493 0.514496 0
    outer loop
      vertex 119.089 187.754 -28.75
      vertex 119.17 187.889 -27
      vertex 119.17 187.889 -28.75
    endloop
  endfacet
  facet normal -0.857493 0.514496 0
    outer loop
      vertex 119.17 187.889 -27
      vertex 119.089 187.754 -28.75
      vertex 119.089 187.754 -27
    endloop
  endfacet
  facet normal -0.337142 0.941454 0
    outer loop
      vertex 120.036 188.531 -28.75
      vertex 119.888 188.478 -27
      vertex 120.036 188.531 -27
    endloop
  endfacet
  facet normal -0.337142 0.941454 0
    outer loop
      vertex 119.888 188.478 -27
      vertex 120.036 188.531 -28.75
      vertex 119.888 188.478 -28.75
    endloop
  endfacet
  facet normal 0.998704 -0.0508894 0
    outer loop
      vertex 122.092 186.843 -27
      vertex 122.1 187 -28.75
      vertex 122.1 187 -27
    endloop
  endfacet
  facet normal 0.998704 -0.0508894 0
    outer loop
      vertex 122.1 187 -28.75
      vertex 122.092 186.843 -27
      vertex 122.092 186.843 -28.75
    endloop
  endfacet
  facet normal 0.514496 0.857493 -0
    outer loop
      vertex 121.389 188.33 -28.75
      vertex 121.254 188.411 -27
      vertex 121.389 188.33 -27
    endloop
  endfacet
  facet normal 0.514496 0.857493 0
    outer loop
      vertex 121.254 188.411 -27
      vertex 121.389 188.33 -28.75
      vertex 121.254 188.411 -28.75
    endloop
  endfacet
  facet normal 0.593852 0.804574 -0
    outer loop
      vertex 121.515 188.237 -28.75
      vertex 121.389 188.33 -27
      vertex 121.515 188.237 -27
    endloop
  endfacet
  facet normal 0.593852 0.804574 0
    outer loop
      vertex 121.389 188.33 -27
      vertex 121.515 188.237 -28.75
      vertex 121.389 188.33 -28.75
    endloop
  endfacet
  facet normal -0.674571 0.73821 0
    outer loop
      vertex 119.485 188.237 -28.75
      vertex 119.369 188.131 -27
      vertex 119.485 188.237 -27
    endloop
  endfacet
  facet normal -0.674571 0.73821 0
    outer loop
      vertex 119.369 188.131 -27
      vertex 119.485 188.237 -28.75
      vertex 119.369 188.131 -28.75
    endloop
  endfacet
  facet normal 0.337142 -0.941454 0
    outer loop
      vertex 120.964 185.469 -28.75
      vertex 121.112 185.522 -27
      vertex 120.964 185.469 -27
    endloop
  endfacet
  facet normal 0.337142 -0.941454 0
    outer loop
      vertex 121.112 185.522 -27
      vertex 120.964 185.469 -28.75
      vertex 121.112 185.522 -28.75
    endloop
  endfacet
  facet normal 0.337142 0.941454 -0
    outer loop
      vertex 121.112 188.478 -28.75
      vertex 120.964 188.531 -27
      vertex 121.112 188.478 -27
    endloop
  endfacet
  facet normal 0.337142 0.941454 0
    outer loop
      vertex 120.964 188.531 -27
      vertex 121.112 188.478 -28.75
      vertex 120.964 188.531 -28.75
    endloop
  endfacet
  facet normal -0.514496 -0.857493 0
    outer loop
      vertex 119.611 185.67 -28.75
      vertex 119.746 185.589 -27
      vertex 119.611 185.67 -27
    endloop
  endfacet
  facet normal -0.514496 -0.857493 -0
    outer loop
      vertex 119.746 185.589 -27
      vertex 119.611 185.67 -28.75
      vertex 119.746 185.589 -28.75
    endloop
  endfacet
  facet normal 0.674571 0.73821 -0
    outer loop
      vertex 121.631 188.131 -28.75
      vertex 121.515 188.237 -27
      vertex 121.631 188.131 -27
    endloop
  endfacet
  facet normal 0.674571 0.73821 0
    outer loop
      vertex 121.515 188.237 -27
      vertex 121.631 188.131 -28.75
      vertex 121.515 188.237 -28.75
    endloop
  endfacet
  facet normal -0.593852 0.804574 0
    outer loop
      vertex 119.611 188.33 -28.75
      vertex 119.485 188.237 -27
      vertex 119.611 188.33 -27
    endloop
  endfacet
  facet normal -0.593852 0.804574 0
    outer loop
      vertex 119.485 188.237 -27
      vertex 119.611 188.33 -28.75
      vertex 119.485 188.237 -28.75
    endloop
  endfacet
  facet normal 0.14678 -0.989169 0
    outer loop
      vertex 120.657 185.408 -28.75
      vertex 120.812 185.431 -27
      vertex 120.657 185.408 -27
    endloop
  endfacet
  facet normal 0.14678 -0.989169 0
    outer loop
      vertex 120.812 185.431 -27
      vertex 120.657 185.408 -28.75
      vertex 120.812 185.431 -28.75
    endloop
  endfacet
  facet normal -0.674571 -0.73821 0
    outer loop
      vertex 119.369 185.869 -28.75
      vertex 119.485 185.763 -27
      vertex 119.369 185.869 -27
    endloop
  endfacet
  facet normal -0.674571 -0.73821 -0
    outer loop
      vertex 119.485 185.763 -27
      vertex 119.369 185.869 -28.75
      vertex 119.485 185.763 -28.75
    endloop
  endfacet
  facet normal 0.514496 -0.857493 0
    outer loop
      vertex 121.254 185.589 -28.75
      vertex 121.389 185.67 -27
      vertex 121.254 185.589 -27
    endloop
  endfacet
  facet normal 0.514496 -0.857493 0
    outer loop
      vertex 121.389 185.67 -27
      vertex 121.254 185.589 -28.75
      vertex 121.389 185.67 -28.75
    endloop
  endfacet
  facet normal -0.804574 -0.593852 0
    outer loop
      vertex 119.263 185.985 -28.75
      vertex 119.17 186.111 -27
      vertex 119.17 186.111 -28.75
    endloop
  endfacet
  facet normal -0.804574 -0.593852 0
    outer loop
      vertex 119.17 186.111 -27
      vertex 119.263 185.985 -28.75
      vertex 119.263 185.985 -27
    endloop
  endfacet
  facet normal -0.989169 -0.14678 0
    outer loop
      vertex 118.931 186.688 -28.75
      vertex 118.908 186.843 -27
      vertex 118.908 186.843 -28.75
    endloop
  endfacet
  facet normal -0.989169 -0.14678 0
    outer loop
      vertex 118.908 186.843 -27
      vertex 118.931 186.688 -28.75
      vertex 118.931 186.688 -27
    endloop
  endfacet
  facet normal 0.242536 0.970143 -0
    outer loop
      vertex 120.964 188.531 -28.75
      vertex 120.812 188.569 -27
      vertex 120.964 188.531 -27
    endloop
  endfacet
  facet normal 0.242536 0.970143 0
    outer loop
      vertex 120.812 188.569 -27
      vertex 120.964 188.531 -28.75
      vertex 120.812 188.569 -28.75
    endloop
  endfacet
  facet normal -0.904385 -0.426717 0
    outer loop
      vertex 119.089 186.246 -28.75
      vertex 119.022 186.388 -27
      vertex 119.022 186.388 -28.75
    endloop
  endfacet
  facet normal -0.904385 -0.426717 0
    outer loop
      vertex 119.022 186.388 -27
      vertex 119.089 186.246 -28.75
      vertex 119.089 186.246 -27
    endloop
  endfacet
  facet normal -0.0508894 0.998704 0
    outer loop
      vertex 120.5 188.6 -28.75
      vertex 120.343 188.592 -27
      vertex 120.5 188.6 -27
    endloop
  endfacet
  facet normal -0.0508894 0.998704 0
    outer loop
      vertex 120.343 188.592 -27
      vertex 120.5 188.6 -28.75
      vertex 120.343 188.592 -28.75
    endloop
  endfacet
  facet normal -0.426717 -0.904385 0
    outer loop
      vertex 119.746 185.589 -28.75
      vertex 119.888 185.522 -27
      vertex 119.746 185.589 -27
    endloop
  endfacet
  facet normal -0.426717 -0.904385 -0
    outer loop
      vertex 119.888 185.522 -27
      vertex 119.746 185.589 -28.75
      vertex 119.888 185.522 -28.75
    endloop
  endfacet
  facet normal 0.73821 -0.674571 0
    outer loop
      vertex 121.631 185.869 -27
      vertex 121.737 185.985 -28.75
      vertex 121.737 185.985 -27
    endloop
  endfacet
  facet normal 0.73821 -0.674571 0
    outer loop
      vertex 121.737 185.985 -28.75
      vertex 121.631 185.869 -27
      vertex 121.631 185.869 -28.75
    endloop
  endfacet
  facet normal 0.804574 -0.593852 0
    outer loop
      vertex 121.737 185.985 -27
      vertex 121.83 186.111 -28.75
      vertex 121.83 186.111 -27
    endloop
  endfacet
  facet normal 0.804574 -0.593852 0
    outer loop
      vertex 121.83 186.111 -28.75
      vertex 121.737 185.985 -27
      vertex 121.737 185.985 -28.75
    endloop
  endfacet
  facet normal 0.857493 0.514496 0
    outer loop
      vertex 121.911 187.754 -27
      vertex 121.83 187.889 -28.75
      vertex 121.83 187.889 -27
    endloop
  endfacet
  facet normal 0.857493 0.514496 0
    outer loop
      vertex 121.83 187.889 -28.75
      vertex 121.911 187.754 -27
      vertex 121.911 187.754 -28.75
    endloop
  endfacet
  facet normal 0 0 -1
    outer loop
      vertex 122.092 186.843 -28.75
      vertex 122.092 187.157 -28.75
      vertex 122.1 187 -28.75
    endloop
  endfacet
  facet normal 0 0 -1
    outer loop
      vertex 122.069 186.688 -28.75
      vertex 122.092 187.157 -28.75
      vertex 122.092 186.843 -28.75
    endloop
  endfacet
  facet normal 0 0 -1
    outer loop
      vertex 122.069 186.688 -28.75
      vertex 122.069 187.312 -28.75
      vertex 122.092 187.157 -28.75
    endloop
  endfacet
  facet normal 0 0 -1
    outer loop
      vertex 122.031 186.536 -28.75
      vertex 122.069 187.312 -28.75
      vertex 122.069 186.688 -28.75
    endloop
  endfacet
  facet normal 0 0 -1
    outer loop
      vertex 122.031 186.536 -28.75
      vertex 122.031 187.464 -28.75
      vertex 122.069 187.312 -28.75
    endloop
  endfacet
  facet normal 0 0 -1
    outer loop
      vertex 121.978 186.388 -28.75
      vertex 122.031 187.464 -28.75
      vertex 122.031 186.536 -28.75
    endloop
  endfacet
  facet normal 0 0 -1
    outer loop
      vertex 121.978 186.388 -28.75
      vertex 121.978 187.612 -28.75
      vertex 122.031 187.464 -28.75
    endloop
  endfacet
  facet normal 0 0 -1
    outer loop
      vertex 121.911 186.246 -28.75
      vertex 121.978 187.612 -28.75
      vertex 121.978 186.388 -28.75
    endloop
  endfacet
  facet normal 0 0 -1
    outer loop
      vertex 121.911 186.246 -28.75
      vertex 121.911 187.754 -28.75
      vertex 121.978 187.612 -28.75
    endloop
  endfacet
  facet normal 0 0 -1
    outer loop
      vertex 121.83 186.111 -28.75
      vertex 121.911 187.754 -28.75
      vertex 121.911 186.246 -28.75
    endloop
  endfacet
  facet normal 0 0 -1
    outer loop
      vertex 121.83 186.111 -28.75
      vertex 121.83 187.889 -28.75
      vertex 121.911 187.754 -28.75
    endloop
  endfacet
  facet normal 0 0 -1
    outer loop
      vertex 121.737 185.985 -28.75
      vertex 121.83 187.889 -28.75
      vertex 121.83 186.111 -28.75
    endloop
  endfacet
  facet normal 0 0 -1
    outer loop
      vertex 121.737 185.985 -28.75
      vertex 121.737 188.015 -28.75
      vertex 121.83 187.889 -28.75
    endloop
  endfacet
  facet normal 0 0 -1
    outer loop
      vertex 121.631 185.869 -28.75
      vertex 121.737 188.015 -28.75
      vertex 121.737 185.985 -28.75
    endloop
  endfacet
  facet normal 0 0 -1
    outer loop
      vertex 121.631 185.869 -28.75
      vertex 121.631 188.131 -28.75
      vertex 121.737 188.015 -28.75
    endloop
  endfacet
  facet normal 0 0 -1
    outer loop
      vertex 121.515 185.763 -28.75
      vertex 121.631 188.131 -28.75
      vertex 121.631 185.869 -28.75
    endloop
  endfacet
  facet normal 0 0 -1
    outer loop
      vertex 121.515 185.763 -28.75
      vertex 121.515 188.237 -28.75
      vertex 121.631 188.131 -28.75
    endloop
  endfacet
  facet normal 0 0 -1
    outer loop
      vertex 121.389 185.67 -28.75
      vertex 121.515 188.237 -28.75
      vertex 121.515 185.763 -28.75
    endloop
  endfacet
  facet normal 0 0 -1
    outer loop
      vertex 121.389 185.67 -28.75
      vertex 121.389 188.33 -28.75
      vertex 121.515 188.237 -28.75
    endloop
  endfacet
  facet normal 0 0 -1
    outer loop
      vertex 121.254 185.589 -28.75
      vertex 121.389 188.33 -28.75
      vertex 121.389 185.67 -28.75
    endloop
  endfacet
  facet normal 0 0 -1
    outer loop
      vertex 121.254 185.589 -28.75
      vertex 121.254 188.411 -28.75
      vertex 121.389 188.33 -28.75
    endloop
  endfacet
  facet normal 0 0 -1
    outer loop
      vertex 121.112 185.522 -28.75
      vertex 121.254 188.411 -28.75
      vertex 121.254 185.589 -28.75
    endloop
  endfacet
  facet normal 0 0 -1
    outer loop
      vertex 121.112 185.522 -28.75
      vertex 121.112 188.478 -28.75
      vertex 121.254 188.411 -28.75
    endloop
  endfacet
  facet normal 0 0 -1
    outer loop
      vertex 120.964 185.469 -28.75
      vertex 121.112 188.478 -28.75
      vertex 121.112 185.522 -28.75
    endloop
  endfacet
  facet normal 0 0 -1
    outer loop
      vertex 120.964 185.469 -28.75
      vertex 120.964 188.531 -28.75
      vertex 121.112 188.478 -28.75
    endloop
  endfacet
  facet normal 0 0 -1
    outer loop
      vertex 120.812 185.431 -28.75
      vertex 120.964 188.531 -28.75
      vertex 120.964 185.469 -28.75
    endloop
  endfacet
  facet normal 0 0 -1
    outer loop
      vertex 120.812 185.431 -28.75
      vertex 120.812 188.569 -28.75
      vertex 120.964 188.531 -28.75
    endloop
  endfacet
  facet normal 0 0 -1
    outer loop
      vertex 120.657 185.408 -28.75
      vertex 120.812 188.569 -28.75
      vertex 120.812 185.431 -28.75
    endloop
  endfacet
  facet normal 0 0 -1
    outer loop
      vertex 120.657 185.408 -28.75
      vertex 120.657 188.592 -28.75
      vertex 120.812 188.569 -28.75
    endloop
  endfacet
  facet normal 0 0 -1
    outer loop
      vertex 120.5 185.4 -28.75
      vertex 120.657 188.592 -28.75
      vertex 120.657 185.408 -28.75
    endloop
  endfacet
  facet normal 0 0 -1
    outer loop
      vertex 120.5 185.4 -28.75
      vertex 120.5 188.6 -28.75
      vertex 120.657 188.592 -28.75
    endloop
  endfacet
  facet normal 0 0 -1
    outer loop
      vertex 120.343 185.408 -28.75
      vertex 120.5 188.6 -28.75
      vertex 120.5 185.4 -28.75
    endloop
  endfacet
  facet normal 0 0 -1
    outer loop
      vertex 120.343 185.408 -28.75
      vertex 120.343 188.592 -28.75
      vertex 120.5 188.6 -28.75
    endloop
  endfacet
  facet normal 0 0 -1
    outer loop
      vertex 120.188 185.431 -28.75
      vertex 120.343 188.592 -28.75
      vertex 120.343 185.408 -28.75
    endloop
  endfacet
  facet normal 0 0 -1
    outer loop
      vertex 120.188 185.431 -28.75
      vertex 120.188 188.569 -28.75
      vertex 120.343 188.592 -28.75
    endloop
  endfacet
  facet normal 0 0 -1
    outer loop
      vertex 120.036 185.469 -28.75
      vertex 120.188 188.569 -28.75
      vertex 120.188 185.431 -28.75
    endloop
  endfacet
  facet normal 0 0 -1
    outer loop
      vertex 120.036 185.469 -28.75
      vertex 120.036 188.531 -28.75
      vertex 120.188 188.569 -28.75
    endloop
  endfacet
  facet normal 0 0 -1
    outer loop
      vertex 119.888 185.522 -28.75
      vertex 120.036 188.531 -28.75
      vertex 120.036 185.469 -28.75
    endloop
  endfacet
  facet normal 0 0 -1
    outer loop
      vertex 119.888 185.522 -28.75
      vertex 119.888 188.478 -28.75
      vertex 120.036 188.531 -28.75
    endloop
  endfacet
  facet normal 0 0 -1
    outer loop
      vertex 119.746 185.589 -28.75
      vertex 119.888 188.478 -28.75
      vertex 119.888 185.522 -28.75
    endloop
  endfacet
  facet normal 0 0 -1
    outer loop
      vertex 119.746 185.589 -28.75
      vertex 119.746 188.411 -28.75
      vertex 119.888 188.478 -28.75
    endloop
  endfacet
  facet normal 0 0 -1
    outer loop
      vertex 119.611 185.67 -28.75
      vertex 119.746 188.411 -28.75
      vertex 119.746 185.589 -28.75
    endloop
  endfacet
  facet normal 0 0 -1
    outer loop
      vertex 119.611 185.67 -28.75
      vertex 119.611 188.33 -28.75
      vertex 119.746 188.411 -28.75
    endloop
  endfacet
  facet normal 0 0 -1
    outer loop
      vertex 119.485 185.763 -28.75
      vertex 119.611 188.33 -28.75
      vertex 119.611 185.67 -28.75
    endloop
  endfacet
  facet normal 0 0 -1
    outer loop
      vertex 119.485 185.763 -28.75
      vertex 119.485 188.237 -28.75
      vertex 119.611 188.33 -28.75
    endloop
  endfacet
  facet normal 0 0 -1
    outer loop
      vertex 119.369 185.869 -28.75
      vertex 119.485 188.237 -28.75
      vertex 119.485 185.763 -28.75
    endloop
  endfacet
  facet normal 0 0 -1
    outer loop
      vertex 119.369 185.869 -28.75
      vertex 119.369 188.131 -28.75
      vertex 119.485 188.237 -28.75
    endloop
  endfacet
  facet normal 0 0 -1
    outer loop
      vertex 119.263 185.985 -28.75
      vertex 119.369 188.131 -28.75
      vertex 119.369 185.869 -28.75
    endloop
  endfacet
  facet normal 0 0 -1
    outer loop
      vertex 119.263 185.985 -28.75
      vertex 119.263 188.015 -28.75
      vertex 119.369 188.131 -28.75
    endloop
  endfacet
  facet normal 0 0 -1
    outer loop
      vertex 119.17 186.111 -28.75
      vertex 119.263 188.015 -28.75
      vertex 119.263 185.985 -28.75
    endloop
  endfacet
  facet normal 0 0 -1
    outer loop
      vertex 119.17 186.111 -28.75
      vertex 119.17 187.889 -28.75
      vertex 119.263 188.015 -28.75
    endloop
  endfacet
  facet normal 0 0 -1
    outer loop
      vertex 119.089 186.246 -28.75
      vertex 119.17 187.889 -28.75
      vertex 119.17 186.111 -28.75
    endloop
  endfacet
  facet normal 0 0 -1
    outer loop
      vertex 119.089 186.246 -28.75
      vertex 119.089 187.754 -28.75
      vertex 119.17 187.889 -28.75
    endloop
  endfacet
  facet normal 0 0 -1
    outer loop
      vertex 119.022 186.388 -28.75
      vertex 119.089 187.754 -28.75
      vertex 119.089 186.246 -28.75
    endloop
  endfacet
  facet normal 0 0 -1
    outer loop
      vertex 119.022 186.388 -28.75
      vertex 119.022 187.612 -28.75
      vertex 119.089 187.754 -28.75
    endloop
  endfacet
  facet normal 0 0 -1
    outer loop
      vertex 118.969 186.536 -28.75
      vertex 119.022 187.612 -28.75
      vertex 119.022 186.388 -28.75
    endloop
  endfacet
  facet normal 0 0 -1
    outer loop
      vertex 118.969 186.536 -28.75
      vertex 118.969 187.464 -28.75
      vertex 119.022 187.612 -28.75
    endloop
  endfacet
  facet normal 0 0 -1
    outer loop
      vertex 118.931 186.688 -28.75
      vertex 118.969 187.464 -28.75
      vertex 118.969 186.536 -28.75
    endloop
  endfacet
  facet normal 0 0 -1
    outer loop
      vertex 118.931 186.688 -28.75
      vertex 118.931 187.312 -28.75
      vertex 118.969 187.464 -28.75
    endloop
  endfacet
  facet normal 0 0 -1
    outer loop
      vertex 118.908 186.843 -28.75
      vertex 118.931 187.312 -28.75
      vertex 118.931 186.688 -28.75
    endloop
  endfacet
  facet normal 0 0 -1
    outer loop
      vertex 118.908 186.843 -28.75
      vertex 118.908 187.157 -28.75
      vertex 118.931 187.312 -28.75
    endloop
  endfacet
  facet normal 0 -0 -1
    outer loop
      vertex 118.908 187.157 -28.75
      vertex 118.908 186.843 -28.75
      vertex 118.9 187 -28.75
    endloop
  endfacet
  facet normal 0.941454 0.337142 0
    outer loop
      vertex 122.031 187.464 -27
      vertex 121.978 187.612 -28.75
      vertex 121.978 187.612 -27
    endloop
  endfacet
  facet normal 0.941454 0.337142 0
    outer loop
      vertex 121.978 187.612 -28.75
      vertex 122.031 187.464 -27
      vertex 122.031 187.464 -28.75
    endloop
  endfacet
  facet normal 0.0508894 -0.998704 0
    outer loop
      vertex 120.5 185.4 -28.75
      vertex 120.657 185.408 -27
      vertex 120.5 185.4 -27
    endloop
  endfacet
  facet normal 0.0508894 -0.998704 0
    outer loop
      vertex 120.657 185.408 -27
      vertex 120.5 185.4 -28.75
      vertex 120.657 185.408 -28.75
    endloop
  endfacet
  facet normal 0.593852 -0.804574 0
    outer loop
      vertex 121.389 185.67 -28.75
      vertex 121.515 185.763 -27
      vertex 121.389 185.67 -27
    endloop
  endfacet
  facet normal 0.593852 -0.804574 0
    outer loop
      vertex 121.515 185.763 -27
      vertex 121.389 185.67 -28.75
      vertex 121.515 185.763 -28.75
    endloop
  endfacet
  facet normal 0.857493 -0.514496 0
    outer loop
      vertex 121.83 186.111 -27
      vertex 121.911 186.246 -28.75
      vertex 121.911 186.246 -27
    endloop
  endfacet
  facet normal 0.857493 -0.514496 0
    outer loop
      vertex 121.911 186.246 -28.75
      vertex 121.83 186.111 -27
      vertex 121.83 186.111 -28.75
    endloop
  endfacet
  facet normal 0.804574 0.593852 0
    outer loop
      vertex 121.83 187.889 -27
      vertex 121.737 188.015 -28.75
      vertex 121.737 188.015 -27
    endloop
  endfacet
  facet normal 0.804574 0.593852 0
    outer loop
      vertex 121.737 188.015 -28.75
      vertex 121.83 187.889 -27
      vertex 121.83 187.889 -28.75
    endloop
  endfacet
  facet normal 0.998704 0.0508894 0
    outer loop
      vertex 122.1 207.5 -27
      vertex 122.092 207.657 -28.75
      vertex 122.092 207.657 -27
    endloop
  endfacet
  facet normal 0.998704 0.0508894 0
    outer loop
      vertex 122.092 207.657 -28.75
      vertex 122.1 207.5 -27
      vertex 122.1 207.5 -28.75
    endloop
  endfacet
  facet normal -0.989169 0.14678 0
    outer loop
      vertex 118.908 207.657 -28.75
      vertex 118.931 207.812 -27
      vertex 118.931 207.812 -28.75
    endloop
  endfacet
  facet normal -0.989169 0.14678 0
    outer loop
      vertex 118.931 207.812 -27
      vertex 118.908 207.657 -28.75
      vertex 118.908 207.657 -27
    endloop
  endfacet
  facet normal -0.998704 0.0508894 0
    outer loop
      vertex 118.9 207.5 -28.75
      vertex 118.908 207.657 -27
      vertex 118.908 207.657 -28.75
    endloop
  endfacet
  facet normal -0.998704 0.0508894 0
    outer loop
      vertex 118.908 207.657 -27
      vertex 118.9 207.5 -28.75
      vertex 118.9 207.5 -27
    endloop
  endfacet
  facet normal -0.970143 0.242536 0
    outer loop
      vertex 118.931 207.812 -28.75
      vertex 118.969 207.964 -27
      vertex 118.969 207.964 -28.75
    endloop
  endfacet
  facet normal -0.970143 0.242536 0
    outer loop
      vertex 118.969 207.964 -27
      vertex 118.931 207.812 -28.75
      vertex 118.931 207.812 -27
    endloop
  endfacet
  facet normal -0.14678 0.989169 0
    outer loop
      vertex 120.343 209.092 -28.75
      vertex 120.188 209.069 -27
      vertex 120.343 209.092 -27
    endloop
  endfacet
  facet normal -0.14678 0.989169 0
    outer loop
      vertex 120.188 209.069 -27
      vertex 120.343 209.092 -28.75
      vertex 120.188 209.069 -28.75
    endloop
  endfacet
  facet normal 0.970143 -0.242536 0
    outer loop
      vertex 122.031 207.036 -27
      vertex 122.069 207.188 -28.75
      vertex 122.069 207.188 -27
    endloop
  endfacet
  facet normal 0.970143 -0.242536 0
    outer loop
      vertex 122.069 207.188 -28.75
      vertex 122.031 207.036 -27
      vertex 122.031 207.036 -28.75
    endloop
  endfacet
  facet normal 0.337142 -0.941454 0
    outer loop
      vertex 120.964 205.969 -28.75
      vertex 121.112 206.022 -27
      vertex 120.964 205.969 -27
    endloop
  endfacet
  facet normal 0.337142 -0.941454 0
    outer loop
      vertex 121.112 206.022 -27
      vertex 120.964 205.969 -28.75
      vertex 121.112 206.022 -28.75
    endloop
  endfacet
  facet normal -0.998704 -0.0508894 0
    outer loop
      vertex 118.908 207.343 -28.75
      vertex 118.9 207.5 -27
      vertex 118.9 207.5 -28.75
    endloop
  endfacet
  facet normal -0.998704 -0.0508894 0
    outer loop
      vertex 118.9 207.5 -27
      vertex 118.908 207.343 -28.75
      vertex 118.908 207.343 -27
    endloop
  endfacet
  facet normal 0.989169 0.14678 0
    outer loop
      vertex 122.092 207.657 -27
      vertex 122.069 207.812 -28.75
      vertex 122.069 207.812 -27
    endloop
  endfacet
  facet normal 0.989169 0.14678 0
    outer loop
      vertex 122.069 207.812 -28.75
      vertex 122.092 207.657 -27
      vertex 122.092 207.657 -28.75
    endloop
  endfacet
  facet normal -0.14678 -0.989169 0
    outer loop
      vertex 120.188 205.931 -28.75
      vertex 120.343 205.908 -27
      vertex 120.188 205.931 -27
    endloop
  endfacet
  facet normal -0.14678 -0.989169 -0
    outer loop
      vertex 120.343 205.908 -27
      vertex 120.188 205.931 -28.75
      vertex 120.343 205.908 -28.75
    endloop
  endfacet
  facet normal -0.941454 0.337142 0
    outer loop
      vertex 118.969 207.964 -28.75
      vertex 119.022 208.112 -27
      vertex 119.022 208.112 -28.75
    endloop
  endfacet
  facet normal -0.941454 0.337142 0
    outer loop
      vertex 119.022 208.112 -27
      vertex 118.969 207.964 -28.75
      vertex 118.969 207.964 -27
    endloop
  endfacet
  facet normal 0.426717 0.904385 -0
    outer loop
      vertex 121.254 208.911 -28.75
      vertex 121.112 208.978 -27
      vertex 121.254 208.911 -27
    endloop
  endfacet
  facet normal 0.426717 0.904385 0
    outer loop
      vertex 121.112 208.978 -27
      vertex 121.254 208.911 -28.75
      vertex 121.112 208.978 -28.75
    endloop
  endfacet
  facet normal -0.970143 -0.242536 0
    outer loop
      vertex 118.969 207.036 -28.75
      vertex 118.931 207.188 -27
      vertex 118.931 207.188 -28.75
    endloop
  endfacet
  facet normal -0.970143 -0.242536 0
    outer loop
      vertex 118.931 207.188 -27
      vertex 118.969 207.036 -28.75
      vertex 118.969 207.036 -27
    endloop
  endfacet
  facet normal 0.426717 -0.904385 0
    outer loop
      vertex 121.112 206.022 -28.75
      vertex 121.254 206.089 -27
      vertex 121.112 206.022 -27
    endloop
  endfacet
  facet normal 0.426717 -0.904385 0
    outer loop
      vertex 121.254 206.089 -27
      vertex 121.112 206.022 -28.75
      vertex 121.254 206.089 -28.75
    endloop
  endfacet
  facet normal 0.242536 0.970143 -0
    outer loop
      vertex 120.964 209.031 -28.75
      vertex 120.812 209.069 -27
      vertex 120.964 209.031 -27
    endloop
  endfacet
  facet normal 0.242536 0.970143 0
    outer loop
      vertex 120.812 209.069 -27
      vertex 120.964 209.031 -28.75
      vertex 120.812 209.069 -28.75
    endloop
  endfacet
  facet normal 0.904385 0.426717 0
    outer loop
      vertex 121.978 208.112 -27
      vertex 121.911 208.254 -28.75
      vertex 121.911 208.254 -27
    endloop
  endfacet
  facet normal 0.904385 0.426717 0
    outer loop
      vertex 121.911 208.254 -28.75
      vertex 121.978 208.112 -27
      vertex 121.978 208.112 -28.75
    endloop
  endfacet
  facet normal 0.904385 -0.426717 0
    outer loop
      vertex 121.911 206.746 -27
      vertex 121.978 206.888 -28.75
      vertex 121.978 206.888 -27
    endloop
  endfacet
  facet normal 0.904385 -0.426717 0
    outer loop
      vertex 121.978 206.888 -28.75
      vertex 121.911 206.746 -27
      vertex 121.911 206.746 -28.75
    endloop
  endfacet
  facet normal -0.337142 0.941454 0
    outer loop
      vertex 120.036 209.031 -28.75
      vertex 119.888 208.978 -27
      vertex 120.036 209.031 -27
    endloop
  endfacet
  facet normal -0.337142 0.941454 0
    outer loop
      vertex 119.888 208.978 -27
      vertex 120.036 209.031 -28.75
      vertex 119.888 208.978 -28.75
    endloop
  endfacet
  facet normal -0.242536 0.970143 0
    outer loop
      vertex 120.188 209.069 -28.75
      vertex 120.036 209.031 -27
      vertex 120.188 209.069 -27
    endloop
  endfacet
  facet normal -0.242536 0.970143 0
    outer loop
      vertex 120.036 209.031 -27
      vertex 120.188 209.069 -28.75
      vertex 120.036 209.031 -28.75
    endloop
  endfacet
  facet normal 0.337142 0.941454 -0
    outer loop
      vertex 121.112 208.978 -28.75
      vertex 120.964 209.031 -27
      vertex 121.112 208.978 -27
    endloop
  endfacet
  facet normal 0.337142 0.941454 0
    outer loop
      vertex 120.964 209.031 -27
      vertex 121.112 208.978 -28.75
      vertex 120.964 209.031 -28.75
    endloop
  endfacet
  facet normal -0.804574 -0.593852 0
    outer loop
      vertex 119.263 206.485 -28.75
      vertex 119.17 206.611 -27
      vertex 119.17 206.611 -28.75
    endloop
  endfacet
  facet normal -0.804574 -0.593852 0
    outer loop
      vertex 119.17 206.611 -27
      vertex 119.263 206.485 -28.75
      vertex 119.263 206.485 -27
    endloop
  endfacet
  facet normal 0.857493 0.514496 0
    outer loop
      vertex 121.911 208.254 -27
      vertex 121.83 208.389 -28.75
      vertex 121.83 208.389 -27
    endloop
  endfacet
  facet normal 0.857493 0.514496 0
    outer loop
      vertex 121.83 208.389 -28.75
      vertex 121.911 208.254 -27
      vertex 121.911 208.254 -28.75
    endloop
  endfacet
  facet normal -0.674571 0.73821 0
    outer loop
      vertex 119.485 208.737 -28.75
      vertex 119.369 208.631 -27
      vertex 119.485 208.737 -27
    endloop
  endfacet
  facet normal -0.674571 0.73821 0
    outer loop
      vertex 119.369 208.631 -27
      vertex 119.485 208.737 -28.75
      vertex 119.369 208.631 -28.75
    endloop
  endfacet
  facet normal -0.0508894 -0.998704 0
    outer loop
      vertex 120.343 205.908 -28.75
      vertex 120.5 205.9 -27
      vertex 120.343 205.908 -27
    endloop
  endfacet
  facet normal -0.0508894 -0.998704 -0
    outer loop
      vertex 120.5 205.9 -27
      vertex 120.343 205.908 -28.75
      vertex 120.5 205.9 -28.75
    endloop
  endfacet
  facet normal -0.426717 0.904385 0
    outer loop
      vertex 119.888 208.978 -28.75
      vertex 119.746 208.911 -27
      vertex 119.888 208.978 -27
    endloop
  endfacet
  facet normal -0.426717 0.904385 0
    outer loop
      vertex 119.746 208.911 -27
      vertex 119.888 208.978 -28.75
      vertex 119.746 208.911 -28.75
    endloop
  endfacet
  facet normal 0.73821 -0.674571 0
    outer loop
      vertex 121.631 206.369 -27
      vertex 121.737 206.485 -28.75
      vertex 121.737 206.485 -27
    endloop
  endfacet
  facet normal 0.73821 -0.674571 0
    outer loop
      vertex 121.737 206.485 -28.75
      vertex 121.631 206.369 -27
      vertex 121.631 206.369 -28.75
    endloop
  endfacet
  facet normal -0.904385 0.426717 0
    outer loop
      vertex 119.022 208.112 -28.75
      vertex 119.089 208.254 -27
      vertex 119.089 208.254 -28.75
    endloop
  endfacet
  facet normal -0.904385 0.426717 0
    outer loop
      vertex 119.089 208.254 -27
      vertex 119.022 208.112 -28.75
      vertex 119.022 208.112 -27
    endloop
  endfacet
  facet normal -0.857493 -0.514496 0
    outer loop
      vertex 119.17 206.611 -28.75
      vertex 119.089 206.746 -27
      vertex 119.089 206.746 -28.75
    endloop
  endfacet
  facet normal -0.857493 -0.514496 0
    outer loop
      vertex 119.089 206.746 -27
      vertex 119.17 206.611 -28.75
      vertex 119.17 206.611 -27
    endloop
  endfacet
  facet normal -0.242536 -0.970143 0
    outer loop
      vertex 120.036 205.969 -28.75
      vertex 120.188 205.931 -27
      vertex 120.036 205.969 -27
    endloop
  endfacet
  facet normal -0.242536 -0.970143 -0
    outer loop
      vertex 120.188 205.931 -27
      vertex 120.036 205.969 -28.75
      vertex 120.188 205.931 -28.75
    endloop
  endfacet
  facet normal 0.941454 -0.337142 0
    outer loop
      vertex 121.978 206.888 -27
      vertex 122.031 207.036 -28.75
      vertex 122.031 207.036 -27
    endloop
  endfacet
  facet normal 0.941454 -0.337142 0
    outer loop
      vertex 122.031 207.036 -28.75
      vertex 121.978 206.888 -27
      vertex 121.978 206.888 -28.75
    endloop
  endfacet
  facet normal -0.514496 0.857493 0
    outer loop
      vertex 119.746 208.911 -28.75
      vertex 119.611 208.83 -27
      vertex 119.746 208.911 -27
    endloop
  endfacet
  facet normal -0.514496 0.857493 0
    outer loop
      vertex 119.611 208.83 -27
      vertex 119.746 208.911 -28.75
      vertex 119.611 208.83 -28.75
    endloop
  endfacet
  facet normal 0.0508894 -0.998704 0
    outer loop
      vertex 120.5 205.9 -28.75
      vertex 120.657 205.908 -27
      vertex 120.5 205.9 -27
    endloop
  endfacet
  facet normal 0.0508894 -0.998704 0
    outer loop
      vertex 120.657 205.908 -27
      vertex 120.5 205.9 -28.75
      vertex 120.657 205.908 -28.75
    endloop
  endfacet
  facet normal -0.593852 -0.804574 0
    outer loop
      vertex 119.485 206.263 -28.75
      vertex 119.611 206.17 -27
      vertex 119.485 206.263 -27
    endloop
  endfacet
  facet normal -0.593852 -0.804574 -0
    outer loop
      vertex 119.611 206.17 -27
      vertex 119.485 206.263 -28.75
      vertex 119.611 206.17 -28.75
    endloop
  endfacet
  facet normal 0.970143 0.242536 0
    outer loop
      vertex 122.069 207.812 -27
      vertex 122.031 207.964 -28.75
      vertex 122.031 207.964 -27
    endloop
  endfacet
  facet normal 0.970143 0.242536 0
    outer loop
      vertex 122.031 207.964 -28.75
      vertex 122.069 207.812 -27
      vertex 122.069 207.812 -28.75
    endloop
  endfacet
  facet normal -0.337142 -0.941454 0
    outer loop
      vertex 119.888 206.022 -28.75
      vertex 120.036 205.969 -27
      vertex 119.888 206.022 -27
    endloop
  endfacet
  facet normal -0.337142 -0.941454 -0
    outer loop
      vertex 120.036 205.969 -27
      vertex 119.888 206.022 -28.75
      vertex 120.036 205.969 -28.75
    endloop
  endfacet
  facet normal -0.804574 0.593852 0
    outer loop
      vertex 119.17 208.389 -28.75
      vertex 119.263 208.515 -27
      vertex 119.263 208.515 -28.75
    endloop
  endfacet
  facet normal -0.804574 0.593852 0
    outer loop
      vertex 119.263 208.515 -27
      vertex 119.17 208.389 -28.75
      vertex 119.17 208.389 -27
    endloop
  endfacet
  facet normal 0.514496 -0.857493 0
    outer loop
      vertex 121.254 206.089 -28.75
      vertex 121.389 206.17 -27
      vertex 121.254 206.089 -27
    endloop
  endfacet
  facet normal 0.514496 -0.857493 0
    outer loop
      vertex 121.389 206.17 -27
      vertex 121.254 206.089 -28.75
      vertex 121.389 206.17 -28.75
    endloop
  endfacet
  facet normal -0.593852 0.804574 0
    outer loop
      vertex 119.611 208.83 -28.75
      vertex 119.485 208.737 -27
      vertex 119.611 208.83 -27
    endloop
  endfacet
  facet normal -0.593852 0.804574 0
    outer loop
      vertex 119.485 208.737 -27
      vertex 119.611 208.83 -28.75
      vertex 119.485 208.737 -28.75
    endloop
  endfacet
  facet normal -0.904385 -0.426717 0
    outer loop
      vertex 119.089 206.746 -28.75
      vertex 119.022 206.888 -27
      vertex 119.022 206.888 -28.75
    endloop
  endfacet
  facet normal -0.904385 -0.426717 0
    outer loop
      vertex 119.022 206.888 -27
      vertex 119.089 206.746 -28.75
      vertex 119.089 206.746 -27
    endloop
  endfacet
  facet normal -0.73821 -0.674571 0
    outer loop
      vertex 119.369 206.369 -28.75
      vertex 119.263 206.485 -27
      vertex 119.263 206.485 -28.75
    endloop
  endfacet
  facet normal -0.73821 -0.674571 0
    outer loop
      vertex 119.263 206.485 -27
      vertex 119.369 206.369 -28.75
      vertex 119.369 206.369 -27
    endloop
  endfacet
  facet normal -0.0508894 0.998704 0
    outer loop
      vertex 120.5 209.1 -28.75
      vertex 120.343 209.092 -27
      vertex 120.5 209.1 -27
    endloop
  endfacet
  facet normal -0.0508894 0.998704 0
    outer loop
      vertex 120.343 209.092 -27
      vertex 120.5 209.1 -28.75
      vertex 120.343 209.092 -28.75
    endloop
  endfacet
  facet normal -0.426717 -0.904385 0
    outer loop
      vertex 119.746 206.089 -28.75
      vertex 119.888 206.022 -27
      vertex 119.746 206.089 -27
    endloop
  endfacet
  facet normal -0.426717 -0.904385 -0
    outer loop
      vertex 119.888 206.022 -27
      vertex 119.746 206.089 -28.75
      vertex 119.888 206.022 -28.75
    endloop
  endfacet
  facet normal 0.14678 0.989169 -0
    outer loop
      vertex 120.812 209.069 -28.75
      vertex 120.657 209.092 -27
      vertex 120.812 209.069 -27
    endloop
  endfacet
  facet normal 0.14678 0.989169 0
    outer loop
      vertex 120.657 209.092 -27
      vertex 120.812 209.069 -28.75
      vertex 120.657 209.092 -28.75
    endloop
  endfacet
  facet normal -0.989169 -0.14678 0
    outer loop
      vertex 118.931 207.188 -28.75
      vertex 118.908 207.343 -27
      vertex 118.908 207.343 -28.75
    endloop
  endfacet
  facet normal -0.989169 -0.14678 0
    outer loop
      vertex 118.908 207.343 -27
      vertex 118.931 207.188 -28.75
      vertex 118.931 207.188 -27
    endloop
  endfacet
  facet normal 0.674571 0.73821 -0
    outer loop
      vertex 121.631 208.631 -28.75
      vertex 121.515 208.737 -27
      vertex 121.631 208.631 -27
    endloop
  endfacet
  facet normal 0.674571 0.73821 0
    outer loop
      vertex 121.515 208.737 -27
      vertex 121.631 208.631 -28.75
      vertex 121.515 208.737 -28.75
    endloop
  endfacet
  facet normal -0.857493 0.514496 0
    outer loop
      vertex 119.089 208.254 -28.75
      vertex 119.17 208.389 -27
      vertex 119.17 208.389 -28.75
    endloop
  endfacet
  facet normal -0.857493 0.514496 0
    outer loop
      vertex 119.17 208.389 -27
      vertex 119.089 208.254 -28.75
      vertex 119.089 208.254 -27
    endloop
  endfacet
  facet normal -0.73821 0.674571 0
    outer loop
      vertex 119.263 208.515 -28.75
      vertex 119.369 208.631 -27
      vertex 119.369 208.631 -28.75
    endloop
  endfacet
  facet normal -0.73821 0.674571 0
    outer loop
      vertex 119.369 208.631 -27
      vertex 119.263 208.515 -28.75
      vertex 119.263 208.515 -27
    endloop
  endfacet
  facet normal 0.804574 -0.593852 0
    outer loop
      vertex 121.737 206.485 -27
      vertex 121.83 206.611 -28.75
      vertex 121.83 206.611 -27
    endloop
  endfacet
  facet normal 0.804574 -0.593852 0
    outer loop
      vertex 121.83 206.611 -28.75
      vertex 121.737 206.485 -27
      vertex 121.737 206.485 -28.75
    endloop
  endfacet
  facet normal 0.73821 0.674571 0
    outer loop
      vertex 121.737 208.515 -27
      vertex 121.631 208.631 -28.75
      vertex 121.631 208.631 -27
    endloop
  endfacet
  facet normal 0.73821 0.674571 0
    outer loop
      vertex 121.631 208.631 -28.75
      vertex 121.737 208.515 -27
      vertex 121.737 208.515 -28.75
    endloop
  endfacet
  facet normal 0.593852 -0.804574 0
    outer loop
      vertex 121.389 206.17 -28.75
      vertex 121.515 206.263 -27
      vertex 121.389 206.17 -27
    endloop
  endfacet
  facet normal 0.593852 -0.804574 0
    outer loop
      vertex 121.515 206.263 -27
      vertex 121.389 206.17 -28.75
      vertex 121.515 206.263 -28.75
    endloop
  endfacet
  facet normal 0.674571 -0.73821 0
    outer loop
      vertex 121.515 206.263 -28.75
      vertex 121.631 206.369 -27
      vertex 121.515 206.263 -27
    endloop
  endfacet
  facet normal 0.674571 -0.73821 0
    outer loop
      vertex 121.631 206.369 -27
      vertex 121.515 206.263 -28.75
      vertex 121.631 206.369 -28.75
    endloop
  endfacet
  facet normal -0.514496 -0.857493 0
    outer loop
      vertex 119.611 206.17 -28.75
      vertex 119.746 206.089 -27
      vertex 119.611 206.17 -27
    endloop
  endfacet
  facet normal -0.514496 -0.857493 -0
    outer loop
      vertex 119.746 206.089 -27
      vertex 119.611 206.17 -28.75
      vertex 119.746 206.089 -28.75
    endloop
  endfacet
  facet normal -0.674571 -0.73821 0
    outer loop
      vertex 119.369 206.369 -28.75
      vertex 119.485 206.263 -27
      vertex 119.369 206.369 -27
    endloop
  endfacet
  facet normal -0.674571 -0.73821 -0
    outer loop
      vertex 119.485 206.263 -27
      vertex 119.369 206.369 -28.75
      vertex 119.485 206.263 -28.75
    endloop
  endfacet
  facet normal 0.0508894 0.998704 -0
    outer loop
      vertex 120.657 209.092 -28.75
      vertex 120.5 209.1 -27
      vertex 120.657 209.092 -27
    endloop
  endfacet
  facet normal 0.0508894 0.998704 0
    outer loop
      vertex 120.5 209.1 -27
      vertex 120.657 209.092 -28.75
      vertex 120.5 209.1 -28.75
    endloop
  endfacet
  facet normal 0.242536 -0.970143 0
    outer loop
      vertex 120.812 205.931 -28.75
      vertex 120.964 205.969 -27
      vertex 120.812 205.931 -27
    endloop
  endfacet
  facet normal 0.242536 -0.970143 0
    outer loop
      vertex 120.964 205.969 -27
      vertex 120.812 205.931 -28.75
      vertex 120.964 205.969 -28.75
    endloop
  endfacet
  facet normal 0.989169 -0.14678 0
    outer loop
      vertex 122.069 207.188 -27
      vertex 122.092 207.343 -28.75
      vertex 122.092 207.343 -27
    endloop
  endfacet
  facet normal 0.989169 -0.14678 0
    outer loop
      vertex 122.092 207.343 -28.75
      vertex 122.069 207.188 -27
      vertex 122.069 207.188 -28.75
    endloop
  endfacet
  facet normal 0.514496 0.857493 -0
    outer loop
      vertex 121.389 208.83 -28.75
      vertex 121.254 208.911 -27
      vertex 121.389 208.83 -27
    endloop
  endfacet
  facet normal 0.514496 0.857493 0
    outer loop
      vertex 121.254 208.911 -27
      vertex 121.389 208.83 -28.75
      vertex 121.254 208.911 -28.75
    endloop
  endfacet
  facet normal 0.593852 0.804574 -0
    outer loop
      vertex 121.515 208.737 -28.75
      vertex 121.389 208.83 -27
      vertex 121.515 208.737 -27
    endloop
  endfacet
  facet normal 0.593852 0.804574 0
    outer loop
      vertex 121.389 208.83 -27
      vertex 121.515 208.737 -28.75
      vertex 121.389 208.83 -28.75
    endloop
  endfacet
  facet normal 0 0 -1
    outer loop
      vertex 122.092 207.343 -28.75
      vertex 122.092 207.657 -28.75
      vertex 122.1 207.5 -28.75
    endloop
  endfacet
  facet normal 0 0 -1
    outer loop
      vertex 122.069 207.188 -28.75
      vertex 122.092 207.657 -28.75
      vertex 122.092 207.343 -28.75
    endloop
  endfacet
  facet normal 0 0 -1
    outer loop
      vertex 122.069 207.188 -28.75
      vertex 122.069 207.812 -28.75
      vertex 122.092 207.657 -28.75
    endloop
  endfacet
  facet normal 0 0 -1
    outer loop
      vertex 122.031 207.036 -28.75
      vertex 122.069 207.812 -28.75
      vertex 122.069 207.188 -28.75
    endloop
  endfacet
  facet normal 0 0 -1
    outer loop
      vertex 122.031 207.036 -28.75
      vertex 122.031 207.964 -28.75
      vertex 122.069 207.812 -28.75
    endloop
  endfacet
  facet normal 0 0 -1
    outer loop
      vertex 121.978 206.888 -28.75
      vertex 122.031 207.964 -28.75
      vertex 122.031 207.036 -28.75
    endloop
  endfacet
  facet normal 0 0 -1
    outer loop
      vertex 121.978 206.888 -28.75
      vertex 121.978 208.112 -28.75
      vertex 122.031 207.964 -28.75
    endloop
  endfacet
  facet normal 0 0 -1
    outer loop
      vertex 121.911 206.746 -28.75
      vertex 121.978 208.112 -28.75
      vertex 121.978 206.888 -28.75
    endloop
  endfacet
  facet normal 0 0 -1
    outer loop
      vertex 121.911 206.746 -28.75
      vertex 121.911 208.254 -28.75
      vertex 121.978 208.112 -28.75
    endloop
  endfacet
  facet normal 0 0 -1
    outer loop
      vertex 121.83 206.611 -28.75
      vertex 121.911 208.254 -28.75
      vertex 121.911 206.746 -28.75
    endloop
  endfacet
  facet normal 0 0 -1
    outer loop
      vertex 121.83 206.611 -28.75
      vertex 121.83 208.389 -28.75
      vertex 121.911 208.254 -28.75
    endloop
  endfacet
  facet normal 0 0 -1
    outer loop
      vertex 121.737 206.485 -28.75
      vertex 121.83 208.389 -28.75
      vertex 121.83 206.611 -28.75
    endloop
  endfacet
  facet normal 0 0 -1
    outer loop
      vertex 121.737 206.485 -28.75
      vertex 121.737 208.515 -28.75
      vertex 121.83 208.389 -28.75
    endloop
  endfacet
  facet normal 0 0 -1
    outer loop
      vertex 121.631 206.369 -28.75
      vertex 121.737 208.515 -28.75
      vertex 121.737 206.485 -28.75
    endloop
  endfacet
  facet normal 0 0 -1
    outer loop
      vertex 121.631 206.369 -28.75
      vertex 121.631 208.631 -28.75
      vertex 121.737 208.515 -28.75
    endloop
  endfacet
  facet normal 0 0 -1
    outer loop
      vertex 121.515 206.263 -28.75
      vertex 121.631 208.631 -28.75
      vertex 121.631 206.369 -28.75
    endloop
  endfacet
  facet normal 0 0 -1
    outer loop
      vertex 121.515 206.263 -28.75
      vertex 121.515 208.737 -28.75
      vertex 121.631 208.631 -28.75
    endloop
  endfacet
  facet normal 0 0 -1
    outer loop
      vertex 121.389 206.17 -28.75
      vertex 121.515 208.737 -28.75
      vertex 121.515 206.263 -28.75
    endloop
  endfacet
  facet normal 0 0 -1
    outer loop
      vertex 121.389 206.17 -28.75
      vertex 121.389 208.83 -28.75
      vertex 121.515 208.737 -28.75
    endloop
  endfacet
  facet normal 0 0 -1
    outer loop
      vertex 121.254 206.089 -28.75
      vertex 121.389 208.83 -28.75
      vertex 121.389 206.17 -28.75
    endloop
  endfacet
  facet normal 0 0 -1
    outer loop
      vertex 121.254 206.089 -28.75
      vertex 121.254 208.911 -28.75
      vertex 121.389 208.83 -28.75
    endloop
  endfacet
  facet normal 0 0 -1
    outer loop
      vertex 121.112 206.022 -28.75
      vertex 121.254 208.911 -28.75
      vertex 121.254 206.089 -28.75
    endloop
  endfacet
  facet normal 0 0 -1
    outer loop
      vertex 121.112 206.022 -28.75
      vertex 121.112 208.978 -28.75
      vertex 121.254 208.911 -28.75
    endloop
  endfacet
  facet normal 0 0 -1
    outer loop
      vertex 120.964 205.969 -28.75
      vertex 121.112 208.978 -28.75
      vertex 121.112 206.022 -28.75
    endloop
  endfacet
  facet normal 0 0 -1
    outer loop
      vertex 120.964 205.969 -28.75
      vertex 120.964 209.031 -28.75
      vertex 121.112 208.978 -28.75
    endloop
  endfacet
  facet normal 0 0 -1
    outer loop
      vertex 120.812 205.931 -28.75
      vertex 120.964 209.031 -28.75
      vertex 120.964 205.969 -28.75
    endloop
  endfacet
  facet normal 0 0 -1
    outer loop
      vertex 120.812 205.931 -28.75
      vertex 120.812 209.069 -28.75
      vertex 120.964 209.031 -28.75
    endloop
  endfacet
  facet normal 0 0 -1
    outer loop
      vertex 120.657 205.908 -28.75
      vertex 120.812 209.069 -28.75
      vertex 120.812 205.931 -28.75
    endloop
  endfacet
  facet normal 0 0 -1
    outer loop
      vertex 120.657 205.908 -28.75
      vertex 120.657 209.092 -28.75
      vertex 120.812 209.069 -28.75
    endloop
  endfacet
  facet normal 0 0 -1
    outer loop
      vertex 120.5 205.9 -28.75
      vertex 120.657 209.092 -28.75
      vertex 120.657 205.908 -28.75
    endloop
  endfacet
  facet normal 0 0 -1
    outer loop
      vertex 120.5 205.9 -28.75
      vertex 120.5 209.1 -28.75
      vertex 120.657 209.092 -28.75
    endloop
  endfacet
  facet normal 0 0 -1
    outer loop
      vertex 120.343 205.908 -28.75
      vertex 120.5 209.1 -28.75
      vertex 120.5 205.9 -28.75
    endloop
  endfacet
  facet normal 0 0 -1
    outer loop
      vertex 120.343 205.908 -28.75
      vertex 120.343 209.092 -28.75
      vertex 120.5 209.1 -28.75
    endloop
  endfacet
  facet normal 0 0 -1
    outer loop
      vertex 120.188 205.931 -28.75
      vertex 120.343 209.092 -28.75
      vertex 120.343 205.908 -28.75
    endloop
  endfacet
  facet normal 0 0 -1
    outer loop
      vertex 120.188 205.931 -28.75
      vertex 120.188 209.069 -28.75
      vertex 120.343 209.092 -28.75
    endloop
  endfacet
  facet normal 0 0 -1
    outer loop
      vertex 120.036 205.969 -28.75
      vertex 120.188 209.069 -28.75
      vertex 120.188 205.931 -28.75
    endloop
  endfacet
  facet normal 0 0 -1
    outer loop
      vertex 120.036 205.969 -28.75
      vertex 120.036 209.031 -28.75
      vertex 120.188 209.069 -28.75
    endloop
  endfacet
  facet normal 0 0 -1
    outer loop
      vertex 119.888 206.022 -28.75
      vertex 120.036 209.031 -28.75
      vertex 120.036 205.969 -28.75
    endloop
  endfacet
  facet normal 0 0 -1
    outer loop
      vertex 119.888 206.022 -28.75
      vertex 119.888 208.978 -28.75
      vertex 120.036 209.031 -28.75
    endloop
  endfacet
  facet normal 0 0 -1
    outer loop
      vertex 119.746 206.089 -28.75
      vertex 119.888 208.978 -28.75
      vertex 119.888 206.022 -28.75
    endloop
  endfacet
  facet normal 0 0 -1
    outer loop
      vertex 119.746 206.089 -28.75
      vertex 119.746 208.911 -28.75
      vertex 119.888 208.978 -28.75
    endloop
  endfacet
  facet normal 0 0 -1
    outer loop
      vertex 119.611 206.17 -28.75
      vertex 119.746 208.911 -28.75
      vertex 119.746 206.089 -28.75
    endloop
  endfacet
  facet normal 0 0 -1
    outer loop
      vertex 119.611 206.17 -28.75
      vertex 119.611 208.83 -28.75
      vertex 119.746 208.911 -28.75
    endloop
  endfacet
  facet normal 0 0 -1
    outer loop
      vertex 119.485 206.263 -28.75
      vertex 119.611 208.83 -28.75
      vertex 119.611 206.17 -28.75
    endloop
  endfacet
  facet normal 0 0 -1
    outer loop
      vertex 119.485 206.263 -28.75
      vertex 119.485 208.737 -28.75
      vertex 119.611 208.83 -28.75
    endloop
  endfacet
  facet normal 0 0 -1
    outer loop
      vertex 119.369 206.369 -28.75
      vertex 119.485 208.737 -28.75
      vertex 119.485 206.263 -28.75
    endloop
  endfacet
  facet normal 0 0 -1
    outer loop
      vertex 119.369 206.369 -28.75
      vertex 119.369 208.631 -28.75
      vertex 119.485 208.737 -28.75
    endloop
  endfacet
  facet normal 0 0 -1
    outer loop
      vertex 119.263 206.485 -28.75
      vertex 119.369 208.631 -28.75
      vertex 119.369 206.369 -28.75
    endloop
  endfacet
  facet normal 0 0 -1
    outer loop
      vertex 119.263 206.485 -28.75
      vertex 119.263 208.515 -28.75
      vertex 119.369 208.631 -28.75
    endloop
  endfacet
  facet normal 0 0 -1
    outer loop
      vertex 119.17 206.611 -28.75
      vertex 119.263 208.515 -28.75
      vertex 119.263 206.485 -28.75
    endloop
  endfacet
  facet normal 0 0 -1
    outer loop
      vertex 119.17 206.611 -28.75
      vertex 119.17 208.389 -28.75
      vertex 119.263 208.515 -28.75
    endloop
  endfacet
  facet normal 0 0 -1
    outer loop
      vertex 119.089 206.746 -28.75
      vertex 119.17 208.389 -28.75
      vertex 119.17 206.611 -28.75
    endloop
  endfacet
  facet normal 0 0 -1
    outer loop
      vertex 119.089 206.746 -28.75
      vertex 119.089 208.254 -28.75
      vertex 119.17 208.389 -28.75
    endloop
  endfacet
  facet normal 0 0 -1
    outer loop
      vertex 119.022 206.888 -28.75
      vertex 119.089 208.254 -28.75
      vertex 119.089 206.746 -28.75
    endloop
  endfacet
  facet normal 0 0 -1
    outer loop
      vertex 119.022 206.888 -28.75
      vertex 119.022 208.112 -28.75
      vertex 119.089 208.254 -28.75
    endloop
  endfacet
  facet normal 0 0 -1
    outer loop
      vertex 118.969 207.036 -28.75
      vertex 119.022 208.112 -28.75
      vertex 119.022 206.888 -28.75
    endloop
  endfacet
  facet normal 0 0 -1
    outer loop
      vertex 118.969 207.036 -28.75
      vertex 118.969 207.964 -28.75
      vertex 119.022 208.112 -28.75
    endloop
  endfacet
  facet normal 0 0 -1
    outer loop
      vertex 118.931 207.188 -28.75
      vertex 118.969 207.964 -28.75
      vertex 118.969 207.036 -28.75
    endloop
  endfacet
  facet normal 0 0 -1
    outer loop
      vertex 118.931 207.188 -28.75
      vertex 118.931 207.812 -28.75
      vertex 118.969 207.964 -28.75
    endloop
  endfacet
  facet normal 0 0 -1
    outer loop
      vertex 118.908 207.343 -28.75
      vertex 118.931 207.812 -28.75
      vertex 118.931 207.188 -28.75
    endloop
  endfacet
  facet normal 0 0 -1
    outer loop
      vertex 118.908 207.343 -28.75
      vertex 118.908 207.657 -28.75
      vertex 118.931 207.812 -28.75
    endloop
  endfacet
  facet normal 0 -0 -1
    outer loop
      vertex 118.908 207.657 -28.75
      vertex 118.908 207.343 -28.75
      vertex 118.9 207.5 -28.75
    endloop
  endfacet
  facet normal 0.941454 0.337142 0
    outer loop
      vertex 122.031 207.964 -27
      vertex 121.978 208.112 -28.75
      vertex 121.978 208.112 -27
    endloop
  endfacet
  facet normal 0.941454 0.337142 0
    outer loop
      vertex 121.978 208.112 -28.75
      vertex 122.031 207.964 -27
      vertex 122.031 207.964 -28.75
    endloop
  endfacet
  facet normal -0.941454 -0.337142 0
    outer loop
      vertex 119.022 206.888 -28.75
      vertex 118.969 207.036 -27
      vertex 118.969 207.036 -28.75
    endloop
  endfacet
  facet normal -0.941454 -0.337142 0
    outer loop
      vertex 118.969 207.036 -27
      vertex 119.022 206.888 -28.75
      vertex 119.022 206.888 -27
    endloop
  endfacet
  facet normal 0.857493 -0.514496 0
    outer loop
      vertex 121.83 206.611 -27
      vertex 121.911 206.746 -28.75
      vertex 121.911 206.746 -27
    endloop
  endfacet
  facet normal 0.857493 -0.514496 0
    outer loop
      vertex 121.911 206.746 -28.75
      vertex 121.83 206.611 -27
      vertex 121.83 206.611 -28.75
    endloop
  endfacet
  facet normal 0.998704 -0.0508894 0
    outer loop
      vertex 122.092 207.343 -27
      vertex 122.1 207.5 -28.75
      vertex 122.1 207.5 -27
    endloop
  endfacet
  facet normal 0.998704 -0.0508894 0
    outer loop
      vertex 122.1 207.5 -28.75
      vertex 122.092 207.343 -27
      vertex 122.092 207.343 -28.75
    endloop
  endfacet
  facet normal 0.14678 -0.989169 0
    outer loop
      vertex 120.657 205.908 -28.75
      vertex 120.812 205.931 -27
      vertex 120.657 205.908 -27
    endloop
  endfacet
  facet normal 0.14678 -0.989169 0
    outer loop
      vertex 120.812 205.931 -27
      vertex 120.657 205.908 -28.75
      vertex 120.812 205.931 -28.75
    endloop
  endfacet
  facet normal 0.804574 0.593852 0
    outer loop
      vertex 121.83 208.389 -27
      vertex 121.737 208.515 -28.75
      vertex 121.737 208.515 -27
    endloop
  endfacet
  facet normal 0.804574 0.593852 0
    outer loop
      vertex 121.737 208.515 -28.75
      vertex 121.83 208.389 -27
      vertex 121.83 208.389 -28.75
    endloop
  endfacet
endsolid OpenSCAD_Model
